time,open,high,low,close,Reversal Support,Reversal Robust Fit,Reversal Resistance,Fast Trackline,Slow Trackline,F_net,Primary (STRF/LQD),Credit (STRC x0.5),Friction (STABLE x0.4),Self (MSTR x0.3),Multiplier,dF_net (ROC),dF_net_5bar (momentum),Into Bear,Into Bull,Into Strong Bear,Bounce Exhaustion
1394458200,12.986,13.1,12.3,12.569,11.546019483029056,13.058705851764719,14.571392220500382,12.348857605154944,11.005778960989492,-0.15977103577451454,0,0,0,-0.15977103577451454,1,-0.3397710357745145,-0.26611210079731645,0,0,0,0
1395063000,12.655,12.946,12.345,12.435,11.628570365236328,13.153945837647065,14.679321310057801,12.348857605154944,11.005778960989492,-0.055167362981011166,0,0,0,-0.055167362981011166,1,0.10460367279350338,-0.35516736298101104,0,0,0,0
1395667800,12.424,12.46,11.266,11.35,11.644072612139965,13.168677588235294,13.168677588235294,12.348857605154944,11.005778960989492,-0.3,0,0,0,-0.3,1,-0.24483263701898883,-0.5999999999999999,0,1,0,0
1396272600,11.391,11.846,11.116,11.166,11.624630136755787,13.138143416470578,13.138143416470578,12.348857605154944,11.005778960989492,-0.3,0,0,0,-0.3,1,0,-0.47999999999999987,0,0,0,0
1396877400,11.14,11.417,9.968,10.054,11.515582102018444,13.025324616470582,13.025324616470582,11.797548773346076,11.005778960989492,-0.3,0,0,0,-0.3,1,0,-0.47999999999999987,0,0,0,0
1397482200,10.142,10.5,9.879,10.45,11.427125295732994,12.916308131764698,12.916308131764698,11.14226671810707,11.005778960989492,-0.18,0,0,0,-0.18,1,0.12,-0.02022896422548537,0,1,0,0
1398087000,10.444,12.689,10.141,12.08,11.462804875919767,12.944952823529402,14.427100771139036,11.14226671810707,11.005778960989492,0.3,0,0,0,0.3,1,0.48,0.35516736298101126,0,0,0,0
1398691800,11.974,12.355,11.40875,11.902,11.485100840279014,12.958635162352941,14.432169484426868,11.14226671810707,11.005778960989492,0.18,0,0,0,0.18,1,-0.12,0.4800000000000001,0,0,0,0
1399296600,11.845,12.2,11.5228,12.142,11.513067105567222,12.971364559999989,14.429662014432756,11.14226671810707,11.005778960989492,0.18,0,0,0,0.18,1,0,0.4800000000000001,0,0,0,0
1399901400,12.187,13.163,12.10547,13.163,11.593984891990322,13.052825722352933,14.511666552715544,11.32932523645096,11.005778960989492,0.3,0,0,0,0.3,1,0.12,0.6000000000000001,0,0,0,0
1400506200,13.171,14.353,13.1665,14.262,11.717100597218325,13.203093983529403,14.68908736984048,12.88273961714394,11.005778960989492,0.18,0,0,0,0.18,1,-0.12,0.3600000000000001,0,0,0,0
1401197400,14.377,14.613,13.85847,14.112,11.830653760592373,13.334185736470591,14.837717712348809,13.29140107306223,11.005778960989492,0.18,0,0,0,0.18,1,0,-0.11999999999999988,0,0,0,0
1401715800,14.113,14.415,13.76,14.304,11.944844461031288,13.44169866588235,14.938552870733414,13.29140107306223,11.005778960989492,0.18,0,0,0,0.18,1,0,1.1102230246251565e-16,0,0,0,0
1402320600,14.294,14.478,13.924,14.328,12.055208203696269,13.548006929411759,15.040805655127249,13.29140107306223,11.005778960989492,0.3,0,0,0,0.3,1,0.12,0.1200000000000001,0,0,0,0
1402925400,14.384,14.499,14.1,14.46,12.166696993930172,13.662432842352944,15.158168690775716,13.38208864167552,11.005778960989492,0.18,0,0,0,0.18,1,-0.12,-0.11999999999999988,0,0,0,0
1403530200,14.42,14.485,13.775,14.075,12.261701484287864,13.76593640470589,15.270171325123917,13.38208864167552,11.005778960989492,0,0,0,0,0,1,-0.18,-0.17999999999999988,0,0,0,0
1404135000,14.053,14.449,13.911,14.36,12.363905749336196,13.877682282352943,15.39145881536969,13.38208864167552,11.931234172785885,0.20632488368402543,0,0,0,0.20632488368402543,1,0.20632488368402543,0.026324883684025552,0,0,0,0
1404739800,14.348,14.348,13.565,14.055,12.446707537347853,13.957126983529413,15.467546429710973,13.38208864167552,11.931234172785885,-0.03741139828974897,0,0,0,-0.03741139828974897,1,-0.2437362819737744,-0.21741139828974884,0,0,0,0
1405344600,14.189,14.452,13.836,13.955,12.517499660636995,14.009567018823535,15.501634377010076,13.38208864167552,11.931234172785885,0.026678007136852356,0,0,0,0.026678007136852356,1,0.06408940542660133,-0.2733219928631475,0,0,0,0
1405949400,13.876,14.169,13.617,13.865,12.581454347553086,14.061559997647063,15.54166564774104,13.38208864167552,11.931234172785885,0,0,0,0,0,1,-0.026678007136852356,-0.17999999999999988,0,0,0,0
1406554200,13.892,15.586,13.693,14.021,12.647071558179672,14.104258821176474,15.561446084173276,13.38208864167552,11.931234172785885,-0.3,0,0,0,-0.3,1,-0.3,-0.29999999999999993,0,1,0,0
1407159000,14.036,14.661,13.883,14.286,12.721839702786921,14.152364743529425,15.582889784271929,13.38208864167552,11.931234172785885,-0.08507654996397286,0,0,0,-0.08507654996397286,1,0.21492345003602714,-0.2914014336479982,0,1,0,0
1407763800,14.144,14.148,13.302,13.486,12.748613812872765,14.113955334117652,15.479296855362538,13.38208864167552,11.931234172785885,-0.3,0,0,0,-0.3,1,-0.21492345003602714,-0.262588601710251,0,1,0,0
1408368600,13.6,13.99499,13.525,13.674,12.784150388592813,14.086374120000006,15.388597851407198,13.38208864167552,11.931234172785885,-0.18,0,0,0,-0.18,1,0.12,-0.20667800713685233,0,1,0,0
1408973400,13.762,14.005,13.526,13.893,12.829604342634354,14.11668000235295,15.403755662071546,13.38208864167552,11.931234172785885,-0.15970031940330937,0,0,0,-0.15970031940330937,1,0.020299680596690628,-0.15970031940330934,0,0,0,0
1409664600,13.968,14.251,13.594,13.821,12.86904300571105,14.143207061176478,15.417371116641904,13.38208864167552,11.931234172785885,-0.3,0,0,0,-0.3,1,-0.14029968059669062,0,0,1,0,0
1410183000,13.769,14.345,13.769,13.926,12.907536038941068,14.152028237647052,15.396520436353036,13.38208864167552,11.931234172785885,-0.06044080509035006,0,0,0,-0.06044080509035006,1,0.23955919490964994,0.024635744873622772,0,1,0,0
1410787800,13.82,14.067,13.511,13.729,12.930964959164124,14.144136472941186,15.357307986718249,13.38208864167552,11.931234172785885,-0.23723968097606146,0,0,0,-0.23723968097606146,1,-0.17679887588571142,0.0627603190239385,0,1,0,0
1411392600,13.674,13.674,12.948,13.122,12.91060597666747,14.069767061176469,14.069767061176469,13.38208864167552,11.931234172785885,-0.3,0,0,0,-0.3,1,-0.06276031902393853,-0.12000000000000005,0,0,0,0
1411997400,13.025,13.779,12.746,13.679,12.929844953802792,14.022270550588255,15.114696147373717,13.38208864167552,11.931234172785885,-0.01303729896884214,0,0,0,-0.01303729896884214,1,0.28696270103115784,0.14666302043446716,0,1,0,0
1412602200,13.679,14.822,13.353,14.756,13.008016125008975,14.050025882352948,15.09203563969692,13.38208864167552,11.931234172785885,0.3,0,0,0,0.3,1,0.31303729896884214,0.5999999999999999,0,0,0,0
1413207000,14.647,14.976,14.269,14.53,13.079891703934727,14.137258823529434,15.19462594312414,13.54464385239077,11.931234172785885,0.18,0,0,0,0.18,1,-0.12,0.24044080509034998,0,0,0,0
1413811800,14.502,15.853,14.415,15.75,13.202996247305338,14.321604705882354,15.44021316445937,13.682747862934285,11.931234172785885,0.3,0,0,0,0.3,1,0.12,0.5372396809760613,0,0,0,0
1414416600,15.649,16.573,14.904,16.088,13.343930492488578,14.535367058823528,15.726803625158478,14.080114228754564,11.931234172785885,0.18,0,0,0,0.18,1,-0.12,0.4799999999999999,0,0,0,0
1415025000,16.057,16.26,15.51,15.744,13.471634420632048,14.713042352941184,15.954450285250319,14.897891783843523,11.931234172785885,0.10684615882766829,0,0,0,0.10684615882766829,1,-0.0731538411723317,0.11988345779651038,0,0,0,0
1415629800,15.751,16.896,15.64,16.675,13.636738615160134,14.966557647058822,16.29637667895751,14.897891783843523,11.931234172785885,0.3,0,0,0,0.3,1,0.1931538411723317,-5.551115123125783e-17,0,0,0,0
1416234600,16.62,17.081,16.346,16.578,13.79081697446875,15.19273647058824,16.59465596670773,15.593629717783081,11.931234172785885,0.18,0,0,0,0.18,1,-0.12,-5.551115123125783e-17,0,0,0,0
1416839400,16.7,17.696,16.7,17.174,13.955858121939395,15.44640941176472,16.936960701590042,15.652477595084289,13.566430725880938,0.3,0,0,0,0.3,1,0.12,-5.551115123125783e-17,0,0,0,0
1417444200,17.094,17.444,16.7,16.976,14.109453717007653,15.666040000000008,17.222626282992362,15.959514909721126,13.566430725880938,0.18,0,0,0,0.18,1,-0.12,-1.1102230246251565e-16,0,0,0,0
1418049000,16.918,17.107,15.727,15.824,14.215665516556758,15.794618823529415,17.373572130502072,15.959514909721126,13.566430725880938,-0.29611930959616056,0,0,0,-0.29611930959616056,1,-0.47611930959616056,-0.40296546842382897,0,1,0,0
1418653800,15.943,17.04,15.28201,16.406,14.341639307702454,15.954698823529423,17.56775833935639,15.959514909721126,13.566430725880938,0.16649900914988877,0,0,0,0.16649900914988877,1,0.4626183187460493,-0.13350099085011136,0,1,0,0
1419258600,16.422,16.864,16.196,16.378,14.4610596217435,16.102244705882377,17.743429790021256,15.959514909721126,13.566430725880938,0.22611102095903124,0,0,0,0.22611102095903124,1,0.05961201180914247,0.04611102095903111,0,0,0,0
1419863400,16.333,16.479,15.865,16.312,14.571875270384368,16.234527058823527,17.897178847262687,15.959514909721126,13.566430725880938,0,0,0,0,0,1,-0.22611102095903124,-0.30000000000000016,0,0,0,0
1420468200,16.175,16.42,15.508,15.962,14.65252926126797,16.31493647058824,17.97734367990851,15.959514909721126,13.566430725880938,-0.04279093551146647,0,0,0,-0.04279093551146647,1,-0.04279093551146647,-0.22279093551146661,0,0,0,0
1421073000,16.002,16.2475,15.001,15.789,14.729926704908266,16.39870352941177,18.067480353915272,15.959514909721126,13.566430725880938,-0.3,0,0,0,-0.3,1,-0.25720906448853353,-0.0038806904038394263,0,1,0,0
1421764200,15.835,16.719,15.537,16.521,14.837904423051008,16.525014117647068,18.212123812243128,15.959514909721126,13.566430725880938,0.17943872607349,0,0,0,0.17943872607349,1,0.47943872607349003,0.012939716923601297,0,1,0,0
1422282600,16.465,16.841,15.25,16.16,14.935228225010873,16.638202352941185,18.3411764808715,15.959514909721126,13.566430725880938,-0.021122630814031127,0,0,0,-0.021122630814031127,1,-0.20056135688752114,-0.2472336517730623,0,0,0,0
1422887400,16.342,17.736,15.979,17.516,15.097949523011343,16.857044705882366,18.61613988875339,15.959514909721126,13.566430725880938,0.3,0,0,0,0.3,1,0.32112263081403114,0.30000000000000004,0,0,0,0
1423492200,17.498,18.224,17.25401,18.124,15.272913078941315,17.10104705882354,18.929181038705764,16.494733182338827,13.566430725880938,0.18,0,0,0,0.18,1,-0.12,0.2227909355114665,0,0,0,0
1424183400,18.203,18.2615,17.68,17.955,15.442592156382466,17.32858588235295,19.214579608323433,16.78297438360034,13.566430725880938,0.3,0,0,0,0.3,1,0.12,0.6000000000000001,0,0,0,0
1424701800,17.843,18.173,17.477,17.834,15.589672252579973,17.512710588235304,19.435748923890635,16.873176891981924,14.004638482055546,0.18,0,0,0,0.18,1,-0.12,0.0005612739265100086,0,0,0,0
1425306600,17.86,18.218,15.975,16.172,15.639398930398885,17.550037647058826,19.46067636371877,16.873176891981924,14.004638482055546,-0.3,0,0,0,-0.3,1,-0.48,-0.27887736918596884,0,1,0,0
1425907800,16.2,16.5506,15.91,16.426,15.688422976696845,17.554894117647056,19.421365258597266,16.873176891981924,14.004638482055546,-0.18,0,0,0,-0.18,1,0.12,-0.48,0,1,0,0
1426512600,16.486,17.6475,16.32447,17.476,15.789796479430153,17.621976470588233,19.454156461746315,16.873176891981924,14.004638482055546,0.3,0,0,0,0.3,1,0.48,0.12,0,0,0,0
1427117400,17.487,17.7535,16.272,17.013,15.87306518258898,17.593781176470593,19.314497170352205,16.873176891981924,14.004638482055546,0.008292032343952094,0,0,0,0.008292032343952094,1,-0.2917079676560479,-0.2917079676560479,0,0,0,0
1427722200,17.168,17.168,16.591,16.952,15.948048459006273,17.56031529411765,19.172582129229028,16.873176891981924,14.004638482055546,0.04436985037048336,0,0,0,0.04436985037048336,1,0.03607781802653127,-0.13563014962951664,0,0,0,0
1428327000,16.891,17.69,16.883,17.599,16.040359797379292,17.626988235294128,19.213616673208964,16.873176891981924,14.004638482055546,0.3,0,0,0,0.3,1,0.25563014962951663,0.6,0,0,0,0
1428931800,17.557,17.70301,16.633,17.065,16.100725065185486,17.632091764705883,19.16345846422628,16.873176891981924,14.004638482055546,0,0,0,0,0,1,-0.3,0.18,0,0,0,0
1429536600,17.203,17.808,17,17.509,16.180235265214257,17.669122352941194,19.15800944066813,16.873176891981924,14.004638482055546,0.3,0,0,0,0.3,1,0.3,0,0,0,0,0
1430141400,17.637,19.78917,16.901,18.268,16.291598823529398,17.793298823529405,19.29499882352941,16.873176891981924,14.507094507486672,0.3,0,0,0,0.3,1,0,0.2917079676560479,0,0,0,0
1430746200,18.282,18.654,17.507,18.084,16.405402564184914,17.935136470588247,19.46487037699158,16.884137887913436,14.507094507486672,0.18,0,0,0,0.18,1,-0.12,0.13563014962951664,0,0,0,0
1431351000,18.027,18.41743,17.504,17.88,16.501553538944012,18.046141176470584,19.590728813997156,16.884137887913436,14.507094507486672,0.18,0,0,0,0.18,1,0,-0.12,0,0,0,0
1431955800,18.028,18.0465,17.271,17.53,16.577774731370965,18.12878352941176,19.679792327452553,16.884137887913436,14.507094507486672,0.1235606529720916,0,0,0,0.1235606529720916,1,-0.0564393470279084,0.1235606529720916,0,0,0,0
1432647000,17.316,17.904,17.02,17.598,16.65338111875759,18.210075294117654,19.76676946947772,16.884137887913436,14.929659185523336,0.05604141419433243,0,0,0,0.05604141419433243,1,-0.06751923877775917,-0.24395858580566757,0,0,0,0
1433165400,17.761,18.117,17.437,18.043,16.75055244324547,18.323505882352944,19.896459321460416,16.884137887913436,14.929659185523336,0.3,0,0,0,0.3,1,0.24395858580566757,0,0,0,0,0
1433770200,17.959,18.282,17.47501,17.875,16.826879698827273,18.400061176470583,19.973242654113893,16.884137887913436,14.929659185523336,0.3,0,0,0,0.3,1,0,0.12,0,0,0,0
1434375000,17.735,17.905,17.293,17.769,16.896704429922206,18.47084470588235,20.044984981842493,16.884137887913436,14.929659185523336,0.10389035258767411,0,0,0,0.10389035258767411,1,-0.1961096474123259,-0.0761096474123259,0,0,0,0
1434979800,17.77,17.9835,17,17.386,16.93408957801873,18.491668235294117,20.049246892569503,16.884137887913436,14.929659185523336,0,0,0,0,0,1,-0.10389035258767411,-0.12356065297209161,0,0,0,0
1435584600,17.211,17.358,16.71775,17.257,16.957421267809018,18.49063764705883,20.02385402630864,16.884137887913436,14.929659185523336,-0.235304906511272,0,0,0,-0.235304906511272,1,-0.235304906511272,-0.29134632070560446,0,1,0,0
1436189400,17.087,17.7,16.863,17.57,16.99509181692318,18.502541176470572,20.009990536017966,16.884137887913436,14.929659185523336,0,0,0,0,0,1,0.235304906511272,-0.30000000000000004,0,1,0,0
1436794200,17.64,18.71,17.597,18.563,17.083830801224632,18.589070588235288,20.094310375245943,16.884137887913436,14.929659185523336,0.3,0,0,0,0.3,1,0.3,0,0,0,0,0
1437399000,18.678,18.73899,17.80525,18.143,17.147849565321376,18.642901176470595,20.137952787619813,17.159727240419357,14.929659185523336,0.04752175767838162,0,0,0,0.04752175767838162,1,-0.25247824232161836,-0.05636859490929247,0,0,0,0
1438003800,18.067,20.78,17.585,20.385,17.296839265844945,18.82974117647059,20.362643087096238,17.159727240419357,14.929659185523336,0.3,0,0,0,0.3,1,0.25247824232161836,0.3,0,0,0,0
1438608600,20.438,22.129,20.307,21.561,17.47150775910461,19.099181176470594,20.726854593836578,19.849943785423225,14.929659185523336,0.18,0,0,0,0.18,1,-0.12,0.415304906511272,0,0,0,0
1439213400,21.621,22.166,21.248,21.88,17.655045312558777,19.38359294117647,21.112140569794164,20.289757651716965,14.929659185523336,0.3,0,0,0,0.3,1,0.12,0.29999999999999993,0,0,0,0
1439818200,21.761,22.6475,20.068,20.4,17.79238963754339,19.531414117647067,21.270438597750744,20.591453533737184,14.929659185523336,-0.2824860807498925,0,0,0,-0.2824860807498925,1,-0.5824860807498925,-0.5824860807498925,0,1,0,0
1440423000,19.502,20.6595,19.301,20.099,17.91178000621595,19.64458352941176,21.377387052607574,20.591453533737184,14.929659185523336,-0.3,0,0,0,-0.3,1,-0.01751391925010748,-0.3475217576783816,0,0,0,0
1441027800,20.099,20.099,19.221,19.543,17.99900482553869,19.692176470588247,21.385348115637804,20.591453533737184,17.03217892878818,-0.18,0,0,0,-0.18,1,0.12,-0.48,0,1,0,0
1441719000,19.749,20.342,19.599,20.114,18.11437022755236,19.746145882352952,21.377921537153544,20.591453533737184,17.03217892878818,-0.13818412783317885,0,0,0,-0.13818412783317885,1,0.041815872166821144,-0.3181841278331788,0,0,0,0
1442237400,20.106,21.321,19.5208,20.668,18.244325698983154,19.848959999999998,21.453594301016842,20.591453533737184,17.03217892878818,0.3,0,0,0,0.3,1,0.43818412783317884,5.551115123125783e-17,0,0,0,0
1442842200,20.801,21.4584,20.345,20.519,18.360606853660432,19.96684,21.57307314633957,20.591453533737184,17.03217892878818,0.09711183939452973,0,0,0,0.09711183939452973,1,-0.20288816060547027,0.37959792014442223,0,0,0,0
1443447000,20.401,20.401,19.199,19.884,18.44158841253657,20.012814117647057,21.584039822757543,20.591453533737184,17.03217892878818,-0.3,0,0,0,-0.3,1,-0.3971118393945297,0,0,1,0,0
1444051800,19.985,20.641,19.537,20.525,18.55481772296193,20.144762352941182,21.734706982920436,20.591453533737184,17.03217892878818,-0.024474391196145272,0,0,0,-0.024474391196145272,1,0.27552560880385474,0.15552560880385474,0,1,0,0
1444656600,20.543,20.977,19.526,20.311,18.657532834033848,20.262378823529403,21.867224813024958,20.591453533737184,17.03217892878818,-0.15536101677813116,0,0,0,-0.15536101677813116,1,-0.13088662558198588,-0.017176888944952284,0,0,0,0
1445261400,20.302,20.479,18.674,18.818,18.662945596671403,20.24037176470588,20.24037176470588,20.591453533737184,17.03217892878818,-0.3,0,0,0,-0.3,1,-0.14463898322186883,-0.6,0,1,0,0
1445866200,18.765,19.704,16.419,17.207,18.55319648917445,20.123282352941153,20.123282352941153,19.253701514544744,17.03217892878818,-0.3,0,0,0,-0.3,1,0,-0.39711183939452954,0,0,0,0
1446474600,17.281,18.168,17.128,17.765,18.487548955727974,20.04438823529411,20.04438823529411,19.253701514544744,17.03217892878818,-0.18,0,0,0,-0.18,1,0.12,0.1200000000000001,0,1,0,0
1447079400,17.786,17.786,16.821,16.887,18.357762823406997,19.918367058823513,19.918367058823513,18.941632007089947,17.03217892878818,-0.3,0,0,0,-0.3,1,-0.12,-0.2755256088038546,0,1,0,0
1447684200,16.888,17.625,16.811,17.321,18.26220210921378,19.81879999999999,19.81879999999999,18.57151543515495,17.03217892878818,-0.18,0,0,0,-0.18,1,0.12,-0.02463898322186875,0,1,0,0
1448289000,17.348,17.78,16.93,17.556,18.165105739032683,19.69058823529412,19.69058823529412,18.57151543515495,17.03217892878818,-0.18,0,0,0,-0.18,1,0,0.12000000000000008,0,0,0,0
1448893800,17.38,17.9,17.136,17.684,18.08389160228388,19.591519999999978,19.591519999999978,18.57151543515495,17.03217892878818,-0.09849196868326808,0,0,0,-0.09849196868326808,1,0.08150803131673191,0.201508031316732,0,0,0,0
1449498600,17.6,17.741,17.054,17.414,17.976752454601105,19.467359999999996,19.467359999999996,18.57151543515495,17.03217892878818,-0.3,0,0,0,-0.3,1,-0.2015080313167319,-0.11999999999999998,0,1,0,0
1450103400,17.392,18.122,17.114,17.574,17.88052606153414,19.35054588235293,19.35054588235293,18.57151543515495,17.03217892878818,-0.12304003827986087,0,0,0,-0.12304003827986087,1,0.17695996172013911,0.17695996172013911,0,1,0,0
1450708200,17.734,17.84,17.454,17.761,17.793922962809383,19.231282352941175,19.231282352941175,18.57151543515495,17.03217892878818,-0.11841108583162639,0,0,0,-0.11841108583162639,1,0.004628952448234483,0.0615889141683736,0,0,0,0
1451313000,17.661,18.18,17.536,17.929,17.717679575687583,19.11391058823528,19.11391058823528,18.57151543515495,17.03217892878818,0.049863465409608176,0,0,0,0.049863465409608176,1,0.16827455124123458,0.22986346540960817,0,0,0,0
1451917800,17.617,17.798,14.10601,14.815,17.3216172412854,18.778990588235295,18.778990588235295,18.57151543515495,17.03217892878818,-0.3,0,0,0,-0.3,1,-0.34986346540960817,-0.2015080313167319,0,1,0,0
1452522600,14.982,15.704,14.295,14.993,16.948726879057183,18.44746588235294,18.44746588235294,16.73316532975233,17.03217892878818,-0.18,0,0,0,-0.18,1,0.12,0.12,0,1,0,1
1453213800,15.121,15.408,14.101,14.991,16.611141446736873,18.17277176470588,18.17277176470588,16.25493923477002,17.03217892878818,-0.3,0,0,0,-0.3,1,-0.12,-0.17695996172013911,0,1,0,0
1453732200,14.921,17.377,14.154,17.251,16.53730507811731,18.10382117647061,18.10382117647061,16.25493923477002,17.03217892878818,0.3,0,0,0,0.3,1,0.6,0.4184110858316264,0,1,0,0
1454337000,17.108,17.616,15.5805,15.646,16.301365278259883,17.90554117647058,17.90554117647058,16.25493923477002,17.03217892878818,-0.25130249407747646,0,0,0,-0.25130249407747646,1,-0.5513024940774764,-0.30116595948708463,0,1,0,0
1454941800,15.453,16.171,14.555,15.19,16.018546942250566,17.67244705882353,17.67244705882353,16.25493923477002,17.03217892878818,-0.3,0,0,0,-0.3,1,-0.04869750592252353,0,0,0,0,0
1455633000,15.371,15.824,14.762,15.325,15.712684021323845,17.38957647058825,17.38957647058825,16.25493923477002,17.03217892878818,-0.18,0,0,0,-0.18,1,0.12,0,0,1,0,0
1456151400,15.532,16,15.027,15.858,15.470847477993042,17.16024470588236,17.16024470588236,16.25493923477002,17.03217892878818,-0.13893348142197218,0,0,0,-0.13893348142197218,1,0.041066518578027816,0.1610665185780278,0,0,0,0
1456756200,15.835,17.283,15.8,16.898,15.360165059983549,17.055002352941184,17.055002352941184,16.25493923477002,17.03217892878818,0.3,0,0,0,0.3,1,0.4389334814219722,0,0,0,0,0
1457361000,16.798,17.111,15.937,17.059,15.250775290933785,16.9451011764706,18.639427062007417,16.25493923477002,17.03217892878818,0.3,0,0,0,0.3,1,0,0.5513024940774764,0,0,0,0
1457962200,16.959,17.558,16.221,17.512,15.178478520085443,16.867825882352925,18.557173244620405,16.25493923477002,17.03217892878818,0.3,0,0,0,0.3,1,0,0.6,0,0,0,0
1458567000,17.484,17.73,16.8535,17.282,15.105859010050928,16.79725411764705,18.488649225243172,16.25493923477002,17.03217892878818,0.10846946756803715,0,0,0,0.10846946756803715,1,-0.19153053243196283,0.28846946756803715,0,0,0,0
1459171800,17.418,18.309,16.848,18.275,15.096438813109785,16.783171764705877,18.46990471630197,16.25493923477002,17.03217892878818,0.3,0,0,0,0.3,1,0.19153053243196283,0.4389334814219722,0,0,0,0
1459776600,18.342,18.665,17.672,17.88,15.067992607859383,16.753331764705884,18.438670921552387,16.659989429895802,17.03217892878818,0.1278122706410942,0,0,0,0.1278122706410942,1,-0.17218772935890578,-0.17218772935890578,0,0,0,0
1460381400,18.212,18.941,17.897,18.617,15.123110052343307,16.810204705882335,18.497299359421362,17.224721857682606,17.03217892878818,0.3,0,0,0,0.3,1,0.17218772935890578,0,0,0,0,0
1460986200,18.632,19.184,18.523,19.18,15.20775051150548,16.90261176470591,18.59747301790634,17.523616724990994,17.03217892878818,0.3,0,0,0,0.3,1,0,0,0,0,0,0
1461591000,19.19,19.24,17.026,17.932,15.192600107642335,16.887376470588237,18.58215283353414,17.523616724990994,17.03217892878818,0.01136077314747412,0,0,0,0.01136077314747412,1,-0.28863922685252585,-0.09710869442056302,0,0,0,0
1462195800,17.982,18.594,17.751,18.257,15.189839236408545,16.883254117647073,18.5766689988856,17.523616724990994,17.03217892878818,-0.03173278563471385,0,0,0,-0.03173278563471385,1,-0.04309355878218797,-0.3317327856347138,0,0,0,0
1462800600,18.244,19.218,18.125,18.215,15.184624666901605,16.87688000000001,18.569135333098416,17.523616724990994,17.03217892878818,0.12862580543634128,0,0,0,0.12862580543634128,1,0.16035859107105513,0.0008135347952470673,0,0,0,0
1463405400,18.26,18.542,17.636,17.928,15.17219843399414,16.864569411764702,18.556940389535264,17.523616724990994,17.03217892878818,-0.1663149261224743,0,0,0,-0.1663149261224743,1,-0.2949407315588156,-0.4663149261224743,0,0,0,0
1464010200,17.96,19.151,17.958,19.093,15.238115273985866,16.936268235294126,18.634421196602386,17.68413825014719,17.03217892878818,0.3,0,0,0,0.3,1,0.46631492612247427,-5.551115123125783e-17,0,0,0,0
1464701400,19.11,19.11,18.382,18.869,15.282542522630546,16.983468235294126,18.684393947957705,17.68413825014719,17.03217892878818,0.18,0,0,0,0.18,1,-0.12,0.1686392268525258,0,0,0,0
1465219800,18.975,19.599,18.669,18.776,15.305409251996705,17.005538823529417,18.70566839506213,17.724593562526742,17.03217892878818,0.10982171021439696,0,0,0,0.10982171021439696,1,-0.07017828978560303,0.14155449584911073,0,0,0,0
1465824600,18.658,19.1005,17.739,17.918,15.256809284948467,16.952557647058843,18.648306009169218,17.724593562526742,17.03217892878818,-0.3,0,0,0,-0.3,1,-0.40982171021439695,-0.4286258054363413,0,1,0,0
1466429400,18.201,18.62499,17.26,17.312,15.165569762722228,16.863487058823534,16.863487058823534,17.724593562526742,17.03217892878818,-0.3,0,0,0,-0.3,1,0,-0.1336850738775257,0,0,0,0
1467034200,17.073,17.696,16.502,17.239,15.10745932463452,16.80907529411764,16.80907529411764,17.724593562526742,17.03217892878818,-0.15579497610937468,0,0,0,-0.15579497610937468,1,0.1442050238906253,-0.4557949761093747,0,1,0,0
1467725400,17.118,17.991,16.80001,17.829,15.084672622288172,16.7867905882353,18.488908554182427,17.724593562526742,17.03217892878818,0.06552572991878862,0,0,0,0.06552572991878862,1,0.22132070602816328,-0.11447427008121139,0,0,0,0
1468243800,18.007,18.80613,17.797,18.721,15.250673314249575,16.92418588235296,18.597698450456342,17.724593562526742,17.03217892878818,0.3,0,0,0,0.3,1,0.23447427008121136,0.19017828978560297,0,0,0,0
1468848600,18.678,19.176,18.225,18.784,15.515632682297417,17.117428235294128,18.71922378829084,17.724593562526742,17.03217892878818,0.18,0,0,0,0.18,1,-0.12,0.4799999999999999,0,0,0,0
1469453400,18.766,18.766,16.1895,17.489,15.723604900463338,17.229411764705873,17.229411764705873,17.724593562526742,17.03217892878818,-0.3,0,0,0,-0.3,1,-0.48,-5.551115123125783e-17,0,1,0,0
1470058200,17.432,17.432,16.294,16.632,15.751093333498813,17.225983529411756,17.225983529411756,17.724593562526742,17.03217892878818,-0.18,0,0,0,-0.18,1,0.12,-0.02420502389062537,0,1,0,0
1470663000,16.611,16.708,16.321,16.543,15.761384149872642,17.212470588235327,17.212470588235327,17.639121624681458,17.03217892878818,-0.18,0,0,0,-0.18,1,0,-0.24552572991878868,0,0,0,0
1471267800,16.543,16.76,16.318,16.664,15.756808493709338,17.19447999999999,17.19447999999999,17.524803849852894,17.03217892878818,-0.15792476995203183,0,0,0,-0.15792476995203183,1,0.02207523004796816,-0.4579247699520319,0,0,0,0
1471872600,16.66,17.1815,16.404,16.747,15.809292834306842,17.2125482352941,17.2125482352941,17.524803849852894,17.03217892878818,-0.0828364413875483,0,0,0,-0.0828364413875483,1,0.07508832856448354,-0.2628364413875484,0,0,0,0
1472477400,16.73,17.126,16.509,16.978,15.939373028390726,17.27863529411765,17.27863529411765,17.524803849852894,17.03217892878818,-0.05265850085892317,0,0,0,-0.05265850085892317,1,0.030177940528625123,0.2473414991410767,0,0,0,0
1473168600,16.949,17.367,16.75,17.07,16.080356563422775,17.35458823529411,17.35458823529411,17.524803849852894,17.03217892878818,0.14733792903022266,0,0,0,0.14733792903022266,1,0.19999642988914584,0.32733792903022263,0,0,0,0
1473687000,17.088,17.289,16.402,16.484,16.13088940259993,17.36775529411766,17.36775529411766,17.524803849852894,17.03217892878818,-0.19232512536018478,0,0,0,-0.19232512536018478,1,-0.33966305439040745,-0.012325125360184819,0,1,0,0
1474291800,16.614,17.231,16.358,17.178,16.311266210884234,17.468449411764723,17.468449411764723,17.524803849852894,17.03217892878818,0.09325370680625346,0,0,0,0.09325370680625346,1,0.28557883216643826,0.2511784767582853,0,1,0,0
1474896600,17.094,17.1705,16.452,16.744,16.452109049785665,17.534760000000016,17.534760000000016,17.524803849852894,17.03217892878818,-0.1545512921814079,0,0,0,-0.1545512921814079,1,-0.24780499898766134,-0.07171485079385959,0,0,0,0
1475501400,16.697,17.427,16.272,17.298,16.531417472820355,17.592759999999995,17.592759999999995,17.524803849852894,17.03217892878818,0.16426164519112904,0,0,0,0.16426164519112904,1,0.3188129373725369,0.2169201460500522,0,0,0,0
1476106200,17.422,17.8,17.007,17.22,16.522516588216384,17.58384,17.58384,17.524803849852894,17.03217892878818,0.22288122545944009,0,0,0,0.22288122545944009,1,0.058619580268311045,0.0755432964292174,0,0,0,0
1476711000,17.25,17.425,16.667,16.861,16.508528365588724,17.569334117647067,17.569334117647067,17.524803849852894,17.03217892878818,-0.11799508868100053,0,0,0,-0.11799508868100053,1,-0.3408763141404406,0.07433003667918425,0,0,0,0
1477315800,16.984,19.901,16.9035,19.147,16.608249411000372,17.699336470588225,18.790423530176078,17.524803849852894,17.03217892878818,0.3,0,0,0,0.3,1,0.41799508868100055,0.20674629319374654,0,0,0,0
1477920600,19.277,19.679,18.654,19.016,16.714547969070498,17.831209411764707,18.947870854458916,18.013516746695895,17.03217892878818,0.15311902287662968,0,0,0,0.15311902287662968,1,-0.1468809771233703,0.30767031505803755,0,0,0,0
1478529000,19.298,19.8115,18.644,19.675,16.85683364658282,18.019663529411762,19.182493412240703,18.013516746695895,17.03217892878818,0.3,0,0,0,0.3,1,0.1468809771233703,0.13573835480887095,0,0,0,0
1479133800,19.879,19.914,19.075,19.668,17.00261312186948,18.207708235294135,19.41280334871879,18.220759217380056,17.03217892878818,0.3,0,0,0,0.3,1,0,0.0771187745405599,0,0,0,0
1479738600,19.6,19.9695,19.539,19.785,17.140181109546024,18.389369411764715,19.638557713983406,18.741340855802196,17.03217892878818,0.17616663175063565,0,0,0,0.17616663175063565,1,-0.12383336824936433,0.29416172043163624,0,0,0,0
1480343400,19.727,19.927,18.502,19.194,17.254010747572462,18.525962352941168,19.797913958309874,18.741340855802196,17.03217892878818,-0.049389119547072716,0,0,0,-0.049389119547072716,1,-0.22555575129770838,-0.3493891195470727,0,0,0,0
1480948200,19.278,20.5135,19.256,20.097,17.414278536855637,18.73633882352943,20.058399110203222,18.741340855802196,17.03217892878818,0.3,0,0,0,0.3,1,0.3493891195470727,0.1468809771233703,0,0,0,0
1481553000,20.072,20.56,19.624,20.04,17.577409881374685,18.943512941176483,20.30961600097828,18.84339876683332,17.03217892878818,0.18,0,0,0,0.18,1,-0.12,-0.12,0,0,0,0
1482157800,20.08,20.72799,19.536,20.122,17.676115178455447,19.027527058823523,20.3789389391916,19.009442426345228,17.03217892878818,0.07315039031982865,0,0,0,0.07315039031982865,1,-0.10684960968017135,-0.22684960968017134,0,0,0,0
1482849000,20.065,20.698,19.59,19.74,17.75282678366031,19.076512941176475,20.40019909869264,19.009442426345228,17.03217892878818,0.07127132948182661,0,0,0,0.07127132948182661,1,-0.0018790608380020307,-0.10489530226880904,0,0,0,0
1483453800,19.855,20.274,19.702,19.917,17.83440855274256,19.127992941176473,20.421577329610386,19.009442426345228,17.03217892878818,0.16748253780595418,0,0,0,0.16748253780595418,1,0.09621120832412756,0.2168716573530269,0,0,0,0
1483972200,19.969,20.422,19.667,20.38,17.958702972362598,19.29423294117648,20.629762909990365,19.009442426345228,17.03217892878818,0.3,0,0,0,0.3,1,0.1325174621940458,2.7755575615628914e-17,0,0,0,0
1484663400,20.249,20.409,19.787,20.155,18.043376748343643,19.371439999999986,20.699503251656328,19.080272242999435,17.03217892878818,0.13948130696316685,0,0,0,0.13948130696316685,1,-0.16051869303683314,-0.040518693036833114,0,0,0,0
1485181800,20.192,20.596,19.9,19.958,18.11502138539207,19.40450117647061,20.69398096754915,19.139808719729103,17.03217892878818,0.258063641371903,0,0,0,0.258063641371903,1,0.11858233440873617,0.1849132510520744,0,0,0,0
1485786600,19.858,20.249,19.002,19.548,18.160999789282084,19.39990823529412,20.638816681306157,19.139808719729103,17.470697650326223,-0.20140526739103232,0,0,0,-0.20140526739103232,1,-0.45946890876293534,-0.2726765968728589,0,1,0,0
1486391400,19.431,19.463,18.56,18.935,18.16418666421462,19.3591011764706,19.3591011764706,19.139808719729103,17.470697650326223,-0.3,0,0,0,-0.3,1,-0.09859473260896767,-0.4674825378059541,0,0,0,0
1486996200,19.055,19.525,18.78774,19.287,18.194247833709817,19.379985882352948,20.56572393099608,19.139808719729103,17.470697650326223,-0.035482787961369236,0,0,0,-0.035482787961369236,1,0.26451721203863077,-0.3354827879613692,0,1,0,0
1487687400,19.308,19.722,19.152,19.433,18.23221288716703,19.413025882352958,20.593838877538886,19.139808719729103,17.470697650326223,-0.025729839643710624,0,0,0,-0.025729839643710624,1,0.009752948317658612,-0.16521114660687747,0,0,0,0
1488205800,19.353,19.57,18.71,19,18.247986732476985,19.42497882352943,19.42497882352943,19.139808719729103,17.470697650326223,-0.27741575365231336,0,0,0,-0.27741575365231336,1,-0.25168591400860274,-0.5354793950242164,0,1,0,0
1488810600,18.9,19.191,18.543,18.697,18.234506115420476,19.40070352941177,19.40070352941177,19.139808719729103,17.470697650326223,-0.3,0,0,0,-0.3,1,-0.022584246347686632,-0.09859473260896767,0,0,0,0
1489411800,18.61,19.3,18.61,19.186,18.280366865701097,19.450788235294127,20.621209604887156,19.139808719729103,17.470697650326223,-0.07007347800438782,0,0,0,-0.07007347800438782,1,0.22992652199561217,0.2299265219956122,0,1,0,0
1490016600,19.161,19.401,18.362,18.614,18.270970945323977,19.43851529411766,19.43851529411766,19.139808719729103,17.470697650326223,-0.28730919843977454,0,0,0,-0.28730919843977454,1,-0.21723572043538672,-0.25182641047840526,0,1,0,0
1490621400,18.35,18.941,18.222,18.78,18.298744573021576,19.46688470588236,19.46688470588236,19.139808719729103,17.470697650326223,-0.15177114162981145,0,0,0,-0.15177114162981145,1,0.1355380568099631,-0.1260413019861008,0,1,0,0
1491226200,18.79,19.40999,18.103,18.28,18.31432113548947,19.478567058823554,19.478567058823554,19.139808719729103,17.470697650326223,-0.3,0,0,0,-0.3,1,-0.14822885837018854,-0.022584246347686604,0,1,0,0
1491831000,18.348,18.717,18.155,18.161,18.27063222613533,19.433207058823534,19.433207058823534,19.139808719729103,17.470697650326223,-0.18,0,0,0,-0.18,1,0.12,0.12000000000000002,0,1,0,0
1492435800,18.26553,19.144,18.185,18.759,18.283909882774115,19.446741176470585,19.446741176470585,19.139808719729103,17.470697650326223,-0.023359663978045907,0,0,0,-0.023359663978045907,1,0.1566403360219541,0.04671381402634195,0,0,0,0
1493040600,19.046,19.458,18.154,19.017,18.312897484782198,19.477447058823525,20.641996632864853,19.139808719729103,17.470697650326223,-0.11131586521848622,0,0,0,-0.11131586521848622,1,-0.0879562012404403,0.17599333322128835,0,0,0,0
1493645400,19.044,19.457,18.27801,19.095,18.336283359158585,19.500842352941167,20.665401346723748,19.139808719729103,17.470697650326223,0.01945651309458029,0,0,0,0.01945651309458029,1,0.1307723783130665,0.17122765472439175,0,0,0,0
1494250200,19.086,19.39,18.385,18.531,18.362589802991113,19.52429882352939,19.52429882352939,19.139808719729103,17.470697650326223,-0.10835088498510159,0,0,0,-0.10835088498510159,1,-0.1278073980796819,0.1916491150148984,0,0,0,0
1494855000,18.505,18.919,18.2955,18.378,18.367517633274243,19.528237647058816,19.528237647058816,19.139808719729103,17.470697650326223,-0.20623998692992054,0,0,0,-0.20623998692992054,1,-0.09788910194481895,-0.02623998692992055,0,1,0,0
1495459800,18.408,18.613,18,18.077,18.344699460716054,19.506239999999988,19.506239999999988,19.139808719729103,17.470697650326223,-0.3,0,0,0,-0.3,1,-0.09376001307007945,-0.2766403360219541,0,0,0,0
1496151000,18.042,18.95,18.0001,18.832,18.35056848754904,19.510190588235282,20.669812688921525,19.061981787375586,17.470697650326223,0,0,0,0,0,1,0.3,0.11131586521848619,0,1,0,0
1496669400,18.821,18.821,17.867,18.079,18.280533554639312,19.42928235294117,19.42928235294117,19.061981787375586,17.470697650326223,-0.3,0,0,0,-0.3,1,-0.3,-0.31945651309458034,0,1,0,0
1497274200,18.028,18.488,17.75,18.26,18.22294041316242,19.357703529411765,19.357703529411765,19.061981787375586,17.470697650326223,-0.16789441278655912,0,0,0,-0.16789441278655912,1,0.13210558721344087,-0.059543527801457524,0,1,0,0
1497879000,18.297,18.777,18.09634,18.495,18.19535053933341,19.32556941176471,19.32556941176471,19.05110417876488,17.470697650326223,-0.06045989630493878,0,0,0,-0.06045989630493878,1,0.10743451648162033,0.14578009062498176,0,0,0,0
1498483800,18.56,19.34699,18.411,19.167,18.246477511548033,19.379727058823526,20.51297660609902,19.05110417876488,17.470697650326223,0.20695681877203634,0,0,0,0.20695681877203634,1,0.2674167150769751,0.5069568187720364,0,0,0,0
1499088600,19.204,19.2245,18.18,18.499,18.250642028645107,19.38348705882355,19.38348705882355,19.05110417876488,17.470697650326223,-0.1987006116179249,0,0,0,-0.1987006116179249,1,-0.40565743038996127,-0.19870061161792496,0,1,0,0
1499693400,18.468,19.449,18.229,18.473,18.211498986721967,19.334098823529423,19.334098823529423,19.05110417876488,17.470697650326223,-0.04392057361405489,0,0,0,-0.04392057361405489,1,0.15478003800387002,0.25607942638594505,0,1,0,0
1500298200,18.472,19.116,18.416,18.848,18.18911856189454,19.27723294117648,20.36534732045842,19.05110417876488,17.470697650326223,0.09668660378404556,0,0,0,0.09668660378404556,1,0.14060717739810044,0.2645810165706046,0,0,0,0
1500903000,18.781,19.635,13.521,13.999,17.60121594590997,18.835082352941193,18.835082352941193,19.05110417876488,17.470697650326223,-0.3,0,0,0,-0.3,1,-0.3966866037840455,-0.23954010369506124,0,1,0,0
1501507800,13.99,14.071,13.226,13.573,16.97586237450195,18.370680000000004,18.370680000000004,15.11030477926562,17.470697650326223,-0.18,0,0,0,-0.18,1,0.12,-0.38695681877203636,0,1,0,1
1502112600,13.556,13.563,12.607,12.901,16.281472577227408,17.864691764705885,17.864691764705885,14.259056161713723,17.470697650326223,-0.18,0,0,0,-0.18,1,0,0.01870061161792491,0,0,0,0
1502717400,12.905,13.249,12.515,12.593,15.581469181962749,17.353077647058836,17.353077647058836,13.86124230270214,17.470697650326223,-0.18,0,0,0,-0.18,1,0,-0.1360794263859451,0,0,0,0
1503322200,12.56,12.816,12.336,12.576,14.91413641400219,16.854141176470606,16.854141176470606,13.693189281080558,17.470697650326223,-0.18,0,0,0,-0.18,1,0,-0.2766866037840455,0,0,0,0
1503927000,12.578,13.012,12.506,12.85,14.294823748759981,16.363614117647085,16.363614117647085,13.505104332431948,16.003010898040205,-0.10486324185931183,0,0,0,-0.10486324185931183,1,0.07513675814068817,0.19513675814068815,0,0,0,0
1504618200,12.816,13.0395,12.70829,12.825,13.710602927449754,15.90745647058825,15.90745647058825,13.505104332431948,16.003010898040205,-0.1747720697655197,0,0,0,-0.1747720697655197,1,-0.06990882790620788,0.005227930234480288,0,0,0,0
1505136600,12.892,13.346,12.601,12.681,13.115817452508285,15.43299999999999,15.43299999999999,13.505104332431948,16.003010898040205,-0.2637403827847787,0,0,0,-0.2637403827847787,1,-0.08896831301925898,-0.08374038278477869,0,1,0,0
1505741400,12.671,12.733,12.31537,12.476,12.532384015328756,14.974345882352926,14.974345882352926,13.307866020400395,16.003010898040205,-0.29139542197738105,0,0,0,-0.29139542197738105,1,-0.02765503919260237,-0.11139542197738106,0,0,0,0
1506346200,12.479,12.851,12.2905,12.771,12.002166924759548,14.54682352941177,14.54682352941177,13.307866020400395,15.460545833894477,-0.032088329674392436,0,0,0,-0.032088329674392436,1,0.2593070923029886,0.14791167032560756,0,1,0,0
1506951000,12.8,13.195,12.8,13.136,11.518600141956059,14.14375058823532,14.14375058823532,13.307866020400395,15.460545833894477,0.3,0,0,0,0.3,1,0.33208832967439245,0.40486324185931183,0,0,0,0
1507555800,13.185,13.6015,13.0735,13.5,11.185527454259992,13.869145882352958,13.869145882352958,13.307866020400395,15.460545833894477,0.1734030072708367,0,0,0,0.1734030072708367,1,-0.12659699272916328,0.3481750770363564,0,0,0,0
1508160600,13.499,13.855,13.4801,13.7,10.88620269223313,13.618117647058828,13.618117647058828,13.307866020400395,15.460545833894477,0.171154897279944,0,0,0,0.171154897279944,1,-0.0022481099908926994,0.43489528006472267,0,0,0,0
1508765400,13.727,14.337,13.51,14.086,10.679636017802427,13.435929411764706,13.435929411764706,13.307866020400395,15.460545833894477,0.3,0,0,0,0.3,1,0.12884510272005598,0.591395421977381,0,0,0,0
1509370200,14.032,14.128,12.968,13.368,10.416338420506676,13.21086117647059,13.21086117647059,13.307866020400395,15.460545833894477,-0.042430123868441215,0,0,0,-0.042430123868441215,1,-0.3424301238684412,-0.010341794194048737,0,0,0,0
1509978600,13.332,13.599,13.21,13.35,10.178905436705277,13.003898823529413,13.003898823529413,13.307866020400395,15.460545833894477,-0.042430123868441215,0,0,0,-0.042430123868441215,1,0,-0.3424301238684412,0,0,0,0
1510583400,13.265,13.457,13.087,13.376,9.931675580138585,12.790456470588246,12.790456470588246,13.307866020400395,15.460545833894477,-0.12825693420771547,0,0,0,-0.12825693420771547,1,-0.08582681033927425,-0.30165994147855213,0,0,0,0
1511188200,13.4,13.812,13.379,13.743,9.79349662033445,12.65531999999998,12.65531999999998,13.307866020400395,15.460545833894477,0.20438764734101014,0,0,0,0.20438764734101014,1,0.3326445815487256,0.033232750061066185,0,0,0,0
1511793000,13.744,13.85,13.342,13.5,9.648072987584468,12.513985882352948,12.513985882352948,13.307866020400395,15.460545833894477,0.05937988683128084,0,0,0,0.05937988683128084,1,-0.1450077605097293,-0.24062011316871912,0,0,0,0
1512397800,13.616,13.88,13.107,13.625,9.541664373204412,12.401025882352938,12.401025882352938,13.307866020400395,15.460545833894477,0.12791131163587907,0,0,0,0.12791131163587907,1,0.06853142480459823,0.1703414355043203,0,0,0,0
1513002600,13.63697,13.63697,12.975,13.265,9.396371007856965,12.260119999999995,12.260119999999995,13.307866020400395,15.460545833894477,-0.21527134610401183,0,0,0,-0.21527134610401183,1,-0.3431826577398909,-0.17284122223557058,0,1,0,0
1513607400,13.287,13.648,13.15,13.193,9.276303613996525,12.135938823529413,12.135938823529413,13.307866020400395,15.460545833894477,-0.07163452156598497,0,0,0,-0.07163452156598497,1,0.14363682453802684,0.05662241264173051,0,1,0,0
1514298600,13.20275,13.296,13.0505,13.13,9.203320110476158,12.04120705882352,12.04120705882352,13.307866020400395,15.460545833894477,-0.2200574212468495,0,0,0,-0.2200574212468495,1,-0.14842289968086453,-0.4244450685878596,0,1,0,0
1514903400,13.164,13.589,13.055,13.501,9.175594585269693,11.983341176470574,11.983341176470574,13.307866020400395,15.460545833894477,-0.0111584381423355,0,0,0,-0.0111584381423355,1,0.208898983104514,-0.07053832497361628,0,1,0,0
1515421800,13.477,13.98,13.395,13.975,9.201112597989821,11.970056470588228,11.970056470588228,13.307866020400395,15.460545833894477,0.3,0,0,0,0.3,1,0.3111584381423355,0.172088688364121,0,0,0,0
1516113000,13.996,14.215,13.788,14.098,9.22971841069721,11.964000000000002,11.964000000000002,13.313911245161712,15.460545833894477,0.3,0,0,0,0.3,1,0,0.5152713461040119,0,0,0,0
1516631400,14.065,14.098,13.2,13.779,9.206691152617639,11.92147764705881,11.92147764705881,13.338131870507304,15.460545833894477,0.1254994868559087,0,0,0,0.1254994868559087,1,-0.1745005131440913,0.19713400842189374,0,0,0,0
1517236200,13.712,13.985,13.48211,13.577,9.204249868704432,11.889482352941162,11.889482352941162,13.338131870507304,15.460545833894477,0.08068580414463633,0,0,0,0.08068580414463633,1,-0.04481368271127237,0.3007432253914859,0,0,0,0
1517841000,13.5,13.5565,12.85,13.062,9.181847121965225,11.836774117647053,11.836774117647053,13.338131870507304,15.460545833894477,-0.3,0,0,0,-0.3,1,-0.3806858041446363,-0.2888415618576644,0,1,0,0
1518445800,13.119,13.914,12.942,13.755,9.21566811909754,11.835545882352939,11.835545882352939,13.338131870507304,15.460545833894477,0.16190270557023106,0,0,0,0.16190270557023106,1,0.46190270557023105,-0.13809729442976887,0,1,0,0
1519137000,13.724,13.971,13.60499,13.798,9.250084339933984,11.837877647058818,11.837877647058818,13.338131870507304,15.460545833894477,0.1761650387681283,0,0,0,0.1761650387681283,1,0.014262333197897242,-0.12383496123187157,0,0,0,0
1519655400,13.819,13.8555,12.216,12.543,9.216270595774837,11.773849411764699,11.773849411764699,13.338131870507304,15.460545833894477,-0.3,0,0,0,-0.3,1,-0.4761650387681283,-0.4254994868559086,0,1,0,0
1520260200,12.484,13.693,12.484,13.627,9.266774265497327,11.786741176470581,11.786741176470581,13.338131870507304,15.460545833894477,0.3,0,0,0,0.3,1,0.6,0.21931419585536377,0,1,0,0
1520861400,13.658,13.67,13.103,13.176,9.304312946435143,11.782988235294116,11.782988235294116,13.338131870507304,15.460545833894477,0.129145726924405,0,0,0,0.129145726924405,1,-0.17085427307559498,0.4291457269244051,0,0,0,0
1521466200,13.154,13.273,12.775,12.977,9.307578600644485,11.756969411764711,11.756969411764711,13.338131870507304,15.460545833894477,-0.1073000680069252,0,0,0,-0.1073000680069252,1,-0.23644579493133022,-0.2692027735771561,0,0,0,0
1522071000,13.083,13.3145,12.5945,12.899,9.312940227988515,11.732611764705876,11.732611764705876,13.338131870507304,15.460545833894477,-0.16957778703566112,0,0,0,-0.16957778703566112,1,-0.062277719028735926,-0.3457428258037893,0,0,0,0
1522675800,12.871,13.241,12.3,12.587,9.349348971862218,11.720329411764697,11.720329411764697,13.338131870507304,15.460545833894477,-0.3,0,0,0,-0.3,1,-0.13042221296433887,0,0,1,0,0
1523280600,12.657,13.09,12.532,13.018,9.467887828957428,11.766355294117645,11.766355294117645,13.338131870507304,15.460545833894477,-0.09567303935648942,0,0,0,-0.09567303935648942,1,0.20432696064351058,-0.3956730393564894,0,1,0,0
1523885400,13.074,13.624,12.798,13.155,9.62806557586315,11.84025411764706,11.84025411764706,13.338131870507304,15.460545833894477,0.14509973537126444,0,0,0,0.14509973537126444,1,0.24077277472775388,0.015954008446859458,0,0,0,0
1524490200,13.238,13.4065,12.362,12.669,9.721873332143737,11.867832941176482,11.867832941176482,13.338131870507304,15.460545833894477,-0.3,0,0,0,-0.3,1,-0.44509973537126446,-0.19269993199307478,0,1,0,0
1525095000,12.677,13.40917,12.584,13.02,9.857645186640443,11.930338823529418,11.930338823529418,13.338131870507304,15.37819281646692,-0.04571798384295069,0,0,0,-0.04571798384295069,1,0.2542820161570493,0.1238598031927105,0,1,0,0
1525699800,13.041,13.235,12.862,12.928,9.981807569279432,11.986268235294123,11.986268235294123,13.338131870507304,15.37819281646692,-0.024493731478532694,0,0,0,-0.024493731478532694,1,0.021224252364417998,0.27550626852146737,0,0,0,0
1526304600,12.958,13.15,12.649,13.08,10.204843829252255,12.096315294117645,12.096315294117645,13.338131870507304,15.37819281646692,-0.06380948828179321,0,0,0,-0.06380948828179321,1,-0.03931575680326052,0.03186355107469621,0,0,0,0
1526909400,13.088,13.205,12.845,13.072,10.386618467864144,12.189155294117647,12.189155294117647,13.338131870507304,15.37819281646692,-0.026087981678924475,0,0,0,-0.026087981678924475,1,0.037721506602868736,-0.17118771705018893,0,0,0,0
1527600600,13.032,13.5289,12.89775,13.042,10.604677214578214,12.298687058823534,12.298687058823534,13.338131870507304,15.222714758147854,-0.008559833886277513,0,0,0,-0.008559833886277513,1,0.017528147792646963,0.2914401661137225,0,0,0,0
1528119000,13.108,13.3665,12.925,12.996,10.868953477690438,12.426324705882344,12.426324705882344,13.338131870507304,15.222714758147854,0.027056277134867645,0,0,0,0.027056277134867645,1,0.03561611102114516,0.07277426097781832,0,0,0,0
1528723800,13.015,13.529,12.907,13.474,11.285890057964124,12.630896470588233,13.975902883212342,13.338131870507304,15.222714758147854,0.3,0,0,0,0.3,1,0.27294372286513235,0.32449373147853267,0,0,0,0
1529328600,13.428,13.699,12.93607,13.115,11.648464704316853,12.794268235294119,12.794268235294119,13.338131870507304,15.222714758147854,0.07005432179111154,0,0,0,0.07005432179111154,1,-0.22994567820888845,0.13386381007290474,0,0,0,0
1529933400,13.069,13.242,12.4,12.775,12.046094578009306,12.94286823529412,12.94286823529412,13.338131870507304,15.222714758147854,-0.3,0,0,0,-0.3,1,-0.37005432179111153,-0.27391201832107553,0,1,0,0
1530538200,12.7,13.586,12.6,13.488,12.744689512235404,13.175237647058823,13.605785781882243,13.338131870507304,15.222714758147854,0.3,0,0,0,0.3,1,0.6,0.3085598338862775,0,1,0,0
1531143000,13.454,13.722,13.31,13.583,12.814189049170887,13.233635294117654,13.653081539064422,13.338131870507304,15.222714758147854,0.13528397856296095,0,0,0,0.13528397856296095,1,-0.16471602143703903,0.10822770142809329,0,0,0,0
1531747800,13.601,13.781,13.396,13.529,12.853029064843035,13.271778823529415,13.690528582215794,13.338131870507304,15.222714758147854,0.2888269855547089,0,0,0,0.2888269855547089,1,0.15354300699174797,-0.01117301444529109,0,0,0,0
1532352600,13.509,13.85,12.848,12.916,12.817020990780726,13.235548235294115,13.235548235294115,13.338131870507304,15.222714758147854,-0.18224088461177193,0,0,0,-0.18224088461177193,1,-0.4710678701664809,-0.25229520640288355,0,0,0,0
1532957400,12.929,13.749,12.632,13.489,12.821016943892058,13.23145411764705,13.641891291402043,13.338131870507304,15.222714758147854,0.19030318409794567,0,0,0,0.19030318409794567,1,0.37254406870971757,0.49030318409794554,0,0,0,0
1533562200,13.447,14.26,13.42,14.146,12.856951328595224,13.275585882352946,13.694220436110667,13.338131870507304,15.222714758147854,0.3,0,0,0,0.3,1,0.10969681590205432,-1.1102230246251565e-16,0,0,0,0
1534167000,14.121,14.381,13.851,13.953,12.886983425649804,13.31199764705883,13.737011868467855,13.377124371208263,15.222714758147854,0.17025340706501493,0,0,0,0.17025340706501493,1,-0.12974659293498506,0.034969428502053895,0,0,0,0
1534771800,14.008,15.008,13.871,14.967,12.943259118615499,13.423548235294122,13.903837351972745,13.377124371208263,15.222714758147854,0.3,0,0,0,0.3,1,0.12974659293498506,0.01117301444529098,0,0,0,0
1535376600,14.967,14.967,14.652,14.9,13.000172562486089,13.519096470588236,14.038020378690383,14.107352858434602,15.222714758147854,0.18,0,0,0,0.18,1,-0.12,0.36224088461177184,0,0,0,0
1536067800,14.849,14.849,14.2,14.454,13.042551475641568,13.566592941176484,14.0906344067114,14.107352858434602,15.222714758147854,0.09512433158761947,0,0,0,0.09512433158761947,1,-0.08487566841238052,-0.09517885251032625,0,0,0,0
1536586200,14.487,14.9865,14.374,14.913,13.10084402305466,13.65687529411767,14.21290656518068,14.107352858434602,15.222714758147854,0.2905117269706712,0,0,0,0.2905117269706712,1,0.19538739538305172,-0.009488273029328864,0,0,0,0
1537191000,14.913,15.1225,14.537,14.812,13.163644555348831,13.748875294117653,14.334106032886474,14.107352858434602,15.222714758147854,0.3,0,0,0,0.3,1,0.009488273029328809,0.129746592934985,0,0,0,0
1537795800,14.752,14.8755,13.916,14.062,13.202640153847891,13.793256470588243,14.383872787328595,14.107352858434602,15.222714758147854,-0.2628472064868673,0,0,0,-0.2628472064868673,1,-0.5628472064868673,-0.5628472064868673,0,1,0,0
1538400600,14.123,14.196,12.9525,13.12,13.178807672613898,13.771171764705889,13.771171764705889,14.107352858434602,15.222714758147854,-0.3,0,0,0,-0.3,1,-0.037152793513132665,-0.4799999999999999,0,0,0,0
1539005400,13.094,13.2305,12.6075,12.728,13.139764219797533,13.735454117647068,13.735454117647068,13.584826516738195,15.222714758147854,-0.3,0,0,0,-0.3,1,0,-0.3951243315876194,0,0,0,0
1539610200,12.696,13.196,12.55801,12.648,13.061506716937478,13.66800000000001,13.66800000000001,13.584826516738195,15.222714758147854,-0.18,0,0,0,-0.18,1,0.12,-0.4705117269706711,0,1,0,0
1540215000,12.686,12.8985,12.067,12.249,12.941194122749359,13.570538823529427,13.570538823529427,13.347594036907367,15.222714758147854,-0.3,0,0,0,-0.3,1,-0.12,-0.5999999999999999,0,1,0,0
1540819800,12.386,12.746,12.026,12.673,12.871451602683456,13.509630588235302,13.509630588235302,13.300624450190536,15.222714758147854,-0.17512424583879638,0,0,0,-0.17512424583879638,1,0.12487575416120361,0.087722960648071,0,1,0,0
1541428200,12.709,13.018,12.4395,12.828,12.83545158859471,13.477091764705884,13.477091764705884,13.300624450190536,15.222714758147854,0,0,0,0,0,1,0.17512424583879638,0.30000000000000004,0,0,0,0
1542033000,12.822,12.9,12.458,12.708,12.779019263661539,13.427668235294117,13.427668235294117,13.300624450190536,15.222714758147854,-0.12413501181688233,0,0,0,-0.12413501181688233,1,-0.12413501181688233,0.17586498818311774,0,0,0,0
1542637800,12.668,12.668,12.245,12.435,12.702917129568727,13.363910588235312,13.363910588235312,13.300624450190536,15.222714758147854,-0.3,0,0,0,-0.3,1,-0.17586498818311766,-0.11999999999999993,0,1,0,0
1543242600,12.57,12.97799,12.463,12.964,12.666450490191037,13.329628235294122,13.329628235294122,13.173188347534872,14.62168553094917,0.038503646562133814,0,0,0,0.038503646562133814,1,0.33850364656213383,0.3385036465621339,0,1,0,0
1543847400,13.15,13.357,12.526,12.758,12.609140456667118,13.277178823529415,13.277178823529415,13.173188347534872,14.62168553094917,-0.026769273944806198,0,0,0,-0.026769273944806198,1,-0.06527292050694002,0.14835497189399027,0,0,0,0
1544452200,12.683,12.985,12.55,12.692,12.544485557231654,13.218108235294121,13.218108235294121,13.173188347534872,14.62168553094917,-0.07780016369723447,0,0,0,-0.07780016369723447,1,-0.05103088975242827,-0.07780016369723437,0,0,0,0
1545057000,12.669,12.669,11.627,11.658,12.381845082595328,13.0946211764706,13.0946211764706,13.098962658800815,14.62168553094917,-0.3,0,0,0,-0.3,1,-0.22219983630276552,-0.17586498818311758,0,1,0,0
1545661800,11.607,12.827,11.55,12.688,12.363329183763407,13.074407058823539,13.074407058823539,12.692929611743613,14.62168553094917,0.11890162562751022,0,0,0,0.11890162562751022,1,0.4189016256275102,0.4189016256275103,0,1,0,0
1546266600,12.709,13.102,12.563,13.04,12.387617849294855,13.08947294117647,13.08947294117647,12.692929611743613,14.62168553094917,0.3,0,0,0,0.3,1,0.18109837437248977,0.26149635343786626,0,0,0,0
1546871400,13.039,13.4108,12.972,13.386,12.42305120681187,13.12113411764706,13.81921702848225,12.692929611743613,14.62168553094917,0.18,0,0,0,0.18,1,-0.12,0.20676927394480626,0,0,0,0
1547476200,13.324,13.7655,12.752,13.632,12.466089165523677,13.164741176470592,13.863393187417508,12.706453744100074,14.62168553094917,0.3,0,0,0,0.3,1,0.12,0.37780016369723457,0,0,0,0
1548167400,13.573,13.98899,13.52401,13.94,12.506664448842816,13.211534117647048,13.91640378645128,12.706453744100074,14.62168553094917,0.18,0,0,0,0.18,1,-0.12,0.4800000000000001,0,0,0,0
1548685800,13.822,14.023,12.535,12.804,12.491652564504264,13.195774117647037,13.195774117647037,12.754814707923025,14.62168553094917,-0.3,0,0,0,-0.3,1,-0.48,-0.4189016256275102,0,1,0,0
1549290600,12.7,13.284,12.7,13.078,12.505287727433414,13.205247058823533,13.205247058823533,12.754814707923025,14.62168553094917,-0.15049026899252396,0,0,0,-0.15049026899252396,1,0.14950973100747603,-0.450490268992524,0,1,0,0
1549895400,13.287,14.3,13.287,14.106,12.54246826788623,13.246035294117654,13.949602320349078,12.754814707923025,14.62168553094917,0.3,0,0,0,0.3,1,0.450490268992524,0.12,0,0,0,0
1550586600,14.078,14.545,14.024,14.541,12.63583133071805,13.360282352941173,14.084733375164296,13.400177893901459,14.62168553094917,0.3,0,0,0,0.3,1,0,2.7755575615628914e-17,0,0,0,0
1551105000,14.634,14.7445,13.967,14.174,12.690789786385487,13.42584235294118,14.160894919496872,13.400177893901459,14.62168553094917,0.06595551042867995,0,0,0,0.06595551042867995,1,-0.23404448957132004,-0.11404448957131999,0,0,0,0
1551709800,14.235,14.235,13.551,13.812,12.715919268266955,13.452985882352936,14.190052496438916,13.400177893901459,14.62168553094917,-0.28086600431636055,0,0,0,-0.28086600431636055,1,-0.3468215147450405,0.019133995683639493,0,1,0,0
1552311000,13.827,14.991,13.74909,14.833,12.789817557403486,13.554322352941194,14.318827148478901,13.88980475549688,14.62168553094917,0.3,0,0,0,0.3,1,0.5808660043163605,0.450490268992524,0,1,0,0
1552915800,14.82,15.05,14.361,14.383,12.833831580438035,13.603687058823532,14.373542537209028,13.901604415818532,14.62168553094917,0.050049765169103345,0,0,0,0.050049765169103345,1,-0.24995023483089665,-0.24995023483089665,0,0,0,0
1553520600,14.333,14.75,14.176,14.425,12.887907384384633,13.669327058823535,14.450746733262438,13.901604415818532,14.62168553094917,0,0,0,0,0,1,-0.050049765169103345,-0.3,0,0,0,0
1554125400,14.524,14.867,14.297,14.652,12.95547348000464,13.75476235294116,14.55405122587768,13.901604415818532,14.62168553094917,0.1462848450784511,0,0,0,0.1462848450784511,1,0.1462848450784511,0.0803293346497711,0,0,0,0
1554730200,14.611,15.093,14.3675,15.065,13.02659934344932,13.84930352941176,14.6720077153742,13.901604415818532,14.62168553094917,0.3,0,0,0,0.3,1,0.15371515492154889,0.5808660043163605,0,0,0,0
1555335000,15.035,15.2375,14.358,14.648,13.084476984202684,13.919868235294114,14.755259486385544,13.984442785280878,14.62168553094917,0.10509832511184936,0,0,0,0.10509832511184936,1,-0.19490167488815063,-0.19490167488815063,0,0,0,0
1555939800,14.583,15.081,14.401,14.942,13.15187401073697,14.005750588235276,14.859627165733583,13.984442785280878,14.62168553094917,0.2893828268605462,0,0,0,0.2893828268605462,1,0.18428450174869687,0.2393330616914429,0,0,0,0
1556544600,14.973,15.198,13.967,14.103,13.173622253343535,14.027828235294107,14.88203421724468,14.095930411538662,14.62168553094917,-0.2748813026402854,0,0,0,-0.2748813026402854,1,-0.5642641295008316,-0.2748813026402854,0,1,0,0
1557149400,13.962,14.212,13.55001,13.926,13.181181472536197,14.03343529411764,14.03343529411764,14.095930411538662,14.62168553094917,-0.3,0,0,0,-0.3,1,-0.025118697359714615,-0.4462848450784511,0,0,0,0
1557754200,13.709,13.856,13.482,13.684,13.16854037297873,14.017042352941164,14.017042352941164,14.095930411538662,14.62168553094917,-0.17609636906508253,0,0,0,-0.17609636906508253,1,0.12390363093491746,-0.4760963690650825,0,1,0,0
1558359000,13.596,13.914,13.3,13.408,13.131455018675537,13.97586823529412,13.97586823529412,14.095930411538662,14.62168553094917,-0.3,0,0,0,-0.3,1,-0.12390363093491746,-0.40509832511184934,0,1,0,0
1559050200,13.405,13.64132,13.161,13.291,13.098299338821617,13.943759999999985,13.943759999999985,14.095930411538662,14.62168553094917,-0.3,0,0,0,-0.3,1,0,-0.5893828268605462,0,0,0,0
1559568600,13.307,13.726,13.026,13.714,13.088143763561487,13.930567058823524,13.930567058823524,14.095930411538662,14.62168553094917,0.01597175235529166,0,0,0,0.01597175235529166,1,0.3159717523552916,0.290853054995577,0,1,0,0
1560173400,13.83,14.101,13.097,13.365,13.040869985670636,13.875265882352924,13.875265882352924,14.095930411538662,14.62168553094917,-0.22777660537076724,0,0,0,-0.22777660537076724,1,-0.2437483577260589,0.07222339462923269,0,1,0,0
1560778200,13.433,14.9885,13.433,14.672,13.10229653381175,13.948581176470572,14.794865819129395,14.095930411538662,14.62168553094917,0.3,0,0,0,0.3,1,0.5277766053707672,0.47609636906508246,0,1,0,0
1561383000,14.685,14.746,13.872,14.331,13.145220435394132,13.99643294117646,14.847645446958788,14.095930411538662,14.62168553094917,-0.18437832193540973,0,0,0,-0.18437832193540973,1,-0.48437832193540975,0.11562167806459017,0,0,0,0
1561987800,14.3,14.431,13.756,14.024,13.164307368837243,14.016527058823515,14.868746748809787,14.095930411538662,14.62168553094917,-0.23259762615215765,0,0,0,-0.23259762615215765,1,-0.048219304216747916,0.06740237384784226,0,1,0,0
1562592600,13.92,13.92,12.05,12.302,13.009590724809321,13.877228235294107,13.877228235294107,13.395532445258763,14.62168553094917,-0.3,0,0,0,-0.3,1,-0.06740237384784234,-0.31597175235529174,0,0,0,0
1563197400,12.297,12.5,12.086,12.175,12.85979217222167,13.75243294117647,13.75243294117647,13.15185155631171,14.62168553094917,-0.3,0,0,0,-0.3,1,0,-0.07222339462923277,0,0,0,0
1563802200,12.183,12.384,12.053,12.332,12.760483191307497,13.669199999999986,13.669199999999986,12.919724046003463,14.62168553094917,-0.1635607397126921,0,0,0,-0.1635607397126921,1,0.13643926028730788,-0.46356073971269207,0,1,0,0
1564407000,12.313,14.072,12.113,13.43,12.75993906536075,13.667771764705877,13.667771764705877,12.919724046003463,14.62168553094917,0.3,0,0,0,0.3,1,0.46356073971269207,0.48437832193540975,0,0,0,0
1565011800,13.246,14.356,13.061,14.07,12.86832081744969,13.757828235294122,14.647335653138553,12.919724046003463,14.62168553094917,0.18,0,0,0,0.18,1,-0.12,0.41259762615215767,0,0,0,0
1565616600,13.959,14.2,13.55301,13.733,12.951183585667355,13.821148235294112,14.69111288492087,12.919724046003463,14.62168553094917,0.14095658307768136,0,0,0,0.14095658307768136,1,-0.039043416922318636,0.4409565830776814,0,0,0,0
1566221400,13.882,14.29,13.671,13.811,13.013943600289355,13.875430588235297,14.736917576181238,13.007423103026563,14.62168553094917,0.09959382655480802,0,0,0,0.09959382655480802,1,-0.04136275652287334,0.399593826554808,0,0,0,0
1566826200,13.917,14.381,13.687,14.329,13.142971739767798,13.989807058823533,14.836642377879269,13.072928595667522,14.62168553094917,0.3,0,0,0,0.3,1,0.20040617344519196,0.46356073971269207,0,0,0,0
1567517400,14.248,14.483,13.592,13.989,13.245266689597056,14.075117647058827,14.904968604520597,13.072928595667522,14.62168553094917,0.12257056302764624,0,0,0,0.12257056302764624,1,-0.17742943697235375,-0.17742943697235375,0,0,0,0
1568035800,13.978,15,13.793,14.578,13.338510181157325,14.17809882352941,15.017687465901496,13.612527754603814,14.62168553094917,0.28947644662661404,0,0,0,0.28947644662661404,1,0.1669058835989678,0.10947644662661404,0,0,0,0
1568640600,14.484,15.346,14.429,14.905,13.408771054676002,14.267576470588235,15.126381886500468,13.733820057846398,14.62168553094917,0.3,0,0,0,0.3,1,0.010523553373385952,0.1590434169223186,0,0,0,0
1569245400,14.864,15.226,14.48,14.703,13.457067620970324,14.321489411764706,15.185911202559087,14.037797196571654,14.62168553094917,0.18,0,0,0,0.18,1,-0.12,0.08040617344519195,0,0,0,0
1569850200,14.716,14.99,14.258,14.659,13.498756758543024,14.364138823529423,15.229520888515822,14.037797196571654,14.62168553094917,0.05544703865838602,0,0,0,0.05544703865838602,1,-0.12455296134161398,-0.24455296134161397,0,0,0,0
1570455000,14.673,14.815,14.31,14.415,13.519093089241212,14.367150588235294,15.215208087229376,14.037797196571654,14.62168553094917,0,0,0,0,0,1,-0.05544703865838602,-0.12257056302764624,0,0,0,0
1571059800,14.394,14.5,13.958,14.315,13.534715283978631,14.374261176470583,15.213807068962534,14.037797196571654,14.62168553094917,-0.18798152864186463,0,0,0,-0.18798152864186463,1,-0.18798152864186463,-0.47745797526847866,0,0,0,0
1571664600,14.385,14.661,14.195,14.577,13.566345748253754,14.404051764705883,15.241757781158013,14.037797196571654,14.62168553094917,0.08517773834512776,0,0,0,0.08517773834512776,1,0.2731592669869924,-0.21482226165487223,0,0,0,0
1572269400,14.6,15.485,14.525,15.369,13.633120454531532,14.486423529411756,15.339726604291979,14.037797196571654,14.62168553094917,0.3,0,0,0,0.3,1,0.21482226165487223,0.12000000000000001,0,0,0,0
1572877800,15.499,15.70742,15.226,15.613,13.704327106604635,14.570560000000011,15.436792893395387,14.73457394767671,14.62168553094917,0.18,0,0,0,0.18,1,-0.12,0.12455296134161399,0,0,0,0
1573482600,15.557,15.85,15.4825,15.64,13.780210322325477,14.670475294117638,15.5607402659098,14.951846924272266,14.62168553094917,0.1502082625974192,0,0,0,0.1502082625974192,1,-0.029791737402580787,0.15020826259741923,0,0,0,0
1574087400,15.611,15.89,14.87,15.16,13.828287260521407,14.71858352941177,15.608879798302134,14.951846924272266,14.62168553094917,-0.17656294527638378,0,0,0,-0.17656294527638378,1,-0.326771207873803,0.01141858336548085,0,0,0,0
1574692200,15.2,15.335,14.9,15.033,13.86581341186388,14.748538823529419,15.631264235194958,14.951846924272266,14.62168553094917,-0.17656294527638378,0,0,0,-0.17656294527638378,1,0,-0.26174068362151154,0,0,0,0
1575297000,15.072,15.2265,14.728,15.16,13.91238360930703,14.74148705882353,15.57059050834003,14.951846924272266,14.62168553094917,-0.17963138655478791,0,0,0,-0.17963138655478791,1,-0.003068441278404138,-0.4796313865547879,0,0,0,0
1575901800,15.126,15.287,14.502,14.535,13.912634338440055,14.718865882352938,15.525097426265821,14.951846924272266,14.62168553094917,-0.2708855173061443,0,0,0,-0.2708855173061443,1,-0.09125413075135638,-0.4508855173061443,0,1,0,0
1576506600,14.575,14.77,14.463,14.52,13.912322013963907,14.704814117647052,15.497306221330197,14.951846924272266,14.62168553094917,-0.12788949438134903,0,0,0,-0.12788949438134903,1,0.14299602292479527,-0.27809775697876826,0,1,0,0
1577111400,14.555,14.555,14.375,14.476,13.912000360014979,14.697703529411772,14.697703529411772,14.951846924272266,14.62168553094917,-0.09454708500080507,0,0,0,-0.09454708500080507,1,0.03334240938054396,0.08201586027557868,0,0,0,0
1577716200,14.508,14.508,14.121,14.357,13.906631969062513,14.688628235294123,14.688628235294123,14.951846924272266,14.62168553094917,-0.20001216016314502,0,0,0,-0.20001216016314502,1,-0.10546507516233995,-0.02344921488676127,0,1,0,0
1578321000,14.325,14.547,14.2075,14.239,13.899893173769243,14.681004705882353,14.681004705882353,14.951846924272266,14.62168553094917,-0.09704487848235266,0,0,0,-0.09704487848235266,1,0.10296728168079236,0.08258650807243523,0,1,0,0
1578925800,14.252,14.796,14.252,14.674,13.90361970942891,14.661014117647067,15.418408525865225,14.951846924272266,14.62168553094917,0.0803462913190084,0,0,0,0.0803462913190084,1,0.17739116980136105,0.35123180862515263,0,0,0,0
1579617000,14.629,14.757,14.278,14.316,13.880955372966591,14.61978588235295,14.61978588235295,14.951846924272266,14.62168553094917,-0.123297894913938,0,0,0,-0.123297894913938,1,-0.2036441862329464,0.004591599467410973,0,0,0,0
1580135400,14.152,16.5,14.125,15.203,13.935805178036475,14.685637647058831,15.435470116081188,14.951846924272266,14.62168553094917,0.3,0,0,0,0.3,1,0.423297894913938,0.394547085000805,0,0,0,0
1580740200,15.245,15.6085,14.901,15.266,14.00977659505368,14.771200000000007,15.532623404946335,14.951846924272266,14.62168553094917,0.16135367637307801,0,0,0,0.16135367637307801,1,-0.13864632362692197,0.36136583653622295,0,0,0,0
1581345000,15.306,15.357,14.693,14.884,14.04528945603791,14.81071529411765,15.576141132197389,14.951846924272266,14.62168553094917,0.007260367508569248,0,0,0,0.007260367508569248,1,-0.15409330886450875,0.10430524599092184,0,0,0,0
1582036200,14.863,15.068,14.753,14.995,14.075089154752323,14.842698823529421,15.610308492306519,14.951846924272266,14.62168553094917,0.06609611811022695,0,0,0,0.06609611811022695,1,0.0588357506016577,-0.01425017320878151,0,0,0,0
1582554600,14.632,14.786,13.262,13.516,14.024923647731262,14.797898823529415,14.797898823529415,14.951846924272266,14.62168553094917,-0.23228509655922716,0,0,0,-0.23228509655922716,1,-0.2983812146694541,-0.10898720164528924,0,1,0,0
1583159400,13.573,13.882,13.21,13.628,13.967979898749913,14.746894117647077,14.746894117647077,14.28683988461973,14.62168553094917,-0.2640613193170314,0,0,0,-0.2640613193170314,1,-0.03177622275780426,-0.5640613193170315,0,0,0,0
1583760600,13.135,13.281,10.627,11.133,13.609474065610017,14.505616470588258,14.505616470588258,13.906565607146891,14.62168553094917,-0.3,0,0,0,-0.3,1,-0.03593868068296857,-0.461353676373078,0,0,0,0
1584365400,10.288,11.281,9,10.074,13.132207923862234,14.198936470588235,14.198936470588235,12.144890753101146,14.62168553094917,-0.3,0,0,0,-0.3,1,0,-0.3072603675085692,0,0,0,0
1584970200,10.231,11.164,9.653,10.631,12.796516027380218,13.962797647058835,13.962797647058835,11.800898556451065,14.62168553094917,-0.18,0,0,0,-0.18,1,0.12,-0.24609611811022697,0,1,0,1
1585575000,10.72,11.8175,10.467,11.223,12.5378942748272,13.766378823529438,13.766378823529438,11.800898556451065,14.62168553094917,0.2342629978742201,0,0,0,0.2342629978742201,1,0.4142629978742201,0.46654809443344736,0,0,0,0
1586179800,11.756,12.733,11.249,12.542,12.455045324873751,13.69219529411765,13.69219529411765,11.800898556451065,14.62168553094917,0.3,0,0,0,0.3,1,0.06573700212577988,0.5640613193170315,0,0,0,0
1586784600,12.43,12.7605,11.957,12.653,12.348786638402654,13.598717647058834,13.598717647058834,11.800898556451065,14.62168553094917,0.18,0,0,0,0.18,1,-0.12,0.48000000000000015,0,0,0,0
1587389400,12.406,12.758,12.1655,12.555,12.22969315676491,13.493962352941194,13.493962352941194,11.800898556451065,14.62168553094917,0.3,0,0,0,0.3,1,0.12,0.6000000000000002,0,0,0,0
1587994200,12.727,13.13,12.0965,12.259,12.075407768612669,13.359769411764711,13.359769411764711,11.800898556451065,14.62168553094917,0.06574082836747769,0,0,0,0.06574082836747769,1,-0.2342591716325223,0.24574082836747785,0,0,0,0
1588599000,12.219,12.575,11.714,12.467,11.936430880272413,13.23404,13.23404,11.800898556451065,14.62168553094917,0.019613834852890945,0,0,0,0.019613834852890945,1,-0.04612699351458674,-0.214649163021329,0,0,0,0
1589203800,12.49,12.5575,10.964,11.558,11.70091345000976,13.035263529411775,13.035263529411775,11.800898556451065,14.62168553094917,-0.3,0,0,0,-0.3,1,-0.3196138348528909,-0.5999999999999998,0,1,0,0
1589808600,11.881,12.2675,11.824,12.237,11.558002711988275,12.910207058823529,12.910207058823529,11.800898556451065,14.62168553094917,0.25199682814920726,0,0,0,0.25199682814920726,1,0.5519968281492073,0.07199682814920744,0,1,0,0
1590499800,12.4,12.735,12.2845,12.448,11.427271746014119,12.791049411764723,12.791049411764723,11.800898556451065,14.62168553094917,0.3,0,0,0,0.3,1,0.048003171850792725,1.942890293094024e-16,0,0,0,0
1591018200,12.499,13.048,12.0305,12.521,11.363928134058815,12.731997647058842,12.731997647058842,11.800898556451065,14.62168553094917,0.3,0,0,0,0.3,1,0,0.2342591716325225,0,0,0,0
1591623000,12.552,12.7825,11.576,11.802,11.217754951894364,12.608538823529415,12.608538823529415,11.800898556451065,14.62168553094917,-0.2607886569267231,0,0,0,-0.2607886569267231,1,-0.5607886569267231,-0.28040249177961385,0,1,0,0
1592227800,11.578,12.613,11.508,11.819,11.066730344840161,12.480070588235305,12.480070588235305,11.800898556451065,14.62168553094917,-0.05975599270201491,0,0,0,-0.05975599270201491,1,0.20103266422470817,0.24024400729798523,0,1,0,0
1592832600,11.901,11.999,11.355,11.6,10.84118457790225,12.27090588235295,12.27090588235295,11.800898556451065,14.62168553094917,-0.3,0,0,0,-0.3,1,-0.24024400729798506,-0.5519968281492071,0,1,0,0
1593437400,11.719,11.997,11.7,11.735,10.628995907952962,12.06879529411766,12.06879529411766,11.800898556451065,14.62168553094917,-0.16516803780630987,0,0,0,-0.16516803780630987,1,0.13483196219369012,-0.46516803780630966,0,1,0,0
1594042200,11.883,12.102,11.60901,11.766,10.42455753370045,11.876407058823542,11.876407058823542,11.800898556451065,14.62168553094917,-0.3,0,0,0,-0.3,1,-0.13483196219369012,-0.5999999999999999,0,1,0,0
1594647000,11.811,12.1435,11.421,11.834,10.26229960080138,11.734550588235313,11.734550588235313,11.800898556451065,14.62168553094917,-0.08829102345719102,0,0,0,-0.08829102345719102,1,0.21170897654280896,0.17249763346953217,0,1,0,0
1595251800,11.81,12.2585,11.632,11.695,10.11836440483126,11.611256470588257,11.611256470588257,11.800898556451065,14.62168553094917,-0.3,0,0,0,-0.3,1,-0.21170897654280896,-0.24024400729798495,0,1,0,0
1595856600,11.755,12.726,11.587,12.392,10.03364541144115,11.534190588235298,11.534190588235298,11.800898556451065,14.58932967797913,0.07572570628504162,0,0,0,0.07572570628504162,1,0.3757257062850416,0.3757257062850417,0,1,0,0
1596461400,12.437,12.517,12.1835,12.339,9.951176423165196,11.459284705882373,11.459284705882373,11.800898556451065,14.58932967797913,0.2661475402377677,0,0,0,0.2661475402377677,1,0.1904218339527261,0.4313155780440776,0,0,0,0
1597066200,12.338,14.675,12.238,14.663,10.076280141166002,11.589014117647057,13.101748094128112,12.774124733832513,14.58932967797913,0.3,0,0,0,0.3,1,0.03385245976223228,0.6000000000000001,0,0,0,0
1597671000,14.801,15.17,13.9715,14.508,10.174178025151422,11.692322352941165,13.210466680730908,13.221903469478036,14.58932967797913,0.18,0,0,0,0.18,1,-0.12,0.26829102345719114,0,0,0,0
1598275800,14.65,15.046,14.414,14.689,10.312171319622875,11.832023529411764,13.351875739200652,13.802731793086746,14.58932967797913,0.3,0,0,0,0.3,1,0.12,0.6000000000000001,0,0,0,0
1598880600,14.726,15.123,13.689,14.219,10.438185573532884,11.948049411764705,13.457913249996526,13.802731793086746,14.58932967797913,-0.14438701989027503,0,0,0,-0.14438701989027503,1,-0.444387019890275,-0.22011272617531658,0,0,0,0
1599571800,14.061,14.315,13.882,14.113,10.547048949633501,12.049378823529405,13.55170869742531,13.802731793086746,14.58932967797913,-0.2009535129985211,0,0,0,-0.2009535129985211,1,-0.056566493108246074,-0.46710105323628875,0,1,0,0
1600090200,14.163,17.65597,14.021,15.959,10.759566996334275,12.293672941176453,13.827778886018631,13.802731793086746,14.58932967797913,0.3,0,0,0,0.3,1,0.5009535129985211,1.1102230246251565e-16,0,1,0,0
1600695000,15.77,15.77,14.46,14.613,10.883832909814398,12.420635294117643,13.957437678420888,13.964197552292365,14.58932967797913,-0.3,0,0,0,-0.3,1,-0.6,-0.47999999999999987,0,1,0,0
1601299800,14.845,15.341,14.516,14.646,11.004561198785044,12.545694117647045,14.086827036509046,13.964197552292365,14.58932967797913,-0.18,0,0,0,-0.18,1,0.12,-0.47999999999999987,0,1,0,0
1601904600,14.773,16.553,14.69,16.473,11.23204267597944,12.822315294117633,14.412587912255827,13.964197552292365,14.58932967797913,0.3,0,0,0,0.3,1,0.48,0.444387019890275,0,0,0,0
1602509400,16.716,16.94,16.233,16.47,11.502846168777252,13.125922352941165,14.748998537105079,15.288467337036806,14.58932967797913,0.18,0,0,0,0.18,1,-0.12,0.3809535129985211,0,0,0,0
1603114200,16.56,18.621,16.343,18.43,11.84996977775463,13.588887058823545,15.32780433989246,15.306505384391318,14.58932967797913,0.3,0,0,0,0.3,1,0.12,0,0,0,0,0
1603719000,18.448,18.7,15.954,16.707,12.142348646652346,13.912517647058822,15.682686647465298,16.187183571220512,14.58932967797913,-0.3,0,0,0,-0.3,1,-0.6,0,0,1,0,0
1604327400,16.891,18.618,16.25,18.562,12.468863099859988,14.358472941176455,16.248082782492922,16.187183571220512,14.58932967797913,0.3,0,0,0,0.3,1,0.6,0.48,0,1,0,0
1604932200,18.399,19.608,18.174,19.227,12.807812531650528,14.842978823529403,16.878145115408277,17.002083423251484,14.58932967797913,0.3,0,0,0,0.3,1,0,0,0,0,0,0
1605537000,19.433,22.7,19.22075,22.211,13.207197792755654,15.554395294117656,17.901592795479658,18.626363410864798,14.58932967797913,0.18,0,0,0,0.18,1,-0.12,0,0,0,0,0
1606141800,22.7,28,21.437,27.126,13.617118943069272,16.605856470588236,19.5945939981072,19.956158881517315,14.58932967797913,0.3,0,0,0,0.3,1,0.12,0,0,0,0,0
1606746600,30.03,35.894,29.9,32.8,14.099578075475844,18.067661176470594,22.035744277465344,28.766381892736867,14.58932967797913,0.18,0,0,0,0.18,1,-0.12,0.48,0,0,0,0
1607351400,33.007,34.972,27.409,28.592,14.728112543454799,19.15795529411764,23.587798044780484,28.766381892736867,14.58932967797913,-0.3,0,0,0,-0.3,1,-0.48,-0.6,0,1,0,0
1607956200,29.893,32.2325,27.638,30.12,15.408596056355641,20.32892000000001,25.24924394364438,28.766381892736867,14.58932967797913,-0.18,0,0,0,-0.18,1,0.12,-0.48,0,1,0,0
1608561000,29.763,34.32,29.502,32.261,16.1527070986371,21.62431764705883,27.09592819548056,29.354623667426427,14.58932967797913,0.3,0,0,0,0.3,1,0.48,0.12,0,0,0,0
1609165800,36.729,39.99798,34.4,38.855,17.033609742661586,23.406715294117646,29.779820845573706,34.72406979487279,23.353219990989793,0.3,0,0,0,0.3,1,0,0,0,0,0,0
1609770600,41.633,56.866,40.65101,53.164,18.00513562407783,26.228948235294116,34.4527608465104,37.20218266666758,23.353219990989793,0.18,0,0,0,0.18,1,-0.12,0,0,0,0,0
1610375400,47.214,63.16,46.451,57.807,19.32673462708078,29.355769411764694,39.38480419644861,44.16440398299399,23.353219990989793,0.3,0,0,0,0.3,1,0.12,0.6,0,0,0,0
1611066600,61.653,62.145,50.46,57.703,20.890952723734515,32.3767905882353,43.86262845273609,48.14101798420871,23.353219990989793,0.18,0,0,0,0.18,1,-0.12,0.36,0,0,0,0
1611585000,59.03,69.64763,50.57,61.731,22.62364483665223,35.59544235294117,48.56723986923011,48.14101798420871,34.68545499163338,0.3,0,0,0,0.3,1,0.12,0,0,0,0,0
1612189800,62.034,80.601,58.60501,80.6,24.645537150874446,40.17342823529412,55.70131931971379,63.05704918906146,34.68545499163338,0.3,0,0,0,0.3,1,0,0,0,0,0,0
1612794600,92.583,131.5,89.001,103.431,26.977750128222166,46.310649411764715,65.64354869530726,79.2906171041285,34.68545499163338,0.3,0,0,0,0.3,1,0,0.12,0,0,0,0
1613485800,107.084,108.25678,87.8,96.372,29.8153664849885,51.69267529411765,73.5699841032468,85.07985873954789,34.68545499163338,-0.1783407155110245,0,0,0,-0.1783407155110245,1,-0.47834071551102453,-0.47834071551102453,0,0,0,0
1614004200,87.1,93.228,66,75.041,32.20230540939143,55.123920000000005,78.04553459060858,85.07985873954789,47.85878106365956,-0.3,0,0,0,-0.3,1,-0.12165928448897548,-0.48,0,1,0,0
1614609000,79.84,81.74864,53.722,62.024,33.97654647408626,57.351701176470584,80.7268558788549,85.07985873954789,47.85878106365956,-0.18,0,0,0,-0.18,1,0.12,-0.48,0,1,0,1
1615213800,64.501,81,61.7,78.4,36.38933344214,60.751075294117655,85.11281714609531,85.07985873954789,47.85878106365956,0,0,0,0,0,1,0.18,-0.30000000000000004,0,0,0,0
1615815000,78.833,80.9,69.827,77.704,38.74183484616226,63.960630588235276,89.17942633030829,85.07985873954789,47.85878106365956,-0.2981096432925774,0,0,0,-0.2981096432925774,1,-0.2981096432925774,-0.5981096432925774,0,1,0,0
1616419800,76.72,77.5,56.6,62.4,40.35194174765836,65.87820941176467,91.40447707587099,85.07985873954789,47.85878106365956,-0.3,0,0,0,-0.3,1,-0.0018903567074226024,-0.1216592844889755,0,0,0,0
1617024600,65.886,72.583,62.031,70.356,42.29153802980997,68.30067529411768,94.30981255842539,85.07985873954789,47.85878106365956,-0.18,0,0,0,-0.18,1,0.12,0.11999999999999997,0,1,0,0
1617629400,70.975,73.6035,65.2,71.1,44.188292206997914,70.6412188235294,97.09414544006088,85.07985873954789,47.85878106365956,-0.1645226201983811,0,0,0,-0.1645226201983811,1,0.015477379801618896,0.015477379801618896,0,0,0,0
1618234200,73.519,88.21,68.5,69.362,45.91100053952374,72.69721882352941,99.48343710753508,85.07985873954789,47.85878106365956,0.3,0,0,0,0.3,1,0.4645226201983811,0.30000000000000004,0,0,0,1
1618839000,65.004,66.546,56.9,61.304,47.11395237370249,74.0014988235294,100.88904527335632,85.07985873954789,47.85878106365956,-0.3,0,0,0,-0.3,1,-0.6,-0.001890356707422547,0,1,0,0
1619443800,63.676,68.9,62.8,65.716,48.46868547574056,75.4970870588235,102.52548864190643,85.07985873954789,47.85878106365956,-0.16079365099872994,0,0,0,-0.16079365099872994,1,0.13920634900127005,0.1392063490012701,0,1,0,1
1620048600,67.397,67.397,58.701,62.046,49.54329364831174,76.60743999999998,103.67158635168823,76.34189166080797,47.85878106365956,-0.3,0,0,0,-0.3,1,-0.13920634900127005,-0.11999999999999994,0,1,0,0
1620653400,61.586,61.586,47.80701,52.131,49.91545279367381,76.83916470588235,76.83916470588235,72.61282725646454,47.85878106365956,-0.3,0,0,0,-0.3,1,0,-0.13547737980161884,0,0,0,0
1621258200,48.4,50.426,41.15801,45.052,49.72547437845672,76.43077411764706,76.43077411764706,61.08723743031892,47.85878106365956,-0.18,0,0,0,-0.18,1,0.12,-0.4799999999999999,0,1,0,1
1621863000,46.5,50.20605,44.72493,47,49.603055208708554,76.06833647058824,76.06833647058824,58.95542904243899,47.85878106365956,-0.18,0,0,0,-0.18,1,0,0.12000000000000005,0,0,0,0
1622554200,47.124,50.198,46.898,48.467,49.52397021121513,75.73766823529407,75.73766823529407,58.95542904243899,47.85878106365956,-0.18,0,0,0,-0.18,1,0,-0.019206349001269996,0,0,0,0
1623072600,48.25,52.987,42.793,51.644,49.60070325779813,75.55869411764705,75.55869411764705,57.87694716699653,47.85878106365956,0.17348682493308876,0,0,0,0.17348682493308876,1,0.35348682493308875,0.4734868249330888,0,0,0,0
1623677400,54.4,64.765,54.4,64.646,50.4523621220458,76.30046588235287,102.14856964265994,57.87694716699653,47.85878106365956,0.3,0,0,0,0.3,1,0.12651317506691123,0.6000000000000001,0,0,0,0
1624282200,59.917,61.4,51.30201,55.005,50.60676382913047,76.1703858823529,76.1703858823529,57.87694716699653,47.85878106365956,-0.17968273466160964,0,0,0,-0.17968273466160964,1,-0.4796827346616096,0.0003172653383904933,0,0,0,1
1624887000,57.033,69.299,56.58669,63.561,51.249000244639966,76.60563529411765,101.96227034359532,57.87694716699653,47.85878106365956,0.3,0,0,0,0.3,1,0.4796827346616096,0.4800000000000001,0,0,0,0
1625578200,65.208,65.352,59.469,62.866,51.76836188452925,76.85964941176468,101.95093693900012,57.87694716699653,47.85878106365956,0.18,0,0,0,0.18,1,-0.12,0.3600000000000001,0,0,0,0
1626096600,63.225,63.242,52.05201,52.309,51.50720148582231,76.20142117647057,76.20142117647057,57.87694716699653,47.85878106365956,-0.3,0,0,0,-0.3,1,-0.48,-0.47348682493308863,0,1,0,0
1626701400,50.766,56.9812,47.23801,53.971,51.30340378447508,75.57619999999999,75.57619999999999,57.87694716699653,47.85878106365956,-0.026470073500193054,0,0,0,-0.026470073500193054,1,0.27352992649980695,-0.3264700735001929,0,1,0,1
1627306200,62.1,69.5,60.691,62.601,51.653775575392785,75.61607529411762,99.57837501284246,57.87694716699653,47.85878106365956,0.3,0,0,0,0.3,1,0.326470073500193,0.4796827346616097,0,0,0,0
1627911000,62.259,75.099,60.513,74.872,52.67075258453136,76.48976235294114,100.30877212135093,57.87694716699653,47.85878106365956,0.18,0,0,0,0.18,1,-0.12,-0.11999999999999988,0,0,0,0
1628515800,79.63113,79.79999,71.24001,72.8,53.492306860700296,77.0677717647059,100.6432366687115,65.3180889102257,47.85878106365956,0.18,0,0,0,0.18,1,0,1.1102230246251565e-16,0,0,0,0
1629120600,74,74.1,64.143,71.656,54.165995988185315,77.40142117647056,100.63684636475581,65.3180889102257,47.85878106365956,-0.2108251576978467,0,0,0,-0.2108251576978467,1,-0.3908251576978467,0.08917484230215339,0,1,0,0
1629725400,74.19,74.77799,69.12201,70.72,54.70995213140088,77.52300705882348,100.33606198624608,65.3180889102257,47.85878106365956,-0.05891844982688187,0,0,0,-0.05891844982688187,1,0.15190670787096483,-0.03244837632668873,0,1,0,0
1630330200,70.259,73.26599,68.709,71.226,55.228704833160776,77.6245294117647,100.02035399036862,65.3180889102257,47.85878106365956,-0.18649394211376066,0,0,0,-0.18649394211376066,1,-0.12757549228687878,-0.4864939421137605,0,0,0,0
1631021400,69.9,70.2,61.203,61.557,55.036172527218774,76.79140235294115,98.54663217866351,65.3180889102257,47.85878106365956,-0.3,0,0,0,-0.3,1,-0.11350605788623933,-0.47999999999999987,0,1,0,0
1631539800,60.9,65.10138,60.03113,61.429,54.78542905856529,75.83919999999999,96.8929709414347,65.3180889102257,47.85878106365956,-0.18,0,0,0,-0.18,1,0.12,-0.3599999999999999,0,1,0,0
1632144600,57.442,61.776,56.829,59.939,54.385215829733795,74.73430588235287,74.73430588235287,65.3180889102257,47.85878106365956,-0.18,0,0,0,-0.18,1,0,0.030825157697846828,0,0,0,0
1632749400,60.325,61.561,56.526,61.246,54.04234375573482,73.62850352941174,93.21466330308867,65.3180889102257,47.85878106365956,-0.18,0,0,0,-0.18,1,0,-0.121081550173118,0,0,0,0
1633354200,61.148,71.27899,58.279,70.882,54.32170521849833,73.24395294117645,92.16620066385457,65.3180889102257,47.85878106365956,0.3,0,0,0,0.3,1,0.48,0.48649394211376074,0,0,0,0
1633959000,72,76.19799,70.19401,74.985,54.82419991965786,72.98565176470588,91.1471036097539,65.3180889102257,47.85878106365956,0.18,0,0,0,0.18,1,-0.12,0.4800000000000001,0,0,0,0
1634563800,74.8,77.707,70.101,71.852,55.092000537724374,72.42115764705885,89.75031475639332,65.3180889102257,47.85878106365956,0.18,0,0,0,0.18,1,0,0.3600000000000001,0,0,0,0
1635168600,73.645,75.5485,69.141,71.506,55.31615760799879,71.73100941176472,88.14586121553064,65.3180889102257,47.85878106365956,0.3,0,0,0,0.3,1,0.12,0.4800000000000001,0,0,0,0
1635773400,72.1,84.1,71.119,79.751,55.996690928864254,71.6774117647059,87.35813260054753,67.23088577905992,47.85878106365956,0.3,0,0,0,0.3,1,0,0.4800000000000001,0,0,0,0
1636381800,84.199,89.13799,78.58567,81.173,56.689462421518044,71.79543999999996,86.90141757848187,71.24564554418941,47.85878106365956,0.18,0,0,0,0.18,1,-0.12,-0.11999999999999988,0,0,0,0
1636986600,81.996,81.996,71.697,71.831,56.758746702229004,71.28787999999999,85.81701329777097,71.24564554418941,47.85878106365956,-0.3,0,0,0,-0.3,1,-0.48,-0.47999999999999987,0,1,0,0
1637591400,72.471,72.581,65.5,66.3,56.449652325435764,70.09069647058821,70.09069647058821,71.24564554418941,47.85878106365956,-0.18,0,0,0,-0.18,1,0.12,-0.3599999999999999,0,1,0,0
1638196200,69,74.399,61.624,63.099,55.88307589787638,68.61735999999995,68.61735999999995,71.24564554418941,48.715705417558915,-0.3,0,0,0,-0.3,1,-0.12,-0.5999999999999999,0,1,0,0
1638801000,59.492,64.71899,56.573,60.084,55.05111703110555,66.91795999999992,66.91795999999992,71.24564554418941,48.715705417558915,-0.18,0,0,0,-0.18,1,0.12,-0.47999999999999987,0,1,0,1
1639405800,59.495,60.3,52.881,57.158,53.88529194342512,65.18965882352936,65.18965882352936,67.85341637152744,48.715705417558915,-0.3,0,0,0,-0.3,1,-0.12,-0.47999999999999987,0,1,0,0
1640010600,55.282,59.99999,54.3,59.721,52.99738817620856,64.18966117647066,64.18966117647066,65.11959020213263,48.715705417558915,-0.18,0,0,0,-0.18,1,0.12,0.1200000000000001,0,1,0,1
1640615400,60,62.15166,54.3325,54.449,51.698713139406586,62.950600000000094,62.950600000000094,64.43155553143069,48.715705417558915,-0.3,0,0,0,-0.3,1,-0.12,-0.11999999999999988,0,1,0,0
1641220200,55.061,57.626,47.121,48.295,49.770836059704614,61.23744000000003,61.23744000000003,64.43155553143069,48.715705417558915,-0.18,0,0,0,-0.18,1,0.12,0.1200000000000001,0,1,0,1
1641825000,46.369,52.99799,44.825,49.956,48.1682259283906,59.83650823529415,59.83650823529415,57.67866777965197,48.715705417558915,-0.18,0,0,0,-0.18,1,0,1.1102230246251565e-16,0,0,0,0
1642516200,48.48,49.199,36.5985,37.589,46.147617163956184,58.25778117647056,58.25778117647056,56.83554808551624,48.715705417558915,-0.3,0,0,0,-0.3,1,-0.12,1.1102230246251565e-16,0,1,0,0
1643034600,32,39.36603,30.719,33.895,45.835214012958964,57.40666823529412,57.40666823529412,46.71732712475635,48.715705417558915,-0.18,0,0,0,-0.18,1,0.12,1.1102230246251565e-16,0,1,0,1
1643639400,33.788,39.858,33.196,39.164,45.77567679439924,56.84593176470585,56.84593176470585,46.51949018727375,48.715705417558915,-0.08859583975219758,0,0,0,-0.08859583975219758,1,0.09140416024780242,0.2114041602478025,0,0,0,0
1644244200,40.45118,46.304,40.3475,41.101,44.41451838220541,55.7169647058823,55.7169647058823,46.51949018727375,48.715705417558915,0.3,0,0,0,0.3,1,0.3885958397521976,0.48,0,0,0,0
1644849000,41.47,43.8276,38.522,39.597,42.317774323148,54.0303952941176,54.0303952941176,46.51949018727375,48.715705417558915,0.18,0,0,0,0.18,1,-0.12,0.36,0,0,0,0
1645540200,37.58142,41.2,33.684,40.5,41.32655251064459,53.1217505882352,53.1217505882352,46.51949018727375,48.715705417558915,0.03271264046884798,0,0,0,0.03271264046884798,1,-0.14728735953115202,0.33271264046884796,0,0,0,0
1646058600,40.157,47.3048,40.157,41.036,40.48269998255791,52.31606117647054,52.31606117647054,46.51949018727375,48.715705417558915,0.12517459914188023,0,0,0,0.12517459914188023,1,0.09246195867303225,0.3051745991418802,0,0,0,0
1646663400,41.51,45.445,38.843,39.082,38.663510184946674,50.83276705882344,50.83276705882344,46.51949018727375,48.715705417558915,-0.3,0,0,0,-0.3,1,-0.4251745991418802,-0.2114041602478024,0,1,0,0
1647264600,38.995,45.69,36.32001,45.428,38.00474219650024,50.21532705882346,50.21532705882346,46.51949018727375,48.715705417558915,0.3,0,0,0,0.3,1,0.6,0,0,1,0,0
1647869400,45.107,49.39337,43.02944,47.242,37.64616143315877,49.82715294117641,49.82715294117641,46.51949018727375,48.715705417558915,0.3,0,0,0,0.3,1,0,0.12,0,0,0,0
1648474200,49.604,52.28028,47.88,49.098,37.430597706824656,49.56970823529406,49.56970823529406,46.51949018727375,48.715705417558915,0.18,0,0,0,0.18,1,-0.12,0.14728735953115202,0,0,0,0
1649079000,49.172,50.857,44.6,45.324,36.49286441516511,48.74458352941175,48.74458352941175,46.51949018727375,48.715705417558915,-0.08177112364554763,0,0,0,-0.08177112364554763,1,-0.2617711236455476,-0.20694572278742784,0,0,0,0
1649683800,44.122,47.607,42.503,44.919,35.785169898768885,48.102091764705875,48.102091764705875,46.51949018727375,48.715705417558915,-0.3,0,0,0,-0.3,1,-0.21822887635445237,0,0,1,0,0
1650288600,44.78,47.728,40.8,40.908,34.551194820990396,47.05029176470587,47.05029176470587,46.51949018727375,48.715705417558915,-0.3,0,0,0,-0.3,1,0,-0.6,0,0,0,0
1650893400,40.508,42.8,35.3,35.417,32.391758890317654,45.225268235294095,45.225268235294095,46.51949018727375,48.715705417558915,-0.3,0,0,0,-0.3,1,0,-0.6,0,0,0,0
1651498200,35.601,36.95299,28.2545,29.424,29.405604726785388,42.691072941176515,42.691072941176515,42.98837340033004,48.715705417558915,-0.18,0,0,0,-0.18,1,0.12,-0.36,0,1,0,1
1652103000,27.125,27.125,13.409,20.457,25.439133067222752,39.57530823529413,39.57530823529413,33.736918157449324,48.715705417558915,-0.3,0,0,0,-0.3,1,-0.12,-0.21822887635445237,0,1,0,0
1652707800,20,22.596,18.9,20.275,21.624433792236708,36.56654588235294,36.56654588235294,28.753281146202944,48.715705417558915,-0.18,0,0,0,-0.18,1,0.12,0.12,0,1,0,1
1653312600,21.164,23.387,17.61,21.939,18.247241260327893,33.880402352941175,33.880402352941175,28.224379661777025,48.715705417558915,-0.18,0,0,0,-0.18,1,0,0.12,0,0,0,0
1654003800,23.517,27.288,22.355,22.722,15.67541672567204,31.845030588235275,31.845030588235275,28.224379661777025,48.715705417558915,0.0370099356788778,0,0,0,0.0370099356788778,1,0.2170099356788778,0.3370099356788778,0,0,0,0
1654522200,24.395,24.877,19.78,20.336,12.519495089415134,29.337397647058836,29.337397647058836,28.224379661777025,48.715705417558915,-0.3,0,0,0,-0.3,1,-0.33700993567887777,-0.11999999999999997,0,1,0,0
1655127000,14.931,17.688,14.39,16.76,9.49665879529265,26.975912941176517,26.975912941176517,23.5729661604729,48.715705417558915,-0.3,0,0,0,-0.3,1,0,2.7755575615628914e-17,0,0,0,0
1655818200,17.094,20.799,16.828,20.544,7.048641097472988,24.990564705882385,24.990564705882385,23.5729661604729,48.715705417558915,-0.07356962623386806,0,0,0,-0.07356962623386806,1,0.22643037376613193,0.10643037376613196,0,1,0,1
1656336600,20.251,20.6125,16.139,16.677,3.811354070317062,22.382256470588267,22.382256470588267,23.5729661604729,44.01102629560205,-0.3,0,0,0,-0.3,1,-0.22643037376613193,-0.11999999999999997,0,1,0,0
1657027800,16.584,23.62805,16.002,22.128,1.3735225679723122,20.347522352941183,20.347522352941183,23.5729661604729,44.01102629560205,0.3,0,0,0,0.3,1,0.6,0.2629900643211222,0,1,0,1
1657546200,21.035,21.419,18.2445,21.398,-0.6080001347258275,18.6762305882353,18.6762305882353,23.5729661604729,44.01102629560205,0.18,0,0,0,0.18,1,-0.12,0.48,0,0,0,0
1658151000,23.012,29.95,22.425,28.192,-1.0079406204678953,18.12026117647055,18.12026117647055,23.5729661604729,44.01102629560205,0.3,0,0,0,0.3,1,0.12,0.6,0,0,0,0
1658755800,26.702,28.797,23.568,28.606,-1.352193497413495,17.623392941176483,17.623392941176483,23.5729661604729,44.01102629560205,0.18,0,0,0,0.18,1,-0.12,0.25356962623386803,0,0,0,0
1659360600,27.653,33.223,27.146,31.915,-1.3143423603808877,17.441684705882352,17.441684705882352,23.5729661604729,44.01102629560205,0.3,0,0,0,0.3,1,0.12,0.6,0,0,0,0
1659965400,33.565,36.197,31.425,35.284,-0.9051037349332383,17.577637647058765,36.060379029050765,26.103247801768855,44.01102629560205,0.3,0,0,0,0.3,1,0,0,0,0,0,0
1660570200,34.646,35.83218,28.176,28.3,-0.98705585972791,17.274922352941168,17.274922352941168,27.883931530213943,44.01102629560205,-0.3,0,0,0,-0.3,1,-0.6,-0.48,0,1,0,0
1661175000,27.301,28.327,24.8,24.92,-1.878237041854181,16.424002352941173,16.424002352941173,27.883931530213943,44.01102629560205,-0.3,0,0,0,-0.3,1,0,-0.6,0,0,0,0
1661779800,24.137,25.4198,21.329,21.806,-2.9703504323210517,15.412374117647047,15.412374117647047,27.883931530213943,44.01102629560205,-0.18,0,0,0,-0.18,1,0.12,-0.36,0,1,0,1
1662471000,21.853,26.221,20.29,26.197,-3.595603895317968,14.775324705882376,14.775324705882376,27.47117739128837,44.01102629560205,0.3,0,0,0,0.3,1,0.48,0,0,0,0,0
1662989400,26.321,26.799,20.322,20.634,-4.579880346499564,13.837997647058785,13.837997647058785,27.47117739128837,44.01102629560205,-0.3,0,0,0,-0.3,1,-0.6,-0.6,0,1,0,0
1663594200,19.9265,20.833,18.349,19.145,-4.929481006708155,13.266051764705864,13.266051764705864,25.26866416265585,44.01102629560205,-0.18,0,0,0,-0.18,1,0.12,0.12,0,1,0,1
1664199000,19.182,22.604,19.15,21.226,-4.57006219339047,13.14154352941177,13.14154352941177,25.26866416265585,43.045453633905865,0.08973090808118159,0,0,0,0.08973090808118159,1,0.2697309080811816,0.3897309080811816,0,0,0,0
1664803800,21.39,24.91662,21.214,22.03,-4.1777990399232365,13.080635294117641,13.080635294117641,25.26866416265585,43.045453633905865,0.3,0,0,0,0.3,1,0.2102690919188184,0.48000000000000004,0,0,0,0
1665408600,21.962,23.186,19.8125,20.931,-3.7311545498181253,13.03778117647056,13.03778117647056,25.26866416265585,43.045453633905865,-0.06358809533138772,0,0,0,-0.06358809533138772,1,-0.3635880953313877,-0.36358809533138764,0,0,0,0
1666013400,22,23.531,21.649,23.262,-2.130448611843688,13.624722352941184,13.624722352941184,25.26866416265585,43.045453633905865,0.3,0,0,0,0.3,1,0.3635880953313877,0.6000000000000001,0,0,0,0
1666618200,23.3,29,22.636,27.999,0.3364605388759365,14.769272941176482,29.202085343477027,25.26866416265585,43.045453633905865,0.3,0,0,0,0.3,1,0,0.48000000000000004,0,0,0,0
1667223000,27.89,28.38799,24.136,27.71,2.1533939357293566,15.642818823529417,29.13224371132948,25.26866416265585,43.045453633905865,0.18,0,0,0,0.18,1,-0.12,0.09026909191881843,0,0,0,0
1667831400,27.141,27.38,15.53,17.518,2.709206056321774,15.60756,15.60756,25.26866416265585,43.045453633905865,-0.3,0,0,0,-0.3,1,-0.48,-0.6,0,1,0,0
1668436200,17.131,17.91,16,17.012,3.138308941383892,15.51975294117647,15.51975294117647,21.84855052654124,43.045453633905865,-0.3,0,0,0,-0.3,1,0,-0.23641190466861228,0,0,0,0
1669041000,16.5,18.3,15.23404,18.3,3.6274693748704294,15.519795294117685,15.519795294117685,21.700526203216864,43.045453633905865,-0.3,0,0,0,-0.3,1,0,-0.6,0,0,0,0
1669645800,17.872,21.149,16.916,20.694,4.271527449886278,15.687000000000005,15.687000000000005,21.700526203216864,43.045453633905865,0.3,0,0,0,0.3,1,0.6,0,0,1,0,1
1670250600,20.85,21.073,18.725,20.325,5.272325311246526,16.01387058823531,16.01387058823531,21.700526203216864,43.045453633905865,0.3,0,0,0,0.3,1,0,0.12,0,0,0,0
1670855400,19.9,21.37799,17.233,17.375,5.683740812091928,15.993498823529404,15.993498823529404,21.700526203216864,43.045453633905865,-0.3,0,0,0,-0.3,1,-0.6,0,0,1,0,0
1671460200,17.231,17.884,16.054,16.267,5.618515488091743,15.728167058823527,15.728167058823527,20.797722731596977,43.045453633905865,-0.3,0,0,0,-0.3,1,0,0,0,0,0,0
1672151400,16,16.007,13.256,14.157,5.592545134796765,15.440800000000007,15.440800000000007,17.37782980428515,36.37049688545598,-0.3,0,0,0,-0.3,1,0,0,0,0,0,0
1672756200,14.567,16.5695,13.938,16.045,4.996677802397082,14.889583529411766,14.889583529411766,17.37782980428515,36.37049688545598,0.13977661674267014,0,0,0,0.13977661674267014,1,0.4397766167426701,-0.16022338325732988,0,1,0,1
1673274600,17,22.217,16.54,21.697,4.794496141239682,14.680160000000022,14.680160000000022,17.37782980428515,36.37049688545598,0.3,0,0,0,0.3,1,0.16022338325732985,-2.7755575615628914e-17,0,0,0,0
1673965800,23.2,24.203,20.962,24.003,5.138071529349741,14.889251764705882,24.640432000062024,17.769113272069237,36.37049688545598,0.18,0,0,0,0.18,1,-0.12,0.48,0,0,0,0
1674484200,24.095,26.21,23.215,25.836,5.809725639280909,15.353823529411777,24.897921419542644,20.035842566222964,36.37049688545598,0.3,0,0,0,0.3,1,0.12,0.6,0,0,0,0
1675089000,25.235,30.34,23.942,28.476,6.628507952957857,15.999141176470602,25.369774399983346,20.745782382921327,36.37049688545598,0.18,0,0,0,0.18,1,-0.12,0.48,0,0,0,0
1675693800,27.431,29.04085,24.101,24.337,7.225132338065466,16.38536470588237,25.545597073699277,23.894865069855516,36.37049688545598,-0.26496826383119304,0,0,0,-0.26496826383119304,1,-0.44496826383119303,-0.40474488057386315,0,1,0,0
1676298600,23.903,31.5,23.65415,29.405,8.298697984157402,17.22457411764705,26.150450251136704,23.894865069855516,36.37049688545598,0.3,0,0,0,0.3,1,0.564968263831193,0,0,1,0,0
1676989800,28.624,29.074,24.887,25.58,8.988123623162993,17.7159905882353,26.44385755330761,23.894865069855516,36.37049688545598,0.06942376829099109,0,0,0,0.06942376829099109,1,-0.2305762317090089,-0.1105762317090089,0,0,0,0
1677508200,26.359,26.975,23.685,24.691,10.162044749624418,18.423988235294125,26.685931720963833,23.894865069855516,36.37049688545598,-0.25555464461975713,0,0,0,-0.25555464461975713,1,-0.32497841291074825,-0.5555546446197571,0,1,0,0
1678113000,24.935,25.204,18.83,19.201,11.141351717060441,18.827056470588268,18.827056470588268,23.894865069855516,36.37049688545598,-0.3,0,0,0,-0.3,1,-0.04444535538024286,-0.48,0,0,0,0
1678714200,20.202,27.4,19.635,26.766,13.095265662052196,19.957743529411758,26.82022139677132,23.894865069855516,36.37049688545598,0.3,0,0,0,0.3,1,0.6,0.564968263831193,0,1,0,0
1679319000,28.043,28.173,24.601,25.667,14.729138128146065,20.90468235294115,27.080226577736237,23.894865069855516,36.37049688545598,0.18,0,0,0,0.18,1,-0.12,-0.12,0,0,0,0
1679923800,25.986,29.53995,23.072,29.232,16.701678503569468,22.158484705882344,27.61529090819522,23.894865069855516,36.37049688545598,0.18,0,0,0,0.18,1,0,0.1105762317090089,0,0,0,0
1680528600,29.099,30.7,27.837,29.01,18.340848073538027,23.27151999999999,28.202191926461957,24.437593700563728,36.37049688545598,0.18,0,0,0,0.18,1,0,0.4355546446197571,0,0,0,0
1681133400,29,34.763,28.5,33.375,19.693642372618516,24.53183999999998,29.370037627381446,24.966122721952033,36.37049688545598,0.3,0,0,0,0.3,1,0.12,0.6,0,0,0,0
1681738200,32.173,33.4,28.774,29.102,20.395188247091752,25.2254588235294,30.05572939996705,27.685471098955457,36.37049688545598,-0.28678286453655905,0,0,0,-0.28678286453655905,1,-0.586782864536559,-0.586782864536559,0,1,0,0
1682343000,29.103,32.898,28.015,32.838,20.858908754646784,25.851244705882365,30.843580657117947,27.685471098955457,36.37049688545598,0.3,0,0,0,0.3,1,0.586782864536559,0.12,0,1,0,0
1682947800,32,33.29265,30.168,32.672,21.298574743166817,26.42772941176469,31.556884080362565,27.685471098955457,36.37049688545598,0.18,0,0,0,0.18,1,-0.12,0,0,0,0,0
1683552600,31.115,32.565,26.651,27.1,21.466474603205967,26.60895529411765,31.75143598502933,27.685471098955457,36.37049688545598,-0.3,0,0,0,-0.3,1,-0.48,-0.48,0,1,0,0
1684157400,28,29.721,26.92603,28.828,21.758343649738443,26.943531764705877,32.12871987967331,27.685471098955457,36.37049688545598,-0.18,0,0,0,-0.18,1,0.12,-0.48,0,1,0,0
1684762200,28.778,30.12,27.285,28.51,21.948622741483483,27.143609411764697,32.33859608204591,27.685471098955457,36.37049688545598,-0.18,0,0,0,-0.18,1,0,0.10678286453655905,0,0,0,0
1685453400,30.01,31.364,28.9,30.213,22.162437853054502,27.313647058823538,32.46485626459257,27.685471098955457,36.37049688545598,-0.18,0,0,0,-0.18,1,0,-0.48,0,0,0,0
1685971800,29.447,30.4565,26.655,28.233,22.302953297751397,27.449649411764693,32.59634552577799,27.685471098955457,36.37049688545598,-0.3,0,0,0,-0.3,1,-0.12,-0.48,0,1,0,0
1686576600,27.9125,29.8,26.6,29.339,22.438157157749355,27.49875764705882,32.55935813636828,27.685471098955457,36.37049688545598,-0.18,0,0,0,-0.18,1,0.12,0.12,0,1,0,0
1687267800,30,33.8,28.969,32.911,22.845677357172235,28.013468235294127,33.18125911341602,27.685471098955457,36.37049688545598,0.3,0,0,0,0.3,1,0.48,0.48,0,0,0,0
1687786200,32.4,35.275,30.1085,34.242,23.281201965119045,28.576955294117646,33.872708623116246,27.786325773582085,36.37049688545598,0.3,0,0,0,0.3,1,0,0.48,0,0,0,0
1688391000,34.7,39.2,34.599,38.074,24.104091309849345,29.67952470588233,35.254958101915314,28.666296075469077,36.37049688545598,0.18,0,0,0,0.18,1,-0.12,0.36,0,0,0,0
1688995800,38.117,47.50916,37.00466,45.886,25.132400335358156,31.38198117647061,37.631562017583065,35.81699508548099,36.37049688545598,0.18,0,0,0,0.18,1,0,0.48,0,0,0,0
1689600600,45.7195,46.7,42.655,43.665,26.325575595542823,33.00368470588234,39.68179381622186,39.61541257937521,36.37049688545598,0.18,0,0,0,0.18,1,0,0.36,0,0,0,0
1690205400,42.764,45.246,41.293,43.461,27.723460651932527,34.71666117647058,41.709861701008634,39.61541257937521,36.37049688545598,0.18,0,0,0,0.18,1,0,-0.12,0,0,0,0
1690810200,44,44.284,37.445,37.697,28.51456405405672,35.68347999999999,42.85239594594326,39.61541257937521,36.37049688545598,-0.3,0,0,0,-0.3,1,-0.48,-0.6,0,1,0,0
1691415000,37.103,39.65,35.77,38.431,29.19250086514121,36.54998117647061,43.90746148780001,39.61541257937521,36.37049688545598,-0.18,0,0,0,-0.18,1,0.12,-0.36,0,1,0,0
1692019800,38.157,39.269,32.229,32.862,29.455786695412986,36.82771529411764,44.19964389282229,39.61541257937521,36.37049688545598,-0.3,0,0,0,-0.3,1,-0.12,-0.48,0,1,0,0
1692624600,33.029,35.05247,32.50201,33.605,29.883509539394012,37.3127670588235,44.742024578252995,38.69639077622909,36.37049688545598,-0.18,0,0,0,-0.18,1,0.12,-0.36,0,1,0,1
1693229400,33.936,38.79928,33.8545,35.148,30.22367527708338,37.67767764705883,45.13168001703428,38.69639077622909,36.37049688545598,0.0898583508528127,0,0,0,0.0898583508528127,1,0.2698583508528127,-0.09014164914718731,0,0,0,0
1693920600,35.148,35.9,33.784,35.628,30.540115653684,37.98614823529415,45.43218081690431,38.69639077622909,36.37049688545598,0.024714353671539086,0,0,0,0.024714353671539086,1,-0.06514399718127362,0.32471435367153906,0,0,0,0
1694439000,35.5,36.76,33.6,34.078,30.779872097048163,38.218722352941185,45.65757260883421,38.69639077622909,36.37049688545598,-0.26986707171805774,0,0,0,-0.26986707171805774,1,-0.2945814253895968,-0.08986707171805774,0,1,0,0
1695043800,35.125,35.63299,32.05666,32.281,30.900662055842787,38.31368470588235,38.31368470588235,38.69639077622909,36.37049688545598,-0.3,0,0,0,-0.3,1,-0.03013292828194225,0,0,0,0,0
1695648600,31.95,33.75525,31.01,32.828,31.01615578437674,38.38304000000003,38.38304000000003,36.21005516568393,36.37049688545598,-0.3,0,0,0,-0.3,1,0,-0.12,0,0,0,0
1696253400,34.657,35.284,30.71101,34.063,31.243044928743856,38.613536470588244,45.98402801243263,36.21005516568393,36.37049688545598,-0.16966976828971955,0,0,0,-0.16966976828971955,1,0.13033023171028044,-0.25952811914253227,0,1,0,0
1696858200,33.153,34.647,31.425,31.822,31.450905222731013,38.8340917647059,38.8340917647059,36.21005516568393,36.37049688545598,-0.3,0,0,0,-0.3,1,-0.13033023171028044,-0.32471435367153906,0,1,0,0
1697463000,33.8,36.2,32.105,34.804,31.83528534542756,39.265635294117644,46.69598524280772,36.21005516568393,36.37049688545598,-0.01778514272446613,0,0,0,-0.01778514272446613,1,0.28221485727553386,0.2520819289935916,0,1,0,0
1698067800,35.535,44.949,34.609,40.676,32.298424326327385,39.72875058823532,47.15907685014326,36.21005516568393,36.37049688545598,0.3,0,0,0,0.3,1,0.3177851427244661,0.6,0,0,0,0
1698672600,42.3,46.419,41,45.395,32.93267794316474,40.483552941176484,48.03442793918823,37.261894654944726,36.37049688545598,0.3,0,0,0,0.3,1,0,0.6,0,0,0,0
1699281000,46.102,53.521,44.9,50.918,33.73117412725294,41.65193647058827,49.572698813923594,40.736119013702336,36.37049688545598,0.18,0,0,0,0.18,1,-0.12,0.3496697682897195,0,0,0,0
1699885800,50.2,50.928,46,48.622,34.47467792006129,42.66105411764706,50.847430315232835,43.91395210875355,36.37049688545598,0.18,0,0,0,0.18,1,0,0.48,0,0,0,0
1700490600,49.201,52.67899,48.108,52.024,35.30753753039154,43.85385411764705,52.400170704902564,44.02702767241401,36.37049688545598,0.18,0,0,0,0.18,1,0,0.19778514272446612,0,0,0,0
1701095400,50.575,52.98,48.73139,52.768,36.12248154347547,44.91183764705885,53.70119375064223,45.51559783867015,36.37049688545598,0.3,0,0,0,0.3,1,0.12,0,0,0,0,0
1701700200,56.7,59.939,55,59.939,37.10569539641105,46.399030588235284,55.69236578005952,50.812378085383955,36.37049688545598,0.18,0,0,0,0.18,1,-0.12,-0.12,0,0,0,0
1702305000,57.411,59,54.61789,57.041,38.01175470134336,47.474044705882356,56.936334710421356,50.812378085383955,36.37049688545598,0.18,0,0,0,0.18,1,0,-2.7755575615628914e-17,0,0,0,0
1702909800,56.11,62.258,55.9,61.924,39.02815688974363,48.902825882352914,58.7774948749622,52.96526129286368,36.37049688545598,0.3,0,0,0,0.3,1,0.12,0.11999999999999997,0,0,0,0
1703601000,60.949,68.935,59.649,63.162,40.10645538356374,50.5458635294118,60.98527167525985,56.992301829050824,37.521261847024675,0.18,0,0,0,0.18,1,-0.12,-2.7755575615628914e-17,0,0,0,0
1704205800,69.249,72.777,62.53,63.108,41.211180972493054,52.17938352941179,63.14758608633052,57.410851698404336,37.521261847024675,0.09388581248727462,0,0,0,0.09388581248727462,1,-0.08611418751272537,-0.2061141875127254,0,0,0,0
1704724200,64,64.688,48.1,48.553,41.68518044422316,52.664058823529416,63.642937202835675,57.410851698404336,37.521261847024675,-0.3,0,0,0,-0.3,1,-0.3938858124872746,-0.48,0,1,0,0
1705415400,47.9,52.2,46.5,48.1,42.153707225032754,53.16570823529415,64.17770924555555,57.410851698404336,37.521261847024675,-0.18,0,0,0,-0.18,1,0.12,-0.36,0,1,0,1
1705933800,46.8,50.095,43.874,49.45,42.59020981041373,53.56044705882355,64.53068430723336,54.521104453141234,37.521261847024675,-0.18,0,0,0,-0.18,1,0,-0.48,0,0,0,0
1706538600,50,52.789,49.021,50.01,43.11799225919633,54.14229882352944,65.16660538786255,54.521104453141234,37.521261847024675,0.24090011095049862,0,0,0,0.24090011095049862,1,0.4209001109504986,0.06090011095049863,0,0,0,0
1707143400,50.2,64.89,46.749,64.632,44.199828049756185,55.65802352941178,67.11621900906738,54.521104453141234,37.521261847024675,0.3,0,0,0,0.3,1,0.059099889049501364,0.20611418751272537,0,0,0,0
1707748200,65.199,80.678,65.017,69.956,45.41455083746982,57.4596941176471,69.50483739782439,62.03504561046495,37.521261847024675,0.18,0,0,0,0.18,1,-0.12,0.48,0,0,0,0
1708439400,71.079,72.32499,66.42565,68.744,46.525919134446085,58.84115058823532,71.15638204202456,62.03504561046495,37.521261847024675,0.05179428735442305,0,0,0,0.05179428735442305,1,-0.12820571264557695,0.23179428735442303,0,0,0,0
1708957800,68.794,108,68.794,107.939,48.151238153623375,63.45201176470592,78.75278537578846,82.76690697747503,37.521261847024675,0.3,0,0,0,0.3,1,0.24820571264557695,0.48,0,0,0,0
1709562600,120,145.173,103.506,142.559,49.974670273229336,70.51605882352943,91.05744737382953,93.0299136219411,37.521261847024675,0.3,0,0,0,0.3,1,0,0.059099889049501364,0,0,0,0
1710163800,155,181.5,143.80022,178.236,52.60481799770844,80.21788000000004,107.83094200229164,129.50157960259207,37.521261847024675,0.18,0,0,0,0.18,1,-0.12,-0.12,0,0,0,0
1710768600,171.845,173.49001,123.012,152.3,56.46070831989793,87.54636941176472,118.6320305036315,129.50157960259207,37.521261847024675,0.16816395469903997,0,0,0,0.16816395469903997,1,-0.011836045300960024,-0.011836045300960024,0,0,0,0
1711373400,160.5,199.999,159.442,170.456,60.94947714966165,96.16912470588231,131.38877226210298,138.72034451417449,76.16170928495379,0.3,0,0,0,0.3,1,0.13183604530096002,0.24820571264557695,0,0,0,0
1711978200,164.501,173.972,143.2,143.9,64.98559817085629,102.23642117647056,139.48724418208482,138.72034451417449,76.16170928495379,-0.3,0,0,0,-0.3,1,-0.6,-0.6,0,1,0,0
1712583000,160.21,162.378,137.377,147.958,69.22225859803646,108.49813647058822,147.77401434313998,138.72034451417449,76.16170928495379,-0.3,0,0,0,-0.3,1,0,-0.6,0,0,0,0
1713187800,147,148.997,113.199,117.411,72.13744900104697,112.11045647058822,152.08346394012946,138.72034451417449,76.16170928495379,-0.3,0,0,0,-0.3,1,0,-0.48,0,0,0,0
1713792600,120.9,139.44505,120.11398,128.238,75.31363679098885,116.14119529411761,156.96875379724636,138.72034451417449,76.16170928495379,-0.18,0,0,0,-0.18,1,0.12,-0.34816395469903993,0,1,0,0
1714397400,125,130.84158,101,122.301,78.1227745305988,119.5420917647059,160.961408998813,138.72034451417449,80.09180147888566,-0.18,0,0,0,-0.18,1,0,-0.48,0,0,0,1
1715002200,127.385,133.9,117.853,118.048,80.57769340743398,122.38009882352935,164.18250423962473,138.72034451417449,80.09180147888566,-0.05380937270026836,0,0,0,-0.05380937270026836,1,0.12619062729973163,0.24619062729973162,0,0,0,0
1715607000,121.794,158.49999,120.3,158.45,84.73944226610804,128.21264470588235,171.68584714565668,138.72034451417449,80.09180147888566,0.3,0,0,0,0.3,1,0.35380937270026835,0.6,0,0,0,0
1716211800,159.7,174,152.8,168.484,89.13028824256564,134.44336705882353,179.7564458750814,138.72034451417449,80.09180147888566,0.18,0,0,0,0.18,1,-0.12,0.48,0,0,0,0
1716903000,165,171.499,144.2,152.449,92.80818365751935,139.14325647058828,185.47832928365722,138.72034451417449,80.09180147888566,0.18,0,0,0,0.18,1,0,0.36,0,0,0,0
1717421400,160.1,173.46977,156.04166,159.62,96.73575529117493,144.25316235294122,191.7705694147075,138.72034451417449,80.09180147888566,0.3,0,0,0,0.3,1,0.12,0.48,0,0,0,0
1718026200,157.501,169.271,144.101,149.554,100.09157528611634,148.33657411764705,196.58157294917777,138.72034451417449,80.09180147888566,0.040780255421254324,0,0,0,0.040780255421254324,1,-0.25921974457874564,0.09458962812152272,0,0,0,0
1718631000,149.98,156.901,140.902,148.376,103.32152791088993,152.21047529411754,201.09942267734516,138.72034451417449,80.09180147888566,-0.17548071577028057,0,0,0,-0.17548071577028057,1,-0.2162609711915349,-0.4754807157702805,0,0,0,0
1719235800,139.8,153.89999,132.55414,137.748,106.02091906446627,155.31208941176476,204.60325975906323,138.72034451417449,102.17721464250855,-0.3,0,0,0,-0.3,1,-0.12451928422971942,-0.48,0,1,0,0
1719840600,141,143.595,120.232,128.172,107.968331413735,157.3651694117648,206.76200740979462,138.72034451417449,102.17721464250855,-0.3,0,0,0,-0.3,1,0,-0.48,0,0,0,0
1720445400,131.453,143.54044,125.87817,139.676,110.43851865497396,160.1045011764705,209.77048369796705,138.72034451417449,102.17721464250855,-0.17178295436255786,0,0,0,-0.17178295436255786,1,0.12821704563744213,-0.4717829543625579,0,1,0,0
1721050200,152.4,178.5,149.24254,177.85,114.52634550161652,165.35098352941165,216.1756215572068,138.72034451417449,102.17721464250855,0.3,0,0,0,0.3,1,0.47178295436255785,0.2592197445787456,0,0,0,0
1721655000,178.402,181.06621,150.766,175.271,118.36079326031394,170.09680235294107,221.8328114455682,145.6317068276397,102.17721464250855,0.18,0,0,0,0.18,1,-0.12,0.3554807157702805,0,0,0,0
1722259800,181.999,183.7,141.71,144.799,120.34452207169251,171.9318235294117,223.5191249871309,145.6317068276397,102.17721464250855,-0.3,0,0,0,-0.3,1,-0.48,0,0,1,0,0
1722864600,105.165,142.158,102.402,135.37,121.60629000602495,172.80104941176486,223.99580881750478,145.6317068276397,102.17721464250855,-0.3,0,0,0,-0.3,1,0,0,0,0,0,0
1723469400,133.49,140,126.59,133.04,122.58950652037333,173.31163058823546,224.03375465609759,145.6317068276397,102.17721464250855,-0.18,0,0,0,-0.18,1,0.12,-0.008217045637442105,0,1,0,0
1724074200,133.7,151.81,130.63,150.01,124.46433170134027,174.92874823529417,225.39316476924807,145.6317068276397,102.17721464250855,-0.18,0,0,0,-0.18,1,0,-0.4799999999999999,0,0,0,0
1724679000,148.12,152.35,128.3,132.42,125.06715261544444,174.84891999999996,174.84891999999996,145.6317068276397,102.17721464250855,-0.3,0,0,0,-0.3,1,-0.12,-0.47999999999999987,0,1,0,0
1725370200,132,132.73,113.69,114.3,124.24736600214715,173.05885411764712,173.05885411764712,145.6317068276397,102.17721464250855,-0.3,0,0,0,-0.3,1,0,1.1102230246251565e-16,0,0,0,0
1725888600,118.93,143,117.5003,141.47,125.16793484668258,173.2073529411765,221.24677103567043,145.6317068276397,102.17721464250855,0.1870548347640176,0,0,0,0.1870548347640176,1,0.48705483476401756,0.4870548347640177,0,1,0,0
1726493400,137.02,148.96,128.51,144.78,126.16331508792983,173.40663529411762,220.6499555003054,145.6317068276397,102.17721464250855,0.3,0,0,0,0.3,1,0.11294516523598239,0.4800000000000001,0,0,0,0
1727098200,147.48,179.6,145.0149,176.22,128.7652134022435,175.69699058823542,222.62876777422736,145.6317068276397,102.17721464250855,0.3,0,0,0,0.3,1,0,0.48,0,0,0,0
1727703000,168.63,176.55,157.02,176.51,131.23989083107625,177.78938352941174,224.33887622774722,145.6317068276397,102.17721464250855,0.18,0,0,0,0.18,1,-0.12,0.48000000000000004,0,0,0,0
1728307800,179.71,212.81,178,212.59,135.19088438764825,182.5847364705882,229.97858855352817,158.9282730427697,102.17721464250855,0.3,0,0,0,0.3,1,0.12,0.6000000000000001,0,0,0,0
1728912600,224.48,227.15,185.81,215.86,139.16141776476778,187.41825176470599,235.6750857646442,163.6050486950412,102.17721464250855,0.18,0,0,0,0.18,1,-0.12,-0.007054834764017526,0,0,0,0
1729517400,214.49,245.5657,204.91,234.34,143.7106237048552,193.5065105882354,243.30239747161556,180.88802770133654,102.17721464250855,0.18,0,0,0,0.18,1,0,-0.11999999999999991,0,0,0,0
1730122200,244.64,267.89,225.93,229.71,147.94639408968246,198.71184235294112,249.47729061619978,214.29745429409823,114.75617854187546,0.15079270047846685,0,0,0,0.15079270047846685,1,-0.029207299521533142,-0.14920729952153308,0,0,0,0
1730730600,226.97,280.8007,220.82,270.42,153.3793972985609,206.78817647058833,260.19695564261576,214.29745429409823,114.75617854187546,0.3,0,0,0,0.3,1,0.14920729952153314,0.1200000000000001,0,0,0,0
1731335400,297,383.4,293.3,340.65,160.11906127823949,219.83355058823523,279.54803989823097,283.5499777669133,114.75617854187546,0.3,0,0,0,0.3,1,0,1.1102230246251565e-16,0,0,0,0
1731940200,345.415,543,339.375,421.88,168.02499223111516,238.7956658823529,309.5663395335906,294.9917650692766,114.75617854187546,0.18,0,0,0,0.18,1,-0.12,1.1102230246251565e-16,0,0,0,0
1732545000,440.75,440.75,338.6701,387.47,176.7395437951581,254.11839999999998,331.49725620484185,318.4013889928997,158.56216578888433,-0.3,0,0,0,-0.3,1,-0.48,-0.47999999999999987,0,1,0,0
1733149800,393.64,444.9447,362.67,395.01,185.96560782198827,269.44443294117644,352.9232580603646,318.4013889928997,158.56216578888433,-0.3,0,0,0,-0.3,1,0,-0.45079270047846676,0,0,0,0
1733754600,394,415.8043,356.05,408.67,195.67824401353926,285.0969129411764,374.51558186881357,318.4013889928997,158.56216578888433,-0.18,0,0,0,-0.18,1,0.12,-0.47999999999999987,0,1,0,0
1734359400,424.87,437.6099,317,364.2,204.04392401051194,296.4813082352941,388.9186924600762,329.55153095072126,158.56216578888433,-0.3,0,0,0,-0.3,0.6,-0.12,-0.5999999999999999,0,1,0,0
1734964200,358,361,323.2,330,210.55034636321537,303.9195223529412,397.2886983426671,329.55153095072126,158.56216578888433,-0.18,0,0,0,-0.18,0.76,0.12,-0.3599999999999999,0,1,0,0
1735569000,319.4,343.4,285.01,339.66,217.17238690681833,311.4274588235295,405.6825307402406,329.55153095072126,215.77524680396402,-0.18,0,0,0,-0.18,0.76,0,0.1200000000000001,0,0,0,0
1736173800,349.85,383.02,317.22,327.91,222.9380931561451,317.3910188235293,411.8439444909135,329.55153095072126,215.77524680396402,0.11303162735658259,0,0,0,0.11303162735658259,0.76,0.2930316273565826,0.4130316273565827,0,0,0,0
1736778600,309.95,398.68,303.8,396.5,231.29846409241418,328.0475905882353,424.79671708405647,329.55153095072126,215.77524680396402,0.3,0,0,0,0.3,0.76,0.1869683726434174,0.4800000000000001,0,0,0,0
1737469800,395.455,404.4173,351,353.67,237.73103553793487,335.1481482352941,432.56526093265336,329.55153095072126,215.77524680396402,0.18,0,0,0,0.18,0.76,-0.12,0.4800000000000001,0,0,0,0
1737988200,340.5,356.88,322.3,334.79,242.95822906214244,340.3156,437.6729709378576,329.55153095072126,219.82577917510943,0.05522260428036691,0,0,0,0.05522260428036691,0.76,-0.12477739571963309,0.23522260428036704,0,0,0,0
1738593000,310,353.79,308.9,327.56,247.45554161169835,344.2500447058824,441.0445478000664,329.55153095072126,219.82577917510943,-0.3,0,0,0,-0.3,0.76,-0.3552226042803669,-0.11999999999999986,0,1,0,0
1739197800,333.5,344.89,314.19,337.73,252.7007278509736,349.93298117647043,447.16523450196723,329.55153095072126,219.82577917510943,-0.3,0,0,0,-0.3,0.76,0,-0.4130316273565825,0,0,0,0
1739889000,337.35,340.49,299.04,299.69,256.15582240266815,353.50633882352946,450.8568552443908,329.55153095072126,219.82577917510943,-0.3,0,0,0,-0.3,0.76,0,-0.5999999999999999,0,0,0,0
1740407400,304,304.04,231.92,255.43,257.3970490160709,354.700397647059,354.700397647059,321.9275581900222,219.82577917510943,-0.18,0,0,0,-0.18,0.76,0.12,-0.35999999999999993,0,1,0,1
1741012200,293.15,320.94,237.0102,287.18,259.89798555423585,357.14067764705874,357.14067764705874,321.9275581900222,219.82577917510943,0.16881157611698214,0,0,0,0.16881157611698214,0.76,0.3488115761169821,0.11358897183661523,0,0,0,0
1741613400,268,298.7,231.51,297.49,263.3017013556796,360.790374117647,458.2790468796144,321.9275581900222,219.82577917510943,-0.09665730224441314,0,0,0,-0.09665730224441314,0.76,-0.26546887836139527,0.20334269775558683,0,0,0,0
1742218200,292.15,309.4,272.5,304,266.2096993167406,363.58440941176457,460.9591195067885,321.9275581900222,219.82577917510943,0.3,0,0,0,0.3,0.76,0.39665730224441315,0.6,0,0,0,0
1742823000,316.14,343.5899,289.25,289.41,267.99843016157786,365.0311882352943,365.0311882352943,321.9275581900222,219.82577917510943,0.007221475286435382,0,0,0,0.007221475286435382,0.76,-0.2927785247135646,0.3072214752864354,0,0,0,0
1743427800,281.87,319.47,265.3022,293.61,269.2425335357144,365.24937647058835,461.2562194054623,321.9275581900222,219.82577917510943,-0.3,0,0,0,-0.3,0.76,-0.3072214752864354,-0.12,0,1,0,0
1744032600,260.14,304.15,235.93,299.98,270.7995396737185,365.9806705882351,461.1618015027517,321.9275581900222,219.82577917510943,-0.3,0,0,0,-0.3,0.76,0,-0.4688115761169821,0,0,0,0
1744637400,309.8,320,300.1,317.2,273.090485922625,367.40746823529423,461.72445054796344,321.9275581900222,219.82577917510943,0.06768747911706481,0,0,0,0.06768747911706481,0.76,0.3676874791170648,0.16434478136147795,0,1,0,0
1745242200,324.99,373.23,309,368.71,277.98561299954184,372.20516000000003,466.4247070004582,321.9275581900222,219.82577917510943,0.3,0,0,0,0.3,0.76,0.2323125208829352,0,0,0,0,0
1745847000,373.29,403.9,354.53,394.37,284.4923915195901,380.02156235294103,475.55073318629195,321.9275581900222,219.82577917510943,0.18,0,0,0,0.18,0.6,-0.12,0.17277852471356459,0,0,0,0
1746451800,383.33,430.3499,374.2,416.03,291.92063216479204,389.3660541176471,486.8114760705021,332.17073419215035,219.82577917510943,0.18,0,0,0,0.18,0.6,0,0.48,0,0,0,0
1747056600,420.92,425.94,389.01,399.8,297.9588493931046,396.2264729411763,494.4940964892481,356.37926032128246,219.82577917510943,0.18,0,0,0,0.18,0.76,0,0.48,0,0,0,0
1747661400,392.81,426.32,367.31,369.51,302.1665386870997,400.43979999999976,498.7130613128998,356.37926032128246,219.82577917510943,-0.032212728411268536,0,0,0,-0.032212728411268536,0.76,-0.21221272841126854,-0.09990020752833334,0,0,0,0
1748352600,381.115,381.3,358.5,369.06,305.8701454057747,403.72168705882353,501.5732287118724,356.37926032128246,275.7810142914489,-0.3,0,0,0,-0.3,0.76,-0.26778727158873145,-0.6,0,1,0,0
1748871000,367.885,391.0099,364.3029,374.47,309.5534638237026,406.8600399999999,504.1666161762972,356.37926032128246,275.7810142914489,-0.18,0,0,0,-0.18,0.76,0.12,-0.36,0,1,0,0
1749475800,380.68,394.79,370.62,382.87,313.27703115568636,409.6935223529413,506.1100135501962,356.37926032128246,275.7810142914489,-0.09468628927329462,0,0,0,-0.09468628927329462,0.76,0.08531371072670538,-0.27468628927329464,0,0,0,0
1750080600,387.61,388.15,365.11,369.7,315.83796296209164,410.5445952941176,505.25122762614353,356.37926032128246,275.7810142914489,-0.3,0,0,0,-0.3,0.76,-0.20531371072670537,-0.48,0,1,0,0
1750685400,362.48,397.99,358.8,383.88,319.02407458676777,412.38856235294116,505.75305011911456,356.37926032128246,275.7810142914489,0,0,0,0,0,0.76,0.3,0.03221272841126854,0,1,0,0
1751290200,389.78,414.6,372.91,403.99,323.4498467096029,416.746374117647,510.0429015256911,356.37926032128246,278.51879184205967,0.2055636843774969,0,0,0,0.2055636843774969,0.76,0.2055636843774969,0.5055636843774969,0,0,0,0
1751895000,402.635,438.84,393.21,434.58,329.1178868374063,422.84415529411774,516.5704237508293,357.986973129235,278.51879184205967,0.3,0,0,0,0.3,0.76,0.0944363156225031,0.48,0,0,0,0
1752499800,447.2,457.22,422.22,423.22,333.6128998053893,426.23084705882366,518.8487943122581,388.2986179057183,278.51879184205967,0.11078100824676942,0,0,0,0.11078100824676942,0.76,-0.18921899175323056,0.20546729752006404,0,0,0,0
1753104600,430.1,437,402.2,405.89,336.83367894520853,427.2396470588235,517.6456151724385,388.2986179057183,278.51879184205967,-0.3,0,0,0,-0.3,0.76,-0.41078100824676944,-5.551115123125783e-17,0,1,0,0
1753709400,416.945,417.01,365.7,366.63,337.394137078024,424.4703058823527,511.5464746866814,388.2986179057183,292.34102099619827,-0.3,0,0,0,-0.3,0.76,0,-0.30000000000000004,0,0,0,0
1754314200,372.77,409.65,366.2001,395.13,339.5558993900803,424.0430823529413,508.53026531580235,388.2986179057183,292.34102099619827,-0.18,0,0,0,-0.18,0.76,0.12,-0.38556368437749694,0,1,0,0
1754919000,403.92,414.36,360.0322,366.32,339.7718849958876,420.09849411764714,500.42510323940667,388.2986179057183,292.34102099619827,0.059067456103411076,0,0.35906745610341106,0,-0.3,0.8612441382252872,0.23906745610341107,-0.24093254389658897,0,0,0,0
1755523800,359.945,367.5658,325.56,358.13,339.65974709621605,414.2428235294119,414.2428235294119,388.2986179057183,292.34102099619827,-0.41920085065082685,0,-0.23920085065082686,0,-0.18,0.9540997311033124,-0.4782683067542379,-0.5299818588975963,0,1,0,0
1756128600,344.91,351.99,332.64,334.41,337.5012236306277,407.05844705882356,407.05844705882356,383.7221826969891,292.34102099619827,-0.05021298161287474,0,0.24978701838712525,0,-0.3,0.7255265120743932,0.3689878690379521,0.24978701838712525,0,1,0,1
1756819800,334.93,348.6,317.7504,335.87,335.5596828436759,399.6658588235295,399.6658588235295,380.47342679006135,292.34102099619827,-0.5520322965563339,0,0.1479677034436661,-0.4,-0.3,0.6,-0.5018193149434591,-0.25203229655633386,0,1,0,0
1757338200,328.11,340.01,321.5,331.44,332.90322633882874,392.7372705882352,392.7372705882352,368.02532487648546,292.34102099619827,-0.27367954526463867,0,0.1463204547353613,-0.24,-0.18,0.6,0.27835275129169523,-0.09367954526463856,0,0,0,0
1757943000,329.4,358.25,320.45,344.75,331.4412561640389,386.48854117647096,386.48854117647096,368.02532487648546,292.34102099619827,-0.16326258168999203,0,0.10336118751526989,-0.24,-0.026623769205261945,0.6,0.11041696357464664,-0.222330037793403,0,1,0,0
1758547800,337.02,341.59,292.36,309.06,326.5022813781965,378.515929411765,378.515929411765,368.02532487648546,292.34102099619827,-0.6364142959794032,0,0.06358570402059675,-0.4,-0.3,0.6,-0.4731517142894112,-0.21721344532857628,0,0,0,0
1759152600,313.73,358.54,311,351.63,325.1708156517372,373.7525647058825,373.7525647058825,358.41152355299306,292.34102099619827,0.25645594669658733,0,0.1964559466965873,-0.24,0.3,0.6,0.8928702426759906,0.30666892830946213,0,1,0,0
1759757400,362.95,365.21,303.57,304.79,319.5628957060423,365.7719529411768,365.7719529411768,358.41152355299306,292.34102099619827,-0.6229432137160014,0,0.07705678628399872,-0.4,-0.3,0.6,-0.8793991604125887,-0.07091091715966746,0,0,0,0
1760362200,306.67,315.95,279,289.87,312.5034340405592,356.28188235294147,356.28188235294147,344.42862668151383,292.34102099619827,-0.7381059882840235,0,-0.15810598828402342,-0.4,-0.18,0.6,-0.11516277456802215,-0.46442644301938485,0,0,0,0
1760967000,297.21,306.16,276.6,289.08,305.05460246091775,348.2173176470588,348.2173176470588,328.9185959651828,292.34102099619827,-0.49621787758659197,0,0.043782122413408044,-0.24,-0.3,0.6,0.24188811069743155,-0.33295529589659995,0,1,0,0
1761571800,299.5,299.8,254,269.51,296.7494533557236,341.3984941176474,341.3984941176474,328.9185959651828,292.34102099619827,-0.43427718827219847,0,0.10572281172780153,-0.24,-0.3,0.6,0.061940689314393504,0.20213710770720478,0,0,0,0
1762180200,264.19,270.36,219.68,241.93,289.89257348501997,335.8547529411766,335.8547529411766,288.1837234458843,292.34102099619827,-0.6380970221975679,0,0.06190297780243203,-0.4,-0.3,0.6,-0.20381983392536945,-0.8945529688941551,0,0,0,0
1762785000,249.68,249.96,194.56,199.75,276.11701676745093,326.0828705882352,326.0828705882352,265.570200318135,292.34102099619827,-0.5553557677489036,0,-0.13535576774890357,-0.24,-0.18,0.6,0.08274125444866431,0.06758744596709776,0,1,0,0
1763389800,197.025,213.83,166.31,170.5,259.8614910612287,314.7831058823531,314.7831058823531,244.65804315255394,292.34102099619827,-1.2,0,-0.5,-0.4,-0.3,0.6,-0.6446442322510963,-0.46189401171597644,1,0,0,0
1763994600,171.62,187.29,166.01,177.18,246.63057425291532,305.0766823529415,305.0766823529415,217.161621901947,292.34102099619827,-0.631471370924563,0,-0.2114713709245629,-0.24,-0.18,0.6,0.568528629075437,-0.135253493337971,0,0,0,0
1764599400,168.26,191,155.61,178.99,232.12541517229633,294.2766823529415,294.2766823529415,217.161621901947,292.34102099619827,-0.45192769717208986,0,-0.031927697172089875,-0.24,-0.18,0.6,0.1795436737524731,-0.017650508899891393,0,1,0,0
1765204200,182.1,198.3999,171.41,176.45,216.5805963644185,282.3472470588239,282.3472470588239,217.161621901947,292.34102099619827,-0.39076014208730014,0,0.1709940745260038,-0.4,-0.1617542166133039,0.6,0.061167555084789715,0.24733688011026778,0,0,0,0
1765809000,176,176.5,157.43,164.82,200.7227714399075,270.2624705882354,270.2624705882354,198.75778837024677,292.34102099619827,-0.673049196061668,0,0.02695080393833198,-0.4,-0.3,0.6,-0.2822890539743679,-0.11769342831276441,0,0,0,0
1766413800,168.82,170.67,154.1219,158.81,184.39720463519257,257.6524235294117,257.6524235294117,197.4057820580863,292.34102099619827,-0.25380033115288003,0,0.16619966884711998,-0.24,-0.18,0.6,0.419248864908788,0.9461996688471199,0,1,0,0
1767018600,157.945,162.93,149.75,157.16,172.17600634799345,248.05574117647032,248.05574117647032,180.82128810110504,279.63173870496405,-0.27197898945263793,0,0.26802101054736205,-0.24,-0.3,0.6,-0.0181786582997579,0.359492381471925,0,0,0,0
1767623400,163.415,170.62,154.05,157.33,158.50519923847548,237.32221176470608,237.32221176470608,180.82128810110504,279.63173870496405,-0.35114379110189203,0,0.06885620889810797,-0.24,-0.18,0.6,-0.0791648016492541,0.10078390607019783,0,0,0,0
1768228200,156.27,190.2,154.69,173.71,146.51220251445324,227.5673176470588,227.5673176470588,180.82128810110504,279.63173870496405,0.1301436118392043,0,0.06456154978954098,-0.23441793795033666,0.3,0.6,0.48128740294109634,0.5209037539265045,0,1,0,1
1768919400,165.17,168.9638,156.01,163.11,133.57793534352524,217.0791764705886,217.0791764705886,180.82128810110504,279.63173870496405,-0.47168357098602864,0,0.029005888660464666,-0.4,-0.1006894596464933,0.6,-0.601827182825233,0.20136562507563938,0,1,0,0
1769437800,159.41,165.72,139.3601,149.71,120.21467766906076,206.34430588235315,206.34430588235315,180.82128810110504,269.26098594032374,-0.8453040624254282,0,-0.1453040624254283,-0.4,-0.3,0.6,-0.37362049143939957,-0.5915037312725482,0,0,0,0
1770042600,139.765,147.8751,104.165,134.93,104.1648198718332,193.382611764706,193.382611764706,163.01514961422149,269.26098594032374,-0.6600945393504154,0,-0.08009453935041531,-0.4,-0.18,0.6,0.18520952307501282,-0.38811554989777747,0,0,0,0
1770647400,127.37,139.58,120.64,133.88,87.00270398503417,178.9566588235292,178.9566588235292,158.10153206532365,269.26098594032374,-0.26097967736323524,0,0.15902032263676474,-0.24,-0.18,0.6,0.39911486198718016,0.09016411373865679,0,1,0,0
1771338600,129.01,136.14,121.87,131.05,71.07970275576584,165.86696470588237,165.86696470588237,154.32713691780054,269.26098594032374,-0.37450194532623654,0,0.16549805467376344,-0.24,-0.3,0.76,-0.1135222679630013,-0.5046455571654409,0,0,0,0
1771857000,127.895,137.86,118.4,129.5,55.95488846115839,153.43668235294115,153.43668235294115,154.32713691780054,224.54208694458634,-1.5729774508710261,-1,0.09877380453459973,-0.24,-0.13175125540562604,1.3,-1.1984755055447895,-1.1012938798849974,1,0,0,0
1772461800,129.135,149.54,127.8,133.53,42.12805790210881,141.97498823529423,141.97498823529423,154.32713691780054,224.54208694458634,-1.1796623757186073,-1,0.06033762428139271,-0.24,0.3,1.3,0.3933150751524188,-0.334358313293179,0,0,0,0
1773063000,136,147.26,133.38,139.67,28.898321583070185,130.80755294117614,130.80755294117614,154.32713691780054,224.54208694458634,-1.2024801487341235,-1,0.03751985126587662,-0.24,0.3,1.3,-0.02281777301551613,-0.5423856093837081,0,0,0,0
1773667800,145.35,152.27,132.76,135.66,15.90512435152587,119.84908235294125,119.84908235294125,154.32713691780054,224.54208694458634,-1.345408070880071,-1,0.014591929119929067,-0.24,0.18,1.3,-0.14292792214594763,-1.0844283935168357,0,0,0,0
1774272600,138.605,143.85,123.98,126.03,2.685018940794052,108.7693176470587,108.7693176470587,154.32713691780054,224.54208694458634,-1.944209904794697,-1,0.055790095205303196,-0.4,-0.3,1.3,-0.5988018339146259,-1.5697079594684604,1,0,1,0
1774877400,129.55,130.34,116.4,119.83,-9.81924046825742,98.30623529411776,98.30623529411776,144.37585960446444,224.54208694458634,-1.8080726883213945,-1,0.031927311678605665,-0.24,-0.3,1.3,0.13613721647330257,-0.2350952374503683,0,0,0,0
1775482200,124.57,134.5,121.14,128.64,-17.995334649316888,91.05202352941194,91.05202352941194,144.37585960446444,224.54208694458634,-1.6983412976092787,-1,0.021658702390721214,-0.24,-0.18,1.3,0.1097313907121158,-0.5186789218906713,0,0,0,0
1776087000,126.65,173.15,125.04,166.52,-20.063120993189074,88.33035294117644,88.33035294117644,144.37585960446444,224.54208694458634,-1.306473895514391,-1,-0.06647389551439101,-0.24,0.3,1.3,0.3918674020948876,-0.10399374678026768,1,0,0,0
1776691800,162.295,183.25,160.635,171.02,-19.511857131637953,87.360611764706,87.360611764706,151.30851005585393,224.54208694458634,-1.3141679960182,-1,0,-0.1941679960182,0.18,1.3,-0.0076941005038089205,0.03124007486187108,0,0,0,0
1777296600,170.92,180.38,156.1101,177.17,-18.69103302107864,86.7956941176472,86.7956941176472,151.30851005585393,224.54208694458634,-0.9671084629584843,-0.6,0.03289153704151575,-0.4,0.18,1.3,0.3470595330597157,0.9771014418362127,0,0,0,0
1777901400,180.9,190.41,175.72,187.59,-18.19379187027674,86.35209411764725,190.89798010557126,157.4433577961775,224.54208694458634,-0.52123070998163,-0.6,0.01896626131458098,0.059803028703789056,0.18,1.3,0.4458777529768543,1.2868419783397644,0,1,0,0
1778506200,189.2,197,173.61,177.42,-18.074920351864805,85.52887058823535,85.52887058823535,159.24311795359338,224.54208694458634,-0.6240676790463695,-0.6,-0.05435703420488662,0.03028935515851708,0.18,1.3,-0.10283696906473949,1.0742736185629091,0,0,0,0
1779111000,169.175,169.23,159.24,159.89,-18.610421409397105,84.01181176470601,84.01181176470601,159.24311795359338,224.54208694458634,-1.4956011475792281,-0.6,-0.01560114757922803,-0.4,-0.3,1.3,-0.8715334685328586,-0.18912725206483705,1,0,0,0
1779802200,160.83,167,144.3,159.09,-17.95378005065264,83.27352941176468,83.27352941176468,159.24311795359338,224.54208694458634,-2.026244302012266,-1,-0.026244302012266234,-0.4,-0.3,1.3,-0.5306431544330379,-0.712076305994066,1,0,1,0
1780320600,148.465,153.87,114.31,120.44,-21.170616533093423,79.53392941176457,79.53392941176457,159.24311795359338,224.54208694458634,-2.5,-1,-0.5,-0.4,-0.3,1.3,-0.473755697987734,-1.5328915370415157,0,0,0,0
1780925400,125.84,129,113.2675,123.97,-22.20794409203502,77.22211764705872,77.22211764705872,143.87588180605343,224.54208694458634,-2.0331183938968747,-1,-0.15311839389687426,-0.4,-0.18,1.3,0.46688160610312535,-1.5118876839152446,0,0,0,0
1781530200,133.22,136.25,107.85,112.53,-21.955485374855996,75.43797647058824,75.43797647058824,143.87588180605343,224.54208694458634,-2.34,-1,-0.5,-0.24,-0.3,1.3,-0.3068816061031252,-1.7159323209536304,0,0,0,0
1782135000,116.21,120,81.81,82.31,-21.163824353298622,73.21672941176467,73.21672941176467,126.54499421570677,224.54208694458634,-2.3800000000000003,-1,-0.3,-0.4,-0.18,1.5,-0.04000000000000048,-0.8843988524207722,0,0,0,0
1782739800,85.67,104.11,82.72,100.77,-18.004112026949826,72.80331764705869,72.80331764705869,112.71499462887057,224.54208694458634,-0.6489829348893245,-0.6,0.5,-0.24,-0.12898293488932444,1.3,1.731017065110676,1.3772613671229417,0,0,0,0
1783344600,95.135,104.7799,91.78,94.64,-15.624308969469638,71.9794352941176,71.9794352941176,112.71499462887057,224.54208694458634,-0.7072462925780563,-0.6,0.5,-0.24,-0.06724629257805635,1.5,-0.05826335768873181,1.792753707421944,0,0,0,0
1783949400,91.49,101.95,90.02,94.85,-15.247742762189745,70.33381176470576,70.33381176470576,112.71499462887057,224.54208694458634,-1.1147044253586336,-0.6,0.3,-0.24,-0.27470442535863365,1.5,-0.4074581327805773,0.9184139685382412,0,0,0,0
1784554200,95.62,104.6,89.76,91.67,-11.691817954626757,70.22075294117636,70.22075294117636,112.71499462887057,224.54208694458634,-1.2300614273609434,-0.6,0.20993857263905652,-0.24,-0.3,1.5,-0.1153570020023098,1.1099385726390567,1,0,0,0
1785159000,94.54,100.05,93.115,95.6,-8.981029002103426,69.97447058823533,69.97447058823533,112.71499462887057,173.062732305766,-0.9280008913823024,-0.6,0.5,-0.4,-0.12800089138230242,1.5,0.302060535978641,1.4519991086176982,0,0,0,0