time,open,high,low,close,S1 fair (MVRV 1.0x),S1 deep (MVRV 0.5x),S1 LOI floor,S3 VWAP upper,S3 VWAP lower,S3 LOI ceiling,S3 Early,S3 Watch,S3 Terminal-probable,S3 Terminal-confirmed,S1 Early,S1 Confirmed,STH MVRV,MVRV SMA
1623346200,49.829,50.934,49.702,50.934,,,,,,,0,0,0,0,0,0,0.7983584584245118,
1623418200,51.65,51.893,50.496,50.969,,,,,,,0,0,0,0,0,0,0.8025797527434722,
1623432600,50.885,51.61,50.753,51.532,,,,,,,0,0,0,0,0,0,0.8145275943190708,
1623677400,54.625,60.325,54.625,59.721,,,,,,,0,0,0,0,0,0,0.9466651974235745,
1623691800,59.47,60.37,59.363,59.85,,,,,,,0,0,0,0,0,0,0.9497317117330447,
1623763800,59.8,61.816,59.089,61.533,,,,,,,0,0,0,0,0,0,0.9771955783035173,
1623778200,62.447,63.479,62.169,63.077,,,,,,,0,0,0,0,0,0,1.0033745196493427,
1623850200,61.8,63.839,61.158,61.423,,,,,,,0,0,0,0,0,0,0.9790934307706584,
1623864600,61.841,62.258,61.1,61.883,,,,,,,0,0,0,0,0,0,0.9879547036168845,
1623936600,62.35,64.077,61.408,62.502,,,,,,,0,0,0,0,0,0,0.9989473622884919,
1623951000,62.595,63.621,62.595,63.104,,,,,,,0,0,0,0,0,0,1.01009686886721,
1624023000,61.85,64.14,61.7,64.14,,,,,,,0,0,0,0,0,0,1.0278006124499437,
1624037400,64.19,64.601,62.116,64.601,,,,,,,0,0,0,0,0,0,1.0367449631856658,
1624282200,59.726,60.799,57.799,58,,,,,,,0,0,0,0,0,0,0.9327774090649671,
1624296600,58.25,59.05,57.916,58.399,,,,,,,0,0,0,0,0,0,0.9411084444875566,
1624368600,53.605,56.153,51.353,55.005,,,,,,,0,0,0,0,0,0,0.8882292917226272,
1624383000,55.2,56.352,55.2,55.6,,,,,,,0,0,0,0,0,0,0.8996894776784773,
1624455000,58.1,58.65,56.795,57.929,,,,,,,0,0,0,0,0,0,0.9388967554401586,
1624469400,57.7,57.7,55.184,55.4,,,,,,,0,0,0,0,0,0,0.8987063160780566,
1624541400,56.791,57.6,56.241,57.6,,,,,,,0,0,0,0,0,0,0.9350779113765453,
1624555800,57.798,58.8,57.798,58.131,,,,,,,0,0,0,0,0,0,0.9440511467711474,
1624627800,57,57.03,55.36,55.412,,,,,,,0,0,0,0,0,0,0.9005319558013932,
1624642200,55.286,55.495,54.773,55.05,,,,,,,0,0,0,0,0,0,0.8954916556423581,
1624887000,56.91,62.326,56.6,61.449,,,,,,,0,0,0,0,0,0,0.9996938864886175,
1624901400,61.599,62.864,61.599,62.326,,,,,,,0,0,0,0,0,0,1.0149387957718454,
1624973400,64.95,69.171,64.8,67.126,,,,,,,0,0,0,0,0,0,1.093612003094205,
1624987800,67.365,67.365,65.288,66.91,,,,,,,0,0,0,0,0,0,1.0908600181746013,
1625059800,64.99,65.838,64,65.295,,,,,,,0,0,0,0,0,0,1.06570254171329,
1625074200,64.648,66.82,64.648,66.565,,,,,,,0,0,0,0,0,0,1.0876895991011377,
1625146200,65.451,65.451,63.712,64.388,,,,,,,0,0,0,0,0,0,1.0538695609728639,
1625160600,64.446,65.301,64.446,64.986,,,,,,,0,0,0,0,0,0,1.0653012784307008,
1625232600,65.189,66.089,63.573,64.177,,,,,,,0,0,0,0,0,0,1.053569946724864,
1625247000,64.178,64.243,63.593,63.593,,,,,,,0,0,0,0,0,0,1.0454579804625899,
1625578200,64.503,65.253,63.308,63.566,,,,,,,0,0,0,0,0,0,1.0464909965903935,
1625592600,63.501,63.651,63.236,63.47,,,,,,,0,0,0,0,0,0,1.0460605962008958,
1625664600,64.562,64.562,62.501,62.912,,,,,,,0,0,0,0,0,0,1.03794324306704,
1625679000,63.019,63.982,63.019,63.982,,,,,,,0,0,0,0,0,0,1.0565656568885005,
1625751000,60.352,62.5,59.629,62.102,,,,,,,0,0,0,0,0,0,1.0271659599914906,
1625765400,62.305,62.305,61.383,61.9,,,,,,,0,0,0,0,0,0,1.0257732683454193,
1625837400,62.256,63.497,61.525,63.1,,,,,,,0,0,0,0,0,0,1.04680325252329,
1625851800,63.219,63.55,62.776,62.776,,,,,,,0,0,0,0,0,0,1.0429796546035908,
1626096600,62.733,62.733,58.682,58.962,,,,,,,0,0,0,0,0,0,0.9816020306318657,
1626111000,59.184,59.576,58.803,58.952,,,,,,,0,0,0,0,0,0,0.9830455211906374,
1626183000,58.301,59.478,57.949,58.922,,,,,,,0,0,0,0,0,0,0.9839713866532275,
1626197400,58.726,59.219,57.947,57.947,,,,,,,0,0,0,0,0,0,0.9688744073228461,
1626269400,58.36,58.75,56.661,56.985,,,,,,,0,0,0,0,0,0,0.9539044590599496,
1626283800,56.984,56.992,56.069,56.069,,,,,,,0,0,0,0,0,0,0.9393883039079154,
1626355800,53.88,55.7,53.131,53.56,,,,,,,0,0,0,0,0,0,0.8981757191894474,
1626370200,53.528,54.2,52.564,54.046,,,,,,,0,0,0,0,0,0,0.9069540927793032,
1626442200,54.388,54.388,53.111,53.193,,,,,,,0,0,0,0,0,0,0.8935412880208037,
1626456600,53.003,53.11,52.111,52.398,,,,,,,0,0,0,0,0,0,0.8812985423783563,
1626701400,50.414,51.5,49.47,49.964,,,,,,,0,0,0,0,0,0,0.8414780547112524,
1626715800,49.945,50.193,49.233,49.879,,,,,,,0,0,0,0,0,0,0.8413970099737371,
1626787800,48.756,50.172,47.499,49.71,,,,,,,0,0,0,0,0,0,0.8397803724273715,
1626802200,49.657,50.499,49.657,50.15,,,,,,,0,0,0,0,0,0,0.848560138660288,
1626874200,53.745,55.55,53.156,55.156,,,,,,,0,0,0,0,0,0,0.9343028647981615,
1626888600,54.925,56.828,54.925,55.689,,,,,,,0,0,0,0,0,0,0.9445285826531646,
1626960600,55.542,56.796,53.769,55.86,,,,,,,0,0,0,0,0,0,0.9486748841767592,
1626975000,56.041,56.041,55.328,55.56,,,,,,,0,0,0,0,0,0,0.9451194099736661,
1627047000,55.533,56.43,53.49,53.862,,,,,,,0,0,0,0,0,0,0.9178257978924413,
1627061400,53.85,54.06,53.583,54.06,,,,,,,0,0,0,0,0,0,0.9230426047838634,
1627306200,62.646,66.6,62.432,66.197,,,,,,,0,0,0,0,0,0,1.130984986406015,
1627320600,66.598,69.32,66.487,67.946,,,,,,,0,0,0,0,0,0,1.1610228979904893,
1627392600,65.998,67.751,62.453,62.867,,,,,,,0,0,0,0,0,0,1.0751344651111183,
1627407000,63.215,63.95,62.85,63.007,,,,,,,0,0,0,0,0,0,1.077833859746737,
1627479000,66.399,67.438,63.449,64.093,,,,,,,0,0,0,0,0,0,1.0965956784742263,
1627493400,63.907,66.394,63.561,64.626,,,,,,,0,0,0,0,0,0,1.10629054667785,
1627565400,63.401,64.849,62.926,62.926,,,,,,,0,0,0,0,0,0,1.077890753259702,
1627579800,62.943,63.04,61.981,62.414,,,,,,,0,0,0,0,0,0,1.0700246016166777,
1627651800,61.502,62.798,60.941,61.135,,,,,,,0,0,0,0,0,0,1.0492474197815156,
1627666200,60.801,62.722,60.801,62.72,,,,,,,0,0,0,0,0,0,1.077482933101927,
1627911000,61.7,65.5,61.638,65.15,,,,,,,0,0,0,0,0,0,1.1200617582637589,
1627925400,65.347,65.605,63.602,63.837,,,,,,,0,0,0,0,0,0,1.0996688402239518,
1627997400,63.259,63.259,60.614,61.9,,,,,,,0,0,0,0,0,0,1.069224320632452,
1628011800,61.86,62.535,60.7,62.535,,,,,,,0,0,0,0,0,0,1.0818895610243509,
1628083800,64,66.479,64,65.914,,,,,,,0,0,0,0,0,0,1.1413454604134883,
1628098200,66.216,67.5,66.216,67.064,,,,,,,0,0,0,0,0,0,1.1618264588983818,
1628170200,64.227,70.3,63.438,70.3,,,,,,,0,0,0,0,0,0,1.2183957463212054,
1628184600,70.415,72.479,70.415,71.64,,,,,,,0,0,0,0,0,0,1.2415127600761107,
1628256600,71.577,74.565,70.239,74.12,,,,,,,0,0,0,0,0,0,1.2838245603664118,
1628271000,74.874,74.986,73.808,74.781,,,,,,,0,0,0,0,0,0,1.293590463211108,
1628515800,79.6,79.6,77.019,77.027,,,,,,,0,0,0,0,0,0,1.3304703979659576,
1628530200,76.495,78.208,76.495,76.787,,,,,,,0,0,0,0,0,0,1.3242022011023094,
1628602200,76.137,76.74,74.697,75.287,,,,,,,0,0,0,0,0,0,1.2967945978953666,
1628616600,74.602,75.933,74.49,75.01,,,,,,,0,0,0,0,0,0,1.2906278497565344,
1628688600,75.52,76.869,74.05,74.94,,,,,,,0,0,0,0,0,0,1.2880127997360038,
1628703000,74.822,75.192,74.583,74.811,,,,,,,0,0,0,0,0,0,1.2841345000103546,
1628775000,72.3,72.731,71.32,71.799,,,,,,,0,0,0,0,0,0,1.230811231914432,
1628789400,72.1,72.477,71.816,72.011,,,,,,,0,0,0,0,0,0,1.232916742561572,
1628861400,74.395,75.33,72.728,73.256,,,,,,,0,0,0,0,0,0,1.252572230391535,
1628875800,73.265,73.675,72.696,72.696,,,,,,,0,0,0,0,0,0,1.2419471796487793,
1629120600,74.001,74.001,69.404,70.698,,,,,,,0,0,0,0,0,0,1.2071510396487932,
1629135000,70.12,71.176,69.538,69.894,,,,,,,0,0,0,0,0,0,1.193075438641122,
1629207000,69.222,70,65.838,66.409,,,,,,,0,0,0,0,0,0,1.133730577224378,
1629221400,66.416,67.108,66.177,66.497,,,,,,,0,0,0,0,0,0,1.1353949783039723,
1629293400,66.599,67.64,65.841,67.261,,,,,,,0,0,0,0,0,0,1.1485281139149153,
1629307800,66.779,67.003,65.268,65.504,,,,,,,0,0,0,0,0,0,1.1183441520533541,
1629379800,64.3945,67.026,64.3945,66.181,,,,,,,0,0,0,0,0,0,1.1298111712151475,
1629394200,66.122,67.828,65.7,67.507,,,,,,,0,0,0,0,0,0,1.1522822789488267,
1629466200,68.987,72.645,68.531,72.537,,,,,,,0,0,0,0,0,0,1.2371957101908444,
1629480600,72.32,72.32,71.496,71.658,,,,,,,0,0,0,0,0,0,1.2212652746260497,
1629725400,74.361,74.56,71.491,71.5,,,,,,,0,0,0,0,0,0,1.2175219898258778,
1629739800,71.639,71.867,71.306,71.806,,,,,,,0,0,0,0,0,0,1.221222366789916,
1629811800,71.551,71.551,69.233,70.171,,,,,,,0,0,0,0,0,0,1.1922912238899686,
1629826200,70.394,71.429,70.11,71.429,,,,,,,0,0,0,0,0,0,1.21253092658914,
1629898200,71.3,73.499,70.544,72.997,,,,,,,0,0,0,0,0,0,1.23767727597859,
1629912600,72.924,73.428,72.624,72.624,,,,,,,0,0,0,0,0,0,1.2297859221242204,
1629984600,71.299,71.349,69.717,70.015,,,,,,,0,0,0,0,0,0,1.1843846851815993,
1629999000,70.3,70.3,69.2,69.461,,,,,,,0,0,0,0,0,0,1.1741836436783524,
1630071000,69.98,71.903,69.98,70.585,,,,,,,0,0,0,0,0,0,1.1920576161952932,
1630085400,70.666,71.005,70.556,70.648,,,,,,,0,0,0,0,0,0,1.1915798408026244,
1630330200,69.995,70.41,69.51,70.013,,,,,,,0,0,0,0,0,0,1.1791889946569294,
1630344600,69.91,70.225,69.91,70.2,,,,,,,0,0,0,0,0,0,1.1806689307095666,
1630416600,69.802,69.802,68.901,69.659,,,,,,,0,0,0,0,0,0,1.1700115449991644,
1630431000,69.5,69.708,69.263,69.263,,,,,,,0,0,0,0,0,0,1.1616190961548656,
1630503000,70.346,71.58,69.183,71,,,,,,,0,0,0,0,0,0,1.1885817524998017,
1630517400,70.656,70.86,70.238,70.244,,,,,,,0,0,0,0,0,0,1.1732343409472341,
1630589400,72.916,73.1,70.5,70.5,,,,,,,0,0,0,0,0,0,1.1747666888092223,
1630603800,70.101,70.123,69.552,69.68,,,,,,,0,0,0,0,0,0,1.1587818949609554,
1630675800,70.88,72.7,70.88,71.3,,,,,,,0,0,0,0,0,0,1.183285032233984,
1630690200,70.9,71.151,70.426,71.1,,,,,,,0,0,0,0,0,0,1.176954063601976,
1631021400,69.975,70.145,64.882,65.801,,,,,,,0,0,0,0,0,0,1.0872845186000755,
1631035800,65.785,66.349,64.73,64.9,,,,,,,0,0,0,0,0,0,1.0706941242047758,
1631107800,65.649,65.649,63.139,64.23,,,,,,,0,0,0,0,0,0,1.0578923124249866,
1631122200,64.087,64.499,63.7445,63.767,,,,,,,0,0,0,0,0,0,1.0481879362175945,
1631194200,64.401,65.037,63.281,64.564,,,,,,,0,0,0,0,0,0,1.0591385575978596,
1631208600,64.1,64.33,63.868,64.065,,,,,,,0,0,0,0,0,0,1.0489637362348316,
1631280600,64.43,64.43,62.034,62.537,,,,,,,0,0,0,0,0,0,1.022300006401744,
1631295000,62.425,62.904,61.311,61.541,,,,,,,0,0,0,0,0,0,1.0043218397678537,
1631539800,60.721,62.518,60.106,61.339,,,,,,,0,0,0,0,0,0,0.9993106024487434,
1631554200,61.4965,64.004,61.4965,63.871,,,,,,,0,0,0,0,0,0,1.0385016421954543,
1631626200,64.469,64.986,62.01,62.01,,,,,,,0,0,0,0,0,0,1.0066824134864054,
1631640600,62.19,62.485,61.441,61.826,,,,,,,0,0,0,0,0,0,1.0021283789047775,
1631712600,62.93,64.174,62.28,63.581,,,,,,,0,0,0,0,0,0,1.0287993305481962,
1631727000,63.5,63.5,63.15,63.178,,,,,,,0,0,0,0,0,0,1.0207333347856782,
1631799000,62.035,62.591,61.41,62.591,,,,,,,0,0,0,0,0,0,1.0097354660136597,
1631813400,62.264,63.278,62.185,63.278,,,,,,,0,0,0,0,0,0,1.0193292484324112,
1631885400,63.179,63.179,62.221,62.831,,,,,,,0,0,0,0,0,0,1.0107311513391342,
1631899800,63.001,63.001,61.285,61.492,,,,,,,0,0,0,0,0,0,0.9877504051521215,
1632144600,56.97,59.19,56.933,58.803,,,,,,,0,0,0,0,0,0,0.9433945566613362,
1632159000,59.01,59.037,57.79,58.866,,,,,,,0,0,0,0,0,0,0.9432761478830322,
1632231000,58.701,59.3,57.8,58.283,,,,,,,0,0,0,0,0,0,0.9329273651389143,
1632245400,58.39,58.743,57.72,58.101,,,,,,,0,0,0,0,0,0,0.9291496747645209,
1632317400,58.834,59.8,58.834,59.8,,,,,,,0,0,0,0,0,0,0.9553431448486349,
1632331800,59.469,60.249,59.469,59.972,,,,,,,0,0,0,0,0,0,0.9570838844283058,
1632403800,60.754,61.24,60.03,60.5,,,,,,,0,0,0,0,0,0,0.964345888117572,
1632418200,61.345,61.74,60.999,61.698,,,,,,,0,0,0,0,0,0,0.9820684417143742,
1632490200,57.81,59.94,57.81,59.54,,,,,,,0,0,0,0,0,0,0.9466407163725443,
1632504600,59.22,59.965,58.815,59.965,,,,,,,0,0,0,0,0,0,0.9521559455868448,
1632749400,60.501,60.501,59.04,59.259,,,,,,,0,0,0,0,0,0,0.9397657999403715,
1632763800,59.22,59.479,59.22,59.477,,,,,,,0,0,0,0,0,0,0.9417942722281717,
1632835800,58.767,58.796,57.458,57.6,,,,,,,0,0,0,0,0,0,0.9109845265278327,
1632850200,58.179,58.429,57.357,57.357,,,,,,,0,0,0,0,0,0,0.9063554018989316,
1632922200,58.383,58.383,56.758,56.758,,,,,,,0,0,0,0,0,0,0.8963967002374703,
1632936600,57.066,57.4,56.542,56.556,,,,,,,0,0,0,0,0,0,0.8926485395323374,
1633008600,58.346,59.018,57.73,58.005,,,,,,,0,0,0,0,0,0,0.9148600247448813,
1633023000,58.065,58.572,57.607,57.607,,,,,,,0,0,0,0,0,0,0.9079694431380524,
1633095000,61.359,61.394,59.76,61.155,,,,,,,0,0,0,0,0,0,0.9629487670753051,
1633109400,61.09,61.301,61.009,61.175,,,,,,,0,0,0,0,0,0,0.9631214270667072,
1633354200,60.8,60.8,58.475,60.09,,,,,,,0,0,0,0,0,0,0.9460164409073764,
1633368600,60.689,61.281,60.416,60.833,,,,,,,0,0,0,0,0,0,0.9577818291225916,
1633440600,61.71,63.77,61.709,63.77,,,,,,,0,0,0,0,0,0,1.0039525932576876,
1633455000,64.313,65.244,64.313,65.1,,,,,,,0,0,0,0,0,0,1.0245086054458514,
1633527000,67.011,67.8,65.487,66.955,,,,,,,0,0,0,0,0,0,1.0531592468742212,
1633541400,66.791,67.319,66.791,67.318,,,,,,,0,0,0,0,0,0,1.0583517598133687,
1633613400,67.05,69.27,67.05,68.76,,,,,,,0,0,0,0,0,0,1.0804026009624665,
1633627800,69.06,69.337,68.848,69.259,,,,,,,0,0,0,0,0,0,1.0876787971356998,
1633699800,69.845,70.648,69.049,70.333,,,,,,,0,0,0,0,0,0,1.1039043362533185,
1633714200,70.374,71.19,70.374,70.883,,,,,,,0,0,0,0,0,0,1.1110873458672241,
1633959000,72.174,74.928,71.99,73.801,,,,,,,0,0,0,0,0,0,1.1550277913752631,
1633973400,73.81,73.81,73.17,73.171,,,,,,,0,0,0,0,0,0,1.1430712567015504,
1634045400,73.1,73.655,70.62,70.676,,,,,,,0,0,0,0,0,0,1.1024194945896333,
1634059800,70.5,71.136,70.5,70.882,,,,,,,0,0,0,0,0,0,1.1041934024637419,
1634131800,70.621,72.601,70.484,72.601,,,,,,,0,0,0,0,0,0,1.129020040557076,
1634146200,71.773,72.657,71.773,72.644,,,,,,,0,0,0,0,0,0,1.1279862058906263,
1634218200,73.935,73.935,72.03,72.982,,,,,,,0,0,0,0,0,0,1.1315510734481249,
1634232600,72.298,72.999,72.298,72.391,,,,,,,0,0,0,0,0,0,1.1204848741699422,
1634304600,74.716,75.999,74.01,75.99,,,,,,,0,0,0,0,0,0,1.173736686848692,
1634319000,75.718,76.13,74.506,74.9615,,,,,,,0,0,0,0,0,0,1.1562935496585092,
1634563800,74.66,75.233,74.368,74.943,,,,,,,0,0,0,0,0,0,1.1545585106406768,
1634578200,75.186,75.621,74.046,74.103,,,,,,,0,0,0,0,0,0,1.1408265018200785,
1634650200,74.593,75.002,70.301,73.148,,,,,,,0,0,0,0,0,0,1.1254268453045562,
1634664600,72.525,73.308,72.525,72.765,,,,,,,0,0,0,0,0,0,1.1187046500995133,
1634736600,73.398,77.6,73.398,75.791,,,,,,,0,0,0,0,0,0,1.1641616810156135,
1634751000,75.894,76.838,75.463,75.703,,,,,,,0,0,0,0,0,0,1.1615075985976537,
1634823000,75.9,75.9,73.04,73.399,,,,,,,0,0,0,0,0,0,1.1252203776161274,
1634837400,73.21,73.703,73,73.63,,,,,,,0,0,0,0,0,0,1.1277073080451236,
1634909400,73.241,73.6,70.897,71.411,,,,,,,0,0,0,0,0,0,1.0928771372036736,
1634923800,71.314,71.879,71.136,71.879,,,,,,,0,0,0,0,0,0,1.0991372687291077,
1635168600,74.119,75.146,74.119,74.526,,,,,,,0,0,0,0,0,0,1.1383721985032538,
1635183000,74.148,74.676,74.148,74.527,,,,,,,0,0,0,0,0,0,1.1370859340790118,
1635255000,74.26,74.572,73.609,73.754,,,,,,,0,0,0,0,0,0,1.124210606022984,
1635269400,73.951,73.951,73.464,73.464,,,,,,,0,0,0,0,0,0,1.1185404315128853,
1635341400,71.651,72.881,71.127,72.709,,,,,,,0,0,0,0,0,0,1.1058708502533396,
1635355800,72.5,72.531,71.455,71.547,,,,,,,0,0,0,0,0,0,1.087296129861559,
1635427800,73.195,74.646,71.91,72.092,,,,,,,0,0,0,0,0,0,1.0945786947183398,
1635442200,72.272,72.651,70.868,71.713,,,,,,,0,0,0,0,0,0,1.0874660304901953,
1635514200,72.547,73.535,69.244,73.169,,,,,,,0,0,0,0,0,0,1.1080039033971247,
1635528600,72.668,72.668,71.069,71.5,,,,,,,0,0,0,0,0,0,1.0814012403547817,
1635773400,71.698,74.5,71.698,72.996,,,,,,,0,0,0,0,0,0,1.1024086586351902,
1635787800,72.683,73.262,72.1,73.233,,,,,,,0,0,0,0,0,0,1.1042397717921106,
1635859800,75.205,84.1,75.2,81.401,,,,,,,0,0,0,0,0,0,1.224383258596281,
1635874200,81.223,81.807,78.625,79.283,,,,,,,0,0,0,0,0,0,1.189556260826119,
1635946200,78.5,79.968,78.285,79.164,,,,,,,0,0,0,0,0,0,1.1848898401588102,
1635960600,79,81.685,78.475,81.034,,,,,,,0,0,0,0,0,0,1.209627095680843,
1636032600,80.47,82.61,79.209,80.3565,,,,,,,0,0,0,0,0,0,1.1962926834984273,
1636047000,79.98,80.1,79.613,79.947,,,,,,,0,0,0,0,0,0,1.1867786617478475,
1636119000,80.46,80.857,78.1,78.4,,,,,,,0,0,0,0,0,0,1.1606438211236985,
1636133400,78.002,79.699,78.002,79.698,,,,,,,0,0,0,0,0,0,1.1764899158945978,
1636381800,85.234,87.16,84.595,86.315,,,,,,,0,0,0,0,0,0,1.2697955544520587,
1636396200,86.045,86.7645,85.734,85.867,,,,,,,0,0,0,0,0,0,1.2595336481839783,
1636468200,88.338,88.5,83.903,85.217,,,,,,,0,0,0,0,0,0,1.246515929921012,
1636482600,85.205,85.893,84.465,85.893,,,,,,,0,0,0,0,0,0,1.2528532506919507,
1636554600,87.207,87.207,83.046,83.046,,,,,,,0,0,0,0,0,0,1.208201230678315,
1636569000,82.683,82.704,80.7,81.615,,,,,,,0,0,0,0,0,0,1.184297184487697,
1636641000,81.005,83.301,81.005,82.54,,,,,,,0,0,0,0,0,0,1.1945347400304103,
1636655400,82.068,82.068,81.602,81.602,,,,,,,0,0,0,0,0,0,1.1792636309390616,
1636727400,80.5,81.122,78.702,80.847,,,,,,,0,0,0,0,0,0,1.1669491859245533,
1636741800,80.983,81.129,80.498,81.053,,,,,,,0,0,0,0,0,0,1.1679446468973207,
1636986600,81.629,81.706,78.85,78.85,,,,,,,0,0,0,0,0,0,1.1345292145856174,
1637001000,78.443,79.776,78.443,79.513,,,,,,,0,0,0,0,0,0,1.1424334558465696,
1637073000,76.753,77.366,76.247,76.398,,,,,,,0,0,0,0,0,0,1.0964810020109776,
1637087400,76.378,76.379,74.953,75.158,,,,,,,0,0,0,0,0,0,1.0774638885811023,
1637159400,75.528,75.61,73.859,75.61,,,,,,,0,0,0,0,0,0,1.0826224116986833,
1637173800,75.771,75.771,75.1645,75.167,,,,,,,1,0,0,0,0,0,1.0748860015451354,
1637245800,74.6,74.718,71.759,72.045,,,,,,,1,0,0,0,0,0,1.029355928884961,
1637260200,72.385,73.023,71.956,72.661,,,,,,,0,0,0,0,0,0,1.0374388657056393,
1637332200,73.395,73.695,72.677,72.677,,,,73.01633333333335,73.01633333333335,,0,1,0,0,0,0,1.0368230307289799,
1637346600,72.206,72.912,71.8,71.8,,,,73.44811331184957,71.75717554996385,,0,0,0,0,0,0,1.023379094964688,
1637591400,71.5095,71.632,69.331,70.18,,,,74.10035814479427,69.85664455652723,,0,0,0,0,0,0,0.9995862127142326,
1637605800,69.999,69.999,69.073,69.073,,,,74.2807774494801,68.73516763261779,,0,0,0,0,0,0,0.9835335097994939,
1637677800,69.898,70.699,68.103,68.727,,,,74.21618808825342,68.13111813870277,,0,0,0,0,0,0,0.9784573203915597,
1637692200,68.563,69.578,68.563,69.578,,,,74.14313269249155,67.96014031683217,,0,0,0,0,0,0,0.9906385916579457,
1637764200,68.134,70.349,68.134,69.974,,,,73.89658003552765,67.7653401689073,,0,0,0,0,0,0,0.996429252913939,
1637778600,69.935,70.115,69.0935,70.09,,,,73.45250679206325,67.74863687254708,,0,0,0,0,0,0,0.9984507582939391,
1637937000,67.85,67.85,65.586,66.446,,,,73.85058835174986,66.34527945283001,,0,0,0,0,0,0,0.947266638166555,
1638196200,68.68,70.014,67.554,69.804,,,,73.66584206781448,66.38036536370873,,0,0,0,0,0,0,0.9958004643980088,
1638210600,70.381,70.381,69.451,69.928,,,,73.56664734584561,66.46903082160782,,0,0,0,0,0,0,0.9981995489202357,
1638282600,71.405,71.586,69,70.013,,,,73.22549274085229,66.88417503482559,,0,0,0,0,0,0,0.9998985544796537,
1638297000,70.594,72.398,70.594,72.331,,,,73.40861085053055,67.04890017367669,,0,0,0,0,0,0,1.0332583839710787,
1638369000,72.727,73.919,72.0485,72.434,,,,73.76668332872049,67.07674090527192,,0,0,0,0,0,0,1.0349687880573721,
1638383400,72.6685,73.2835,70.374,70.374,,,,73.73662373231114,67.28406801584818,,0,0,0,0,0,0,1.0059460539195204,
1638455400,69.053,70.736,66.828,68.241,,,,73.63299745077691,67.1110111118303,,0,0,0,0,0,0,0.9757765174997342,
1638469800,67.7,68.529,67.364,68.2,,,,73.6119540148606,66.99527662935529,,0,0,0,0,0,0,0.9755332279758676,
1638541800,67.083,67.083,63.126,63.651,,,,74.39253051858897,65.01603210876901,,0,0,0,0,0,0,0.9112720430941796,
1638556200,63.351,63.351,61.751,63.082,,,,74.84006674701696,63.87937897497177,,0,0,0,0,0,0,0.9039285355720016,
1638801000,59.192,60.135,56.822,59.226,,,,76.01425325338771,61.48434624405324,,0,0,0,0,0,0,0.8495753155310559,
1638815400,59.541,60.3,59.541,59.684,,,,76.31416753709489,60.491874046616445,,0,0,0,0,0,0,0.8569548904219124,
1638887400,62.703,64.479,62.7,63.821,,,,76.27709414081171,60.41532296776454,,0,0,0,0,0,0,0.9165745050606727,
1638901800,63.9,64.131,62.42,62.81,,,,76.2334961359089,60.27189227831641,,0,0,0,0,0,0,0.90236314955238,
1638973800,63.593,63.924,62.9,63.541,,,,76.19547015771923,60.19194835803077,,0,0,0,0,0,0,0.913179961222891,
1638988200,63.786,63.786,63.355,63.629,,,,76.1627140332021,60.134937689581236,,0,0,0,0,0,0,0.9146036567101476,
1639060200,60.465,61.198,60.384,60.715,,,,76.20685109080836,59.71544396097094,,0,0,0,0,0,0,0.8731604002565251,
1639074600,60.019,60.019,58.972,59.294,,,,76.31187338898576,59.19677364223338,,0,0,0,0,0,0,0.8533748697151956,
1639146600,60.129,60.129,58.2885,59.398,,,,76.37551877235282,58.83382887914647,,0,0,0,0,0,0,0.8559158822133817,
1639161000,59.329,60.038,59.329,60.038,,,,76.39349171824335,58.624413256353414,,0,0,0,0,0,0,0.8660737785199994,
1639405800,58.7,59.037,56.957,57.945,,,,76.48790054895304,58.22660987213558,,0,0,0,0,0,0,0.8369371787977313,
1639420200,57.683,57.798,56.8,57.389,,,,76.56402505049121,57.93309582443188,,0,0,0,0,0,0,0.8300215994410348,
1639492200,56.043,58.45,56.043,56.609,,,,76.75480620923763,57.13539406351562,,0,0,0,0,0,0,0.8197778048097321,
1639506600,56.509,57.99,56.509,57.744,,,,76.78713003783113,56.94311173881689,,0,0,0,0,0,0,0.8372847237859034,
1639578600,57.998,57.998,54.958,55.344,,,,76.89755202958017,56.4937937387202,,0,0,0,0,0,0,0.8038122781352849,
1639593000,55.858,60.2415,55.858,59.919,,,,76.85516505335157,55.91133962157951,,0,0,0,0,0,0,0.8712965222327574,
1639665000,59.391,59.922,56.774,57.575,,,,76.81585174197228,55.302726006902425,,0,0,0,0,0,0,0.8381900683006385,
1639679400,57.366,57.366,56.002,56.699,,,,76.84135137414178,54.828279869028556,,0,0,0,0,0,0,0.8264276640408149,
1639751400,54.031,57.082,53.237,57.082,,,,76.8957450083412,54.258020717834924,,0,0,0,0,0,0,0.8330679693886447,
1639765800,57.311,57.696,56.653,57.143,,,,76.79126100051803,53.57453535035821,,0,0,0,0,0,0,0.8350200134268188,
1640010600,55.124,55.343,54.885,55.216,,,,76.80405234098937,53.3615310770207,,0,0,0,0,0,0,0.8079882692498687,
1640025000,54.499,55.049,54.4,54.555,,,,76.83941160359343,52.89893997204108,,0,0,0,0,0,0,0.7994965720362152,
1640097000,56.501,56.9135,55.946,56.731,,,,76.81408566834891,52.77454621190357,,0,0,0,0,0,0,0.8324030300199011,
1640111400,57.0275,57.0275,56.395,56.694,,,,76.78845989986775,52.67468519806775,,0,0,0,0,0,0,0.8328510812524463,
1640183400,56.5,57.582,56.5,56.663,,,,76.73030446625944,52.49802983106747,,0,0,0,0,0,0,0.8335282840142119,
1640197800,56.615,56.883,56.345,56.707,,,,76.71259689778424,52.43733030282247,,0,0,0,0,0,0,0.83524860414721,
1640269800,56.377,58.326,56.377,58.326,,,,76.60608351849093,52.26581302242956,,0,0,0,0,0,0,0.860090178593344,
1640284200,58.717,59.836,58.353,59.72,,,,76.42577848523358,52.18181827096355,,0,0,0,0,0,0,0.8814817227241656,
1640615400,60.265,61.651,60.265,61.651,,,,76.38375529539307,52.189343536962966,,0,0,0,0,0,0,0.9108206589065677,
1640629800,61.597,61.597,60.46,60.755,,,,76.3237324926659,52.196210994432846,,0,0,0,0,0,0,0.8984692384107603,
1640701800,58.235,58.413,56.704,56.939,,,,76.2260691749656,52.03339128775503,,0,0,0,0,0,0,0.8427492612433952,
1640716200,56.996,56.996,56.5,56.618,,,,76.18651660600965,51.940722553717094,,0,0,0,0,0,0,0.8386614200016743,
1640788200,56.759,56.759,55.647,55.851,,,,76.06160572958697,51.5542655657145,,0,0,0,0,0,0,0.827963118558217,
1640802600,55.834,55.834,55.186,55.711,,,,76.0114547496881,51.366712780526655,,0,0,0,0,0,0,0.826524518672167,
1640874600,56.28,57.445,56.102,57.216,,,,75.92248992689487,51.24113989757855,,0,0,0,0,0,0,0.8494500281171131,
1640889000,57.204,57.266,56.1,56.1,,,,75.87092592433673,51.15181230450407,,0,0,0,0,0,0,0.8335173771909846,
1640961000,57.151,57.45,55.217,55.29,,,,75.71584540585275,50.82497069076686,,0,0,0,0,0,0,0.8220536901073557,
1640975400,54.739,55.023,54.348,54.452,,,,75.67131257437285,50.61422898617359,,0,0,0,0,0,0,0.8101451723753978,
1641220200,55.187,56.086,54.3,55.292,,,,75.60538993932298,50.43941155313701,,0,0,0,0,0,0,0.823120592728733,
1641234600,55.378,56.133,55.378,55.8,,,,75.55675130672113,50.354007762950815,,0,0,0,0,0,0,0.8313275038202232,
1641306600,57.061,57.5995,54.729,55.715,,,,75.47578765012508,50.23795940161251,,0,0,0,0,0,0,0.8305636896856536,
1641321000,54.536,55.158,53.867,55.117,,,,75.42851730960689,50.0962148984634,,0,0,0,0,0,0,0.8221795970642599,
1641393000,54.328,54.85,52.33,52.863,,,,75.36495168932235,49.61888566559766,,0,0,0,0,0,0,0.7893709321279522,
1641407400,53.066,53.4,50.91,50.975,,,,75.37040991729592,49.192344593442044,,0,0,0,0,0,0,0.7620744841996709,
1641479400,50.095,50.634,47.959,50.01,,,,75.46634679663093,48.58748049331325,,0,0,0,0,0,0,0.7485561067260396,
1641493800,49.635,50.67,49.635,49.859,,,,75.49410758975637,48.26918157113009,,0,0,0,0,0,0,0.7472642644492312,
1641565800,48.643,49.562,47.333,48.513,,,,75.60209973993534,47.62732808417325,,0,0,0,0,0,0,0.7280990479975064,
1641580200,48.199,48.721,48.169,48.396,,,,,,,0,0,0,1,0,0,0.727265288497177,
1641825000,45.303,47.699,45.109,46.535,,,,,,,0,0,0,0,0,0,0.7001320587231797,
1641839400,46.623,48.178,46.623,48.159,,,,,,,0,0,0,0,0,0,0.72531940835219,
1641911400,48.206,51.015,48.206,50.853,,,,,,,0,0,0,0,0,0,0.7664468969471118,
1641925800,50.883,51.153,50.2,50.738,,,,,,,0,0,0,0,0,0,0.7652615349135691,
1641997800,52.585,52.844,51.247,51.839,,,,,,,0,0,0,0,0,0,0.7824736429100493,
1642012200,51.866,51.8715,51.378,51.404,,,,,,,0,0,0,0,0,0,0.7765555584361561,
1642084200,52.637,52.637,49.368,49.887,,,,,,,0,0,0,0,0,0,0.7544187364317781,
1642098600,50.056,50.056,48.792,48.953,,,,,,,0,0,0,0,0,0,0.7412159485028983,
1642170600,48.5295,50.183,48.461,48.957,,,,,,,0,0,0,0,0,0,0.742043649367584,
1642185000,48.519,49.86,48.519,49.86,,,,,,,0,0,0,0,0,0,0.7564779721539208,
1642516200,48.499,48.869,46.862,46.891,,,,,,,0,0,0,0,0,0,0.7122945077673083,
1642530600,47.14,47.691,46.765,46.845,,,,,,,0,0,0,0,0,0,0.7124777748558553,
1642602600,48.108,49.066,46.82,47.858,,,,,,,0,0,0,0,0,0,0.7285812251299376,
1642617000,47.408,47.408,45.917,46.029,,,,,,,0,0,0,0,0,0,0.7015173907015572,
1642689000,47.049,49.0495,47.049,47.8525,,,,,,,0,0,0,0,0,0,0.7299481177612708,
1642703400,47.595,47.673,45.595,45.751,,,,,,,0,0,0,0,0,0,0.6986344697752433,
1642775400,42.5,43.206,39.706,39.77,,,,,,,0,0,0,0,0,0,0.6083953895446319,
1642789800,39.83,40.372,36.868,37.605,,,,,,,0,0,0,0,0,0,0.5764134554076941,
1643034600,32.2,35.882,32.2,35.497,,,,,,,0,0,0,0,0,0,0.5454858925327253,
1643049000,35.541,37.231,35.102,37.059,,,,,,,0,0,0,0,0,0,0.5708541681811791,
1643121000,36.999,37.39,35.778,37.093,,,,,,,0,0,0,0,0,0,0.5726867463765036,
1643135400,37.29,37.938,36.407,36.407,,,,,,,0,0,0,0,0,0,0.5634663713347214,
1643207400,39.095,39.095,37.473,38.3,,,,,,,0,0,0,0,0,0,0.5942754451922924,
1643221800,38.031,39.045,34.684,35.365,,,,,,,0,0,0,0,0,0,0.5503732752876442,
1643293800,35.469,35.704,32.172,32.172,,,,,,,0,0,0,0,0,0,0.5024364084178697,
1643308200,32.377,33.104,31.788,31.788,,,,,,,0,0,0,0,0,0,0.4982229760013913,
1643380200,32.867,34.123,31.027,33.212,,,,,,,0,0,0,0,0,0,0.5224196216322723,
1643394600,33.313,33.9,32.324,33.838,,,,,,,0,0,0,0,0,0,0.5341867055811259,
1643639400,33.441,36.65,33.441,35.925,,,,,,,0,0,0,0,0,0,0.5691277860840972,
1643653800,35.963,36.98,35.963,36.802,,,,,,,0,0,0,0,0,0,0.5850592660828329,
1643725800,38.326,39.029,36.501,37.619,,,,,,,0,0,0,0,0,0,0.6002751244043587,
1643740200,37.567,37.567,36.545,37.226,,,,,,,0,0,0,0,0,0,0.5962103640351664,
1643812200,36.697,36.697,33.621,34.879,,,,,,,0,0,0,0,0,0,0.5606948235205906,
1643826600,35.165,35.481,34.725,34.938,,,,,,,0,0,0,0,0,0,0.5637448240579183,
1643898600,33.397,35.612,33.285,34.944,,,,,,,0,0,0,0,0,0,0.5660606590757782,
1643913000,34.852,34.852,34.024,34.044,,,,,,,0,0,0,0,0,0,0.5537152258885236,
1643985000,34.2535,38.77,34.2535,38.461,,,,,,,0,0,0,0,0,0,0.6278306368392824,
1643999400,38.838,39.719,38.826,39.087,,,,,,,0,0,0,0,0,0,0.6402951293854346,
1644244200,41.007,43.243,40.4915,41.58,,,,,,,0,0,0,0,0,0,0.6836197447507774,
1644258600,41.88,42.125,40.86,41.256,,,,,,,0,0,0,0,0,0,0.6807265648020253,
1644330600,40.6,41.9,40.526,41.9,,,,,,,0,0,0,0,0,0,0.6937930175440062,
1644345000,41.903,42.641,41.488,42.506,,,,,,,0,0,0,0,0,0,0.7062111223350529,
1644417000,43.01,43.611,42.241,43.537,,,,,,,0,0,0,0,0,0,0.7256437417611178,
1644431400,43.614,44.5115,43.481,44.5115,,,,,,,0,0,0,0,0,0,0.7441468248671633,
1644503400,43.8,46.133,43.8,45.235,,,,,,,0,0,0,0,0,0,0.7587429654013733,
1644517800,44.053,44.772,42.458,43.138,,,,,,,0,0,0,0,0,0,0.7261281248172506,
1644589800,43.308,44.254,42.448,43.5,,,,,,,0,0,0,0,0,0,0.7346068006885098,
1644604200,42.725,42.725,40.694,41.099,,,,,,,0,0,0,0,0,0,0.6965285943671606,
1644849000,42.68,42.7,41.6,42.105,,,,,,,0,0,0,0,0,0,0.7158717243955156,
1644863400,41.468,41.468,40.724,40.919,,,,,,,0,0,0,0,0,0,0.6980779713353553,
1644935400,43.2,43.654,42.614,42.986,,,,,,,0,0,0,0,0,0,0.7358955958070669,
1644949800,43.099,43.771,43.099,43.771,,,,,,,0,0,0,0,0,0,0.7518884610391132,
1645021800,42.584,42.872,41.75,42.339,,,,,,,0,0,0,0,0,0,0.7298308255406014,
1645036200,42.33,43.582,42.317,43.545,,,,,,,0,0,0,0,0,0,0.753125504737947,
1645108200,41.681,42.149,40.753,40.753,,,,,,,0,0,0,0,0,0,0.7073591798160286,
1645122600,40.7,40.7,40.188,40.571,,,,,,,0,0,0,0,0,0,0.7066513668554879,
1645194600,40.287,40.715,38.665,38.665,,,,,,,0,0,0,0,0,0,0.6759925322540454,
1645209000,39.065,39.987,39.059,39.578,,,,,,,0,0,0,0,1,0,0.6944720462545906,
1645540200,37.513,38.862,37.1,37.17,,,,,,,0,0,0,0,1,0,0.6548879253152579,
1645554600,37.391,38.51,36.988,37.841,,,,,,,0,0,0,0,1,0,0.6692707119474028,
1645626600,38.8,38.8,36.8605,36.8605,,,,,,,0,0,0,0,1,0,0.6546284143582511,
1645641000,36.995,37.3745,36.417,36.544,,,,,,,0,0,0,0,1,0,0.6517472836192395,
1645713000,34.171,36.642,33.8,35.795,,,,,,,0,0,0,0,1,0,0.6417568016175137,
1645727400,36.1,39.9,36.1,39.755,,,,,,,0,0,0,0,1,0,0.7160281353062264,
1645799400,40.67,41.078,39.751,40.297,,,,,,,0,0,0,0,1,0,0.7290829026581733,
1645813800,39.731,40.478,39.731,40.478,,,,,,,0,0,0,0,1,0,0.7358411544166439,
1646058600,40.341,44.5,40.341,43.554,,,,,,,0,0,0,0,1,0,0.7951913964547168,
1646073000,43.788,44.514,43.248,44.339,,,,,,,0,0,0,0,1,0,0.8129332966722244,
1646145000,46.681,46.682,45.2,45.995,,,,,,,0,0,0,0,0,0,0.846540091800808,
1646159400,46.131,47.249,46.003,46.417,,,,,,,0,0,0,0,0,0,0.8576965179867615,
1646231400,46,46.906,45.176,45.8,,,,,,,0,0,0,0,0,0,0.8504029351419528,
1646245800,45.707,45.954,45.37,45.907,,,,,,,0,0,0,0,0,0,0.8564896021502569,
1646317800,45.602,45.602,43.343,44.099,,,,,,,0,0,0,0,0,0,0.8268499652734501,
1646332200,43.8,43.8,42.669,42.951,,,,,,,0,0,0,0,0,0,0.8095302802996803,
1646404200,42.646,42.646,41.222,42,,,,,,,0,0,0,0,0,0,0.7955768858151032,
1646418600,41.237,41.274,40.755,41.09,,,,,,,0,0,0,0,0,0,0.7822132953600542,
1646663400,41.614,42.285,40.351,41.1,,,,,,,0,0,0,0,0,0,0.7864060932924153,
1646677800,40.364,40.364,38.895,38.895,,,,,,,0,0,0,0,0,0,0.7481599656096297,
1646749800,39.501,42.5,39.4,42.1,,,,,,,0,0,0,0,0,0,0.8137221068238628,
1646764200,41.7,41.938,40.9,41.09,,,,,,,0,0,0,0,0,0,0.798178099382539,
1646836200,44.323,45.396,44.323,44.779,,,,,,,0,0,0,0,0,0,0.8735673978358378,
1646850600,44.5,44.5,43.454,43.67,,,,,,,0,0,0,0,0,0,0.8557932411317591,
1646922600,41.255,41.935,40.71,40.83,,,,,,,0,0,0,0,0,0,0.8037526618873618,
1646937000,40.902,42.289,40.902,42.117,,,,,,,0,0,0,0,0,0,0.8325814471453404,
1647009000,42.038,42.038,39.925,39.99,,,,,,,0,0,0,0,0,0,0.7941419690280221,
1647023400,39.683,39.683,39.087,39.155,,,,,,,0,0,0,0,0,0,0.7811642749267323,
1647264600,38.915,39.288,36.752,36.888,,,,,,,0,0,0,0,0,0,0.7392817279697347,
1647279000,36.526,37.012,36.391,37.012,,,,,,,0,0,0,0,0,0,0.7452017455318799,
1647351000,37.09,38.687,36.396,38.031,,,,,,,0,0,0,0,0,0,0.7691799806948367,
1647365400,38.025,39.605,38.025,39.605,,,,,,,0,0,0,0,0,0,0.8043934675195734,
1647437400,40.865,42.072,40.865,41.167,,,,,,,0,0,0,0,0,0,0.83930912867396,
1647451800,41.374,42.909,40.2,42.901,,,,,,,0,0,0,0,0,0,0.8776832184531591,
1647523800,43.4,44.028,43,43,,,,,,,0,0,0,0,0,0,0.882705988514493,
1647538200,43.333,43.52,43.333,43.362,,,,,,,0,0,0,0,0,0,0.893238484060487,
1647610200,43.661,45.475,43.287,45.446,,,,,,,0,0,0,0,0,0,0.9392296685496482,
1647624600,45.483,45.677,45.196,45.402,,,,,,,0,0,0,0,0,0,0.9414192651487492,
1647869400,44.891,45.18,43.112,43.282,,,,,,,0,0,0,0,0,0,0.9002503271080002,
1647883800,43.363,43.792,43.363,43.724,,,,,,,0,0,0,0,0,0,0.9126377370658483,
1647955800,44.95,46.327,44.95,45.711,,,,,,,0,0,0,0,0,0,0.957233438972731,
1647970200,45.868,46.679,45.868,45.966,,,,,,,0,0,0,0,0,0,0.9657108161880424,
1648042200,45.25,47.0005,45.25,46.0225,,,,,,,0,0,0,0,0,0,0.9703580829602877,
1648056600,45.872,45.872,44.99,45.111,,,,,,,0,0,0,0,0,0,0.9546879236883747,
1648128600,45.996,48.055,45.205,48.055,,,,,,,0,0,0,0,0,0,1.0201006470362277,
1648143000,47.926,48.385,47.713,48.354,,,,,,,0,0,0,0,0,0,1.0292510108669932,
1648215000,49.252,49.252,46.414,46.414,,,,,,,0,0,0,0,0,0,0.9909213146628384,
1648229400,46.51,47.328,46.51,47.328,,,,,,,0,0,0,0,0,0,1.0127117702286907,
1648474200,49.799,51.166,49.091,49.1,,,,,,,0,0,0,0,0,0,1.0526604070913959,
1648488600,50.515,50.982,50.515,50.982,,,,,,,0,0,0,0,0,0,1.0942565795932817,
1648560600,51.346,51.768,50.012,51.086,,,,,,,0,0,0,0,0,0,1.0977958348439312,
1648575000,51.624,52.214,51.624,51.994,,,,,,,0,0,0,0,0,0,1.1191430540966765,
1648647000,50.6,51.5,50.009,51.3,,,,,,,0,0,0,0,0,0,1.105972823515308,
1648661400,51.071,51.3405,50.041,50.041,,,,,,,0,0,0,0,0,0,1.0808596816821636,
1648733400,50.3,50.406,48.782,48.87,,,,,,,0,0,0,0,0,0,1.0577421345365734,
1648747800,49.323,49.534,48.693,48.715,,,,,,,0,0,0,0,0,0,1.05615707969646,
1648819800,48.204,49.7,47.898,48.847,,,,,,,0,0,0,0,0,0,1.0605686428650285,
1648834200,48.853,49.074,48.853,49.073,,,,,,,0,0,0,0,0,0,1.0670187991499567,
1649079000,49.4,49.458,48.938,49.398,,,,,,,0,0,0,0,0,0,1.075690998235864,
1649093400,49.41,50.179,49.101,50.083,,,,,,,0,0,0,0,0,0,1.0918135066275778,
1649165400,50.694,50.699,47.362,48.508,,,,,,,0,0,0,0,0,0,1.058800898554383,
1649179800,48.508,48.923,48.257,48.75,,,,,,,0,0,0,0,0,0,1.0652620597533609,
1649251800,47.076,47.076,44.854,44.854,,,,,,,0,0,0,0,0,0,0.9819128344515565,
1649266200,45.679,45.786,45.189,45.461,,,,,,,0,0,0,0,0,0,0.9965919209702447,
1649338200,46.28,46.28,44.6,45.262,,,,,,,0,0,0,0,0,0,0.9942905896417118,
1649352600,45.659,46.595,45.65,46.371,,,,,,,0,0,0,0,0,0,1.0202725712171061,
1649424600,45.9,46.805,45.549,45.666,,,,,,,0,0,0,0,0,0,1.0063369586636148,
1649439000,45.775,46.101,45.281,45.359,,,,,,,0,0,0,0,0,0,1.0012403988359342,
1649683800,43.9115,44.687,42.602,43.616,,,,,,,0,0,0,0,0,0,0.9646242056683921,
1649698200,43.836,44.186,43.5,43.599,,,,,,,0,0,0,0,0,0,0.9658492014410612,
1649770200,44.981,47.593,44.95,45.192,,,,,,,0,0,0,0,0,0,1.0024804548969957,
1649784600,45.307,45.307,43.812,44.119,,,,,,,0,0,0,0,0,0,0.9804480863724585,
1649856600,44.319,46.475,44.319,46.025,,,,,,,0,0,0,0,0,0,1.0243716854339815,
1649871000,45.857,46.358,45.857,46.358,,,,,,,0,0,0,0,0,0,1.033312232288281,
1649943000,46.652,46.78,44.8,45.092,,,,,,,0,0,0,0,0,0,1.0067749153117587,
1649957400,45.474,45.539,44.98,44.98,,,,,,,0,0,0,0,0,0,1.0062086504299905,
1650288600,44.29,44.488,43.156,44.077,,,,,,,0,0,0,0,0,0,0.9882395195999335,
1650303000,43.959,45.168,43.959,44.649,,,,,,,0,0,0,0,0,0,1.0035322167048817,
1650375000,44.951,46.689,44.5,46.64,,,,,,,0,0,0,0,0,0,1.0504319816521692,
1650389400,46.162,47.048,46.162,46.941,,,,,,,0,0,0,0,0,0,1.0587492394999345,
1650461400,47.1,47.1,45.522,45.6,,,,,,,0,0,0,0,0,0,1.0301547637006006,
1650475800,45.489,45.5,44.9505,44.9505,,,,,,,0,0,0,0,0,0,1.0170977377390715,
1650547800,46.45,46.9005,43.95,43.95,,,,,,,0,0,0,0,0,0,0.996169669311446,
1650562200,43.972,43.972,42.6695,42.852,,,,,,,0,0,0,0,0,0,0.9733268787387377,
1650634200,42.571,43.338,41.417,41.5,,,,,,,0,0,0,0,0,0,0.9446390138923255,
1650648600,40.995,41.525,40.9,40.909,,,,,,,0,0,0,0,0,0,0.9331571867574849,
1650893400,40.7,42.258,40.7,42.253,,,,,,,0,0,0,0,0,0,0.9655479931554355,
1650907800,42.152,42.8,42,42.715,,,,,,,0,0,0,0,0,0,0.977918703281861,
1650979800,42.187,42.187,39.803,39.803,,,,,,,0,0,0,0,0,0,0.9134094884826034,
1650994200,39.783,39.783,39.125,39.125,,,,,,,0,0,0,0,0,0,0.9000613039796539,
1651066200,39.455,40.287,38.633,39.4,,,,,,,0,0,0,0,0,0,0.9085068718570183,
1651080600,38.564,38.7,38.54,38.54,,,,,,,0,0,0,0,0,0,0.8905741174446583,
1651152600,39.404,39.735,37.012,39.094,,,,,,,0,0,0,0,0,0,0.9049787744269208,
1651167000,39.543,40.38,39.543,40.001,,,,,,,0,0,0,0,0,0,0.9273609589749515,
1651239000,39.27,40.957,37.782,37.782,,,,,,,0,0,0,0,0,0,0.8775019840858082,
1651253400,37.78,37.78,35.359,35.359,,,,,,,0,0,0,0,0,0,0.8228486897038693,
1651498200,35.645,36.8,34.999,35.326,,,,,,,0,0,0,0,0,0,0.8236970730896088,
1651512600,34.9285,36.601,34.443,36.601,,,,,,,0,0,0,0,0,0,0.8547035394953626,
1651584600,35.85,36.8,34.952,35.022,,,,,,,0,0,0,0,0,0,0.8194527124470347,
1651599000,35.425,35.5,34.137,34.386,,,,,,,0,0,0,0,0,0,0.8065764255917465,
1651671000,34.6,34.9,32.594,34.248,,,,,,,0,0,0,0,0,0,0.8053491505279589,
1651685400,33.348,36.819,32.643,36.636,,,,,,,0,0,0,0,0,0,0.8634951085899947,
1651757400,35.6,35.6,31.695,32.348,,,,,,,0,0,0,0,0,0,0.7646444547553903,
1651771800,32.116,32.191,30.647,31.4465,,,,,,,0,0,0,0,0,0,0.7454310645553448,
1651843800,30.8,30.8,28.2545,29.686,,,,,,,0,0,0,0,0,0,0.7057785017585684,
1651858200,29.713,29.713,29.004,29.474,,,,,,,0,0,0,0,0,0,0.7028386189780449,
1652103000,26.819,27.089,22.8,23.025,,,,,,,0,0,0,0,0,0,0.5513315532738721,
1652117400,23.026,23.1,21.44,22,,,,,,,0,0,0,0,0,0,0.5288214678564173,
1652189400,23.969,24.828,20.859,22.378,,,,,,,0,0,0,0,0,0,0.5399563562819342,
1652203800,22.508,23.382,22.459,22.582,,,,,,,0,0,0,0,0,0,0.5470310654369317,
1652275800,19.914,21.776,17.392,17.392,,,,,,,0,0,0,0,0,0,0.423201480834692,
1652290200,17.45,17.968,16.501,16.856,,,,,,,0,0,0,0,0,0,0.4121645556750206,
1652362200,15.449,20.494,13.437,16.956,,,,,,,0,0,0,0,0,0,0.4165017532524493,
1652376600,16.956,17.051,15.8,17.051,,,,,,,0,0,0,0,0,0,0.4203487270315818,
1652448600,20.292,21.911,19.33,20.24,,,,,,,0,0,0,0,0,0,0.5003472462839387,
1652463000,20.278,20.542,19.578,20.37,,,,,,,0,0,0,0,0,0,0.5047787593075755,
1652707800,19.9025,20.466,19.312,19.928,,,,,,,0,0,0,0,0,0,0.4951819855998623,
1652722200,20.154,20.729,20.076,20.099,,,,,,,0,0,0,0,0,0,0.5007954371094301,
1652794200,21.418,22.347,20.575,22.016,,,,,,,0,0,0,0,0,0,0.549832209561014,
1652808600,21.9915,22.542,21.437,22.5,,,,,,,0,0,0,0,0,0,0.5633538900292826,
1652880600,21.568,22.295,20,20.029,,,,,,,0,0,0,0,0,0,0.5027305299293563,
1652895000,20.094,20.16,19.605,19.771,,,,,,,0,0,0,0,0,0,0.4972532663579955,
1652967000,20.45,21.943,19.939,21.496,,,,,,,0,0,0,0,0,0,0.541542494372477,
1652981400,21.35,21.897,20.966,21.017,,,,,,,0,0,0,0,0,0,0.5305267419589853,
1653053400,21.2,21.578,18.93,18.977,,,,,,,0,0,0,0,0,0,0.48019371424536816,
1653067800,19.313,20.343,19.002,20.233,,,,,,,0,0,0,0,0,0,0.513290436854539,
1653312600,20.897,21.5,19.854,20.723,,,,,,,0,0,0,0,0,0,0.5271084053135459,
1653327000,20.831,20.93,20.156,20.4195,,,,,,,0,0,0,0,0,0,0.5208587212441542,
1653399000,19.986,20.133,18.61,18.652,,,,,,,0,0,0,0,0,0,0.47723223593106173,
1653413400,18.692,19.405,18.57,19.383,,,,,,,0,0,0,0,0,0,0.49720751936664415,
1653485400,19.348,20.228,19.348,19.435,,,,,,,0,0,0,0,0,0,0.4998237921716606,
1653499800,19.563,20.343,19.488,19.841,,,,,,,0,0,0,0,0,0,0.5115470707871147,
1653571800,18.011,22,17.6635,21.443,,,,,,,0,0,0,0,0,0,0.5540115714078551,
1653586200,21.606,21.716,21.162,21.584,,,,,,,0,0,0,0,0,0,0.5592277204122169,
1653658200,22.648,23.365,21.299,21.499,,,,,,,0,0,0,0,0,0,0.5586678860415392,
1653672600,21.459,22.014,21.3,21.877,,,,,,,0,0,0,0,0,0,0.5703745705288157,
1654003800,23.658,27.248,22.963,26.179,,,,,,,0,0,0,0,0,0,0.6842711455685268,
1654018200,26.463,26.825,25.41,26.396,,,,,,,0,0,0,0,0,0,0.6917517073656521,
1654090200,25.868,26.2,23.407,23.506,,,,,,,0,0,0,0,0,0,0.6179996644910608,
1654104600,23.496,24.583,23.437,23.778,,,,,,,0,0,0,0,0,0,0.6272531120218966,
1654176600,24.099,24.968,23.544,24.747,,,,,,,0,0,0,0,0,0,0.6550182099633758,
1654191000,24.885,24.885,24.005,24.37,,,,,,,0,0,0,0,0,0,0.6473460542669777,
1654263000,23.58,23.616,22.413,22.654,,,,,,,0,0,0,0,0,0,0.6038834505645533,
1654277400,22.455,22.807,22.455,22.766,,,,,,,0,0,0,0,0,0,0.609040744387927,
1654522200,24.399,24.63,23.516,23.516,,,,,,,0,0,0,0,0,0,0.6310198782739536,
1654536600,23.686,23.702,23.52,23.658,,,,,,,0,0,0,0,0,0,0.6368641121578601,
1654608600,22.101,23.213,21.878,23.199,,,,,,,0,0,0,0,0,0,0.6264358800170281,
1654623000,23.318,24.105,23.318,23.964,,,,,,,0,0,0,0,0,0,0.6492444472410893,
1654695000,24.35,24.69,23.55,23.55,,,,,,,0,0,0,0,0,0,0.6402912230943724,
1654709400,23.496,23.603,23.28,23.28,,,,,,,0,0,0,0,0,0,0.6350734464271186,
1654781400,23,23.352,22.337,22.528,,,,,,,0,0,0,0,0,0,0.6168407175217914,
1654795800,22.413,22.413,21.7,21.783,,,,,,,0,0,0,0,0,0,0.5984472716563852,
1654867800,21.2,21.2,19.787,20.008,,,,,,,0,0,0,0,0,0,0.5516932211116182,
1654882200,20.164,20.622,19.953,20.287,,,,,,,0,0,0,0,0,0,0.5612210886991458,
1655127000,14.856,16.743,14.564,15.815,,,,,,,0,0,0,0,0,0,0.4393707918819134,
1655141400,15.99,15.99,14.498,15.217,,,,,,,0,0,0,0,0,0,0.42442725618940536,
1655213400,15.036,16.718,14.586,16.718,,,,,,,0,0,0,0,0,0,0.4680717664642894,
1655227800,16.298,16.298,15.421,15.698,,,,,,,0,0,0,0,0,0,0.44120028294088115,
1655299800,16,17.629,15.82,16.123,,,,,,,0,0,0,0,0,0,0.4548292914821193,
1655314200,16.099,17.602,15.782,17.157,,,,,,,0,0,0,0,0,0,0.485645761754197,
1655386200,16.552,16.555,15.475,16.145,,,,,,,0,0,0,0,0,0,0.4589790589744007,
1655400600,16.276,16.276,15.706,16.188,,,,,,,0,0,0,0,0,0,0.4622454590924544,
1655472600,15.888,16.749,15.84,16.25,,,,,,,0,0,0,0,0,0,0.46609622964929054,
1655487000,16.301,16.856,16.162,16.756,,,,,,,0,0,0,0,1,0,0.4830049641732609,
1655818200,17.3,19.445,17.3,18.692,,,,,,,0,0,0,0,1,0,0.5413939540486171,
1655832600,18.7555,18.948,17.794,17.794,,,,,,,0,0,0,0,1,0,0.5181146740140152,
1655904600,17.34,18.699,16.858,17.471,,,,,,,0,0,0,0,1,0,0.5114910560060899,
1655919000,17.417,17.732,17.048,17.086,,,,,,,0,0,0,0,1,0,0.5029473256810547,
1655991000,17.72,18.286,16.95,17.378,,,,,,,0,0,0,0,1,0,0.5143293262749636,
1656005400,17.611,18.882,17.611,18.879,,,,,,,0,0,0,0,1,0,0.5614575722504317,
1656077400,19.449,20.722,19.449,20.091,,,,,,,0,0,0,0,1,0,0.6001344764668113,
1656091800,19.998,20.515,19.874,20.515,,,,,,,0,0,0,0,1,0,0.6153475347105107,
1656336600,20.196,20.196,18.499,19.53,,,,,,,0,0,0,0,1,0,0.5882567843905724,
1656351000,19.452,19.795,19.361,19.7,,,,,,,0,0,0,0,1,0,0.5958552205483899,
1656423000,19.6,20.319,18.61,18.8,,,,,,,0,0,0,0,1,0,0.5708719726545666,
1656437400,18.65,18.829,18.515,18.637,,,,,,,0,0,0,0,1,0,0.568535698322912,
1656509400,18.1,18.39,17.255,17.75,,,,,,,0,0,0,0,1,0,0.543975890869885,
1656523800,17.759,18.04,17.526,17.906,,,,,,,0,0,0,0,1,0,0.5516880430055205,
1656595800,17.224,17.485,16.358,16.936,,,,,,,0,0,0,0,1,0,0.5245898232276099,
1656610200,16.923,17.017,16.308,16.417,,,,,,,0,0,0,0,1,0,0.5110069002855424,
1656682200,16.526,17.165,16.143,16.54,,,,,,,0,0,0,0,1,0,0.5174934881850728,
1656696600,16.559,16.872,16.518,16.655,,,,,,,0,0,0,0,1,0,0.5235576344875018,
1657027800,16.156,18.139,16.156,18.139,,,,,,,0,0,0,0,1,0,0.572648629117622,
1657042200,18.0805,18.818,18.025,18.741,,,,,,,0,0,0,0,1,0,0.5938487284460995,
1657114200,18.621,19.306,18.357,18.883,,,,,,,0,0,0,0,1,0,0.6005741318512879,
1657128600,18.826,19.287,18.537,18.86,,,,,,,0,0,0,0,1,0,0.6022115768495969,
1657200600,19.023,21.149,19.023,20.979,,,,,,,0,0,0,0,0,0,0.6724527922627951,
1657215000,20.974,22.024,20.959,21.965,,,,,,,0,0,0,0,0,0,0.7068645636222227,
1657287000,21.166,23.585,20.668,22.266,,,,,,,0,0,0,0,0,0,0.719634280833836,
1657301400,22.162,22.345,21.959,22.107,39.75182580645164,19.87591290322582,,,,,0,0,0,0,0,1,0.717621747640483,
1657546200,21.257,21.257,19.911,20.216,39.75182580645164,19.87591290322582,,,,,0,0,0,0,0,0,0.6594339964122858,
1657560600,20.476,20.476,19.859,20.058,39.429245161290346,19.714622580645173,,,,,0,0,0,0,0,0,0.6577946269283241,
1657632600,19.957,20.281,19.119,19.331,39.429245161290346,19.714622580645173,,,,,0,0,0,0,0,0,0.6374692493882854,
1657647000,19.391,19.401,18.86,19.252,39.12570967741937,19.562854838709686,,,,,0,0,0,0,0,0,0.63812647780299,
1657719000,18.675,20.114,18.301,20.114,39.12570967741937,19.562854838709686,,,,,0,0,0,0,0,0,0.670081477894535,
1657733400,20.269,20.327,19.531,19.609,38.803174193548415,19.401587096774207,,,,,0,0,0,0,0,0,0.6569433388139941,
1657805400,19.477,20.481,18.7395,20.125,38.803174193548415,19.401587096774207,,,,,0,0,0,0,0,0,0.6780174015862698,
1657819800,20.1,20.496,20.069,20.426,38.46972903225809,19.234864516129043,,,,,0,0,0,0,0,0,0.6920082222737324,
1657891800,21.087,21.103,20.229,20.8135,38.46972903225809,19.234864516129043,,,,,0,0,0,0,0,0,0.7089010678477535,
1657906200,20.8,21.405,20.8,21.391,38.152638709677454,19.076319354838727,,,,,0,0,0,0,0,0,0.7328644887948554,
1658151000,22.983,24.594,22.983,23.483,38.152638709677454,19.076319354838727,,,,,0,0,0,0,0,0,0.8089845511558349,
1658165400,23.46,23.46,22.459,22.569,37.85732903225809,18.928664516129047,,,,,0,0,0,0,0,0,0.7816399044030371,
1658237400,23.943,26.351,23.205,26.166,37.85732903225809,18.928664516129047,,,,,0,0,0,0,0,0,0.9105213980038137,
1658251800,26.346,26.82,26.346,26.66,37.62260645161294,18.81130322580647,,,,,0,0,0,0,0,0,0.9324088744800706,
1658323800,27.868,29.8935,27.212,28.114,37.62260645161294,18.81130322580647,,,,,0,0,0,0,0,0,0.9883610426524374,
1658338200,28.197,29.65,27.7,28.872,37.42409032258068,18.71204516129034,,,,,0,0,0,0,0,0,1.0201487563064593,
1658410200,27.766,28.995,27.138,28.78,37.42409032258068,18.71204516129034,,,,,0,0,0,0,0,0,1.02230794228013,
1658424600,28.269,28.978,28.157,28.917,37.2057290322581,18.60286451612905,,,,,0,0,0,0,0,0,1.0324704717040891,
1658496600,29.477,29.648,27.591,27.697,37.2057290322581,18.60286451612905,,,,,0,0,0,0,0,0,0.994027087422499,
1658511000,27.535,28.296,27.535,28.288,36.976941935483914,18.488470967741957,,,,,0,0,0,0,0,0,1.0200991147790646,
1658755800,26.918,27.4,26.353,27.308,36.976941935483914,18.488470967741957,,,,,0,0,0,0,0,0,0.9896881858156085,
1658770200,26.638,26.668,26.3,26.556,36.76660645161294,18.38330322580647,,,,,0,0,0,0,0,0,0.9674769441005641,
1658842200,24.834,25.4,23.82,24.18,36.76660645161294,18.38330322580647,,,,,0,0,0,0,0,0,0.8861000109228687,
1658856600,24.159,24.159,23.604,23.736,36.532283870967774,18.266141935483887,,,,,0,0,0,0,0,0,0.8751387965164571,
1658928600,24.7,25.038,24.219,24.588,36.532283870967774,18.266141935483887,,,,,0,0,0,0,0,0,0.9120830651949106,
1658943000,24.573,26.721,24.573,26.26,36.332774193548424,18.166387096774212,,,,,0,0,0,0,0,0,0.9793195938745786,
1659015000,26.977,27.531,25.65,27.247,36.332774193548424,18.166387096774212,,,,,0,0,0,0,0,0,1.0214124191305396,
1659029400,27.166,27.642,27.133,27.611,36.136219354838744,18.068109677419372,,,,,0,0,0,0,0,0,1.039392282757503,
1659101400,27,28.009,26.901,27.251,36.136219354838744,18.068109677419372,,,,,0,0,0,0,0,0,1.0303974071651798,
1659115800,27.23,28.781,27.23,28.628,35.93458709677422,17.96729354838711,,,,,0,0,0,0,0,0,1.0868739349782237,
1659360600,27.641,28.658,27.37,27.64,35.93458709677422,17.96729354838711,,,,,0,0,0,0,0,0,1.0542007100512507,
1659375000,27.515,27.78,27.262,27.6,35.74671612903228,17.87335806451614,,,,,0,0,0,0,0,0,1.0573756026521886,
1659447000,27.695,29.376,27.597,28.851,35.74671612903228,17.87335806451614,,,,,0,0,0,0,0,0,1.1098306479593023,
1659461400,28.731,28.731,27.803,27.803,35.55747741935486,17.77873870967743,,,,,0,0,0,0,0,0,1.0737303306677761,
1659533400,28.399,32.3705,28.399,31.658,35.55747741935486,17.77873870967743,,,,,0,0,0,0,0,0,1.2262557714356541,
1659547800,31.568,31.622,30.941,31.355,35.407341935483885,17.703670967741942,,,,,0,0,0,0,0,0,1.218733441547613,
1659619800,32.67,33.197,30.592,30.974,35.407341935483885,17.703670967741942,,,,,0,0,0,0,0,0,1.207906059997655,
1659634200,30.705,31.076,30.539,30.874,35.24076774193551,17.620383870967753,,,,,0,0,0,0,0,0,1.2086134738706253,
1659706200,30.7,32.999,30.7,31.83,35.24076774193551,17.620383870967753,,,,,0,0,0,0,0,0,1.2506264349066638,
1659720600,32.003,32.003,31.243,31.943,35.07893548387099,17.539467741935496,,,,,0,0,0,0,0,0,1.2592635829852734,
1659965400,33.679,35.087,32.877,33.036,35.07893548387099,17.539467741935496,,,,,0,0,0,0,0,0,1.3063203949130708,
1659979800,33.214,33.502,32.87,32.969,34.90654838709679,17.453274193548395,,,,,0,0,0,0,0,0,1.3073758769445516,
1660051800,31.871,32.552,31.467,31.879,34.90654838709679,17.453274193548395,,,,,0,0,0,0,0,0,1.2682958193744718,
1660066200,31.846,32.176,31.795,31.9,34.7201612903226,17.3600806451613,,,,,0,0,0,0,0,0,1.2739511577767058,
1660138200,34.568,34.568,32.847,34.105,34.7201612903226,17.3600806451613,,,,,0,0,0,0,0,0,1.3665289179287743,
1660152600,33.93,34.25,33.599,33.625,34.57037419354841,17.285187096774205,,,,,0,0,0,0,0,0,1.351479778789712,
1660224600,35.351,36.1245,33.8,34.025,34.57037419354841,17.285187096774205,,,,,0,0,0,0,0,0,1.3714422497698928,
1660239000,33.975,34.02,33.156,33.661,34.42901935483872,17.21450967741936,,,,,0,0,0,0,0,0,1.3604104498675624,
1660311000,34.079,34.575,33.404,34.233,34.42901935483872,17.21450967741936,,,,,0,0,0,0,0,0,1.386644105224302,
1660325400,34.287,35.313,34.2625,35.25,34.293858064516144,17.146929032258072,,,,,0,0,0,0,0,0,1.4301746900633776,
1660570200,34.757,35.797,34.564,35.618,34.293858064516144,17.146929032258072,,,,,0,0,0,0,0,0,1.4471094913259903,
1660584600,35.413,35.413,34.928,34.928,34.167787096774205,17.083893548387103,,,,,0,0,0,0,0,0,1.421805665146466,
1660656600,34.448,34.712,33.154,34.228,34.167787096774205,17.083893548387103,,,,,0,0,0,0,0,0,1.396423411084522,
1660671000,34.4,35.003,34.011,34.236,34.02867741935486,17.01433870967743,,,,,0,0,0,0,0,0,1.3987994467095493,
1660743000,33.2,33.8,32.159,32.335,34.02867741935486,17.01433870967743,,,,,0,0,0,0,0,0,1.3234980534754555,
1660757400,32.637,33.299,32.368,32.49,33.88295483870969,16.941477419354847,,,,,0,0,0,0,0,0,1.3322733594931702,
1660829400,32.26,32.783,32.087,32.14,33.88295483870969,16.941477419354847,,,,,0,0,0,0,0,0,1.3201565892222678,
1660843800,32.461,32.708,32.124,32.404,33.763780645161305,16.881890322580652,,,,,0,0,0,0,0,0,1.3333643050510666,
1660915800,30.2,30.327,28.213,29.028,33.763780645161305,16.881890322580652,,,,,0,0,0,0,0,0,1.197937806991631,
1660930200,28.989,29.158,28.262,28.307,33.624670967741956,16.812335483870978,,,,,0,0,0,0,0,0,1.1711377459525127,
1661175000,27.201,27.903,26.687,26.809,33.624670967741956,16.812335483870978,,,,,0,0,0,0,0,0,1.1116984910829788,
1661189400,26.802,26.993,26.63,26.808,33.48605161290324,16.74302580645162,,,,,0,0,0,0,0,0,1.1141960895987155,
1661261400,27.3,28.329,25.9,26.271,33.48605161290324,16.74302580645162,,,,,0,0,0,0,0,0,1.0949100592452632,
1661275800,26.351,26.9,26.329,26.537,33.34660000000001,16.673300000000005,,,,,0,0,0,0,0,0,1.1085253883760788,
1661347800,26.802,27.655,26.462,27.213,33.34660000000001,16.673300000000005,,,,,0,0,0,0,0,0,1.1389655944775758,
1661362200,27.25,27.429,27.069,27.416,33.19682580645163,16.598412903225814,,,,,0,0,0,0,0,0,1.1495826571945695,
1661434200,27.839,27.997,26.735,27.095,33.19682580645163,16.598412903225814,,,,,0,0,0,0,0,0,1.1390627693161417,
1661448600,27.134,27.334,26.857,27.334,33.04080645161292,16.52040322580646,,,,,0,0,0,0,0,0,1.150675050003578,
1661520600,27.227,27.399,25.032,25.332,33.04080645161292,16.52040322580646,,,,,0,0,0,0,0,0,1.0681710353352891,
1661535000,25.18,25.268,24.8,24.86,32.885716129032275,16.442858064516138,,,,,0,0,0,0,0,0,1.049646340579769,
1661779800,24.422,25.41,24.303,24.494,32.885716129032275,16.442858064516138,,,,,0,0,0,0,0,0,1.0355978315720444,
1661794200,24.592,24.999,24.551,24.552,32.721458064516156,16.360729032258078,,,,,0,0,0,0,0,0,1.0376178599970058,
1661866200,24.896,24.896,23.61,23.6125,32.721458064516156,16.360729032258078,,,,,0,0,0,0,0,0,0.997474112583773,
1661880600,23.719,24.162,23.662,24.047,32.57432903225809,16.287164516129046,,,,,0,0,0,0,0,0,1.015367046735049,
1661952600,24.795,25.125,23.894,23.902,32.57432903225809,16.287164516129046,,,,,0,0,0,0,0,0,1.008881746323622,
1661967000,23.893,23.893,22.324,23.138,32.42667741935487,16.213338709677434,,,,,0,0,0,0,0,0,0.9751082161334582,
1662039000,22.206,22.772,21.358,21.833,32.42667741935487,16.213338709677434,,,,,0,0,0,0,0,0,0.9188679898477223,
1662053400,21.881,22.189,21.718,22.099,32.27402580645165,16.137012903225823,,,,,0,0,0,0,0,0,0.928765946220242,
1662125400,22.503,22.732,21.609,21.789,32.27402580645165,16.137012903225823,,,,,0,0,0,0,0,0,0.9145624923753622,
1662139800,21.7695,22.004,21.612,21.76,32.172200000000025,16.086100000000012,,,,,0,0,0,0,0,0,0.9129694691997994,
1662471000,21.82,21.889,20.637,20.689,32.172200000000025,16.086100000000012,,,,,0,0,0,0,0,0,0.8679593058858953,
1662485400,20.638,20.924,20.29,20.427,32.06497419354841,16.032487096774204,,,,,0,0,0,0,0,0,0.8568519728567536,
1662557400,20.432,21.331,20.432,21.064,32.06497419354841,16.032487096774204,,,,,0,0,0,0,0,0,0.8833415424332908,
1662571800,21.05,22.056,21.05,21.856,31.970496774193574,15.985248387096787,,,,,0,0,0,0,0,0,0.9165945943679032,
1662643800,21.369,22.974,21.242,22.727,31.970496774193574,15.985248387096787,,,,,0,0,0,0,0,0,0.9530639633988549,
1662658200,22.854,23.45,22.688,23.439,31.893625806451634,15.946812903225817,,,,,0,0,0,0,0,0,0.9820159242465055,
1662730200,24.824,26.031,24.581,25.929,31.893625806451634,15.946812903225817,,,,,0,0,0,0,0,0,1.0845333984216095,
1662744600,25.9135,26.211,25.375,26.177,31.856541935483897,15.928270967741948,,,,,0,0,0,0,0,0,1.0935251895507716,
1662989400,26.321,26.751,25.013,25.863,31.856541935483897,15.928270967741948,,,,,0,0,0,0,0,0,1.0789988381712363,
1663003800,25.768,26.299,25.612,26.286,31.807529032258085,15.903764516129042,,,,,0,0,0,0,0,0,1.0944931226994241,
1663075800,24.1555,24.6345,23.525,23.739,31.807529032258085,15.903764516129042,,,,,0,0,0,0,0,0,0.987511401061465,
1663090200,23.656,23.731,23.006,23.042,31.719296774193566,15.859648387096783,,,,,0,0,0,0,0,0,0.9579209298364785,
1663162200,22.659,22.932,22.135,22.819,31.719296774193566,15.859648387096783,,,,,0,0,0,0,0,0,0.9480400568564844,
1663176600,22.783,22.783,22.236,22.607,31.624451612903243,15.812225806451622,,,,,0,0,0,0,0,0,0.9382376661154478,
1663248600,22.183,23.67,21.669,22.95,31.624451612903243,15.812225806451622,,,,,0,0,0,0,0,0,0.9515640586049507,
1663263000,22.934,22.957,21.612,21.687,31.53935483870969,15.769677419354846,,,,,0,0,0,0,0,0,0.8986555795893196,
1663335000,21.207,21.374,20.363,20.367,31.53935483870969,15.769677419354846,,,,,0,0,0,0,0,0,0.843839387217172,
1663349400,20.469,20.86,20.365,20.643,31.453064516129047,15.726532258064523,,,,,0,0,0,0,0,0,0.8554574676823794,
1663594200,19.907,20.564,19.729,20.103,31.453064516129047,15.726532258064523,,,,,0,0,0,0,0,0,0.8334095606737537,
1663608600,19.974,20.67,19.974,20.605,31.33342580645163,15.666712903225815,,,,,0,0,0,0,0,0,0.8544252662308097,
1663680600,19.9,20.105,19.452,19.559,31.33342580645163,15.666712903225815,,,,,0,0,0,0,0,0,0.8115541690179154,
1663695000,19.53,19.954,19.385,19.586,31.19350967741937,15.596754838709685,,,,,0,0,0,0,0,0,0.8141113018974737,
1663767000,19.717,20.45,19.705,20.1195,31.19350967741937,15.596754838709685,,,,,0,0,0,0,0,0,0.8376967253506797,
1663781400,20.383,20.81,19.478,19.648,31.04543870967744,15.52271935483872,,,,,0,0,0,0,0,0,0.8189139919005108,
1663853400,19.398,19.404,18.634,18.675,31.04543870967744,15.52271935483872,,,,,0,0,0,0,0,0,0.7794296017244993,
1663867800,18.806,19.5,18.68,19.363,30.881387096774215,15.440693548387108,,,,,0,0,0,0,0,0,0.8093176296610697,
1663939800,18.8355,19.049,18.355,18.778,30.881387096774215,15.440693548387108,,,,,0,0,0,0,0,0,0.7860516271818806,
1663954200,18.708,19.192,18.624,19.148,30.72652903225808,15.36326451612904,,,,,0,0,0,0,0,0,0.8022995754727629,
1664199000,19.4025,20.541,19.4025,19.701,30.72652903225808,15.36326451612904,,,,,0,0,0,0,0,0,0.8261547283425407,
1664213400,19.73,20.375,19.656,20.025,30.590509677419377,15.295254838709688,,,,,0,0,0,0,0,0,0.8405354242132965,
1664285400,21.284,21.941,20.125,20.371,30.590509677419377,15.295254838709688,,,,,0,0,0,0,0,0,0.8558203211130334,
1664299800,20.344,20.892,20.209,20.581,30.459270967741954,15.229635483870977,,,,,0,0,0,0,0,0,0.8652567564470348,
1664371800,20.905,21.742,20.8,21.51,30.459270967741954,15.229635483870977,,,,,0,0,0,0,0,0,0.90491566212085,
1664386200,21.341,22.158,21.338,22.153,30.319419354838736,15.159709677419368,,,,,0,0,0,0,0,0,0.9323198785114062,
1664458200,21.4,21.594,20.558,21.29,30.319419354838736,15.159709677419368,,,,,0,0,0,0,0,0,0.8964844914662212,
1664472600,21.197,21.312,20.663,21.28,30.175445161290344,15.087722580645172,,,,,0,0,0,0,0,0,0.8963673127582467,
1664544600,20.998,22.575,20.847,22.092,30.175445161290344,15.087722580645172,,,,,0,0,0,0,0,0,0.9304926657935807,
1664559000,21.864,21.908,21.221,21.244,30.051354838709695,15.025677419354848,,,,,0,0,0,0,0,0,0.8944753417045916,
1664803800,21.6,22.204,21.243,22.167,30.051354838709695,15.025677419354848,,,,,0,0,0,0,0,0,0.9328617101616232,
1664818200,22.272,22.84,22.122,22.408,29.940741935483892,14.970370967741946,,,,,0,0,0,0,0,0,0.9413188041117587,
1664890200,23.6,24.623,23.52,23.759,29.940741935483892,14.970370967741946,,,,,0,0,0,0,0,0,0.9957665701403738,
1664904600,23.774,24.901,23.774,24.896,29.857541935483894,14.928770967741947,,,,,0,0,0,0,0,0,1.0411173190085095,
1664976600,24.24,24.319,23.263,24.319,29.857541935483894,14.928770967741947,,,,,0,0,0,0,0,0,1.0146280026610317,
1664991000,24.03,24.566,23.83,24.207,29.778290322580677,14.889145161290338,,,,,0,0,0,0,0,0,1.0077623067027706,
1665063000,24.375,24.9,23.652,24.348,29.778290322580677,14.889145161290338,,,,,0,0,0,0,0,0,1.0116783149578374,
1665077400,24.26,24.391,23.966,24.165,29.678103225806474,14.839051612903237,,,,,0,0,0,0,0,0,1.0019204763112945,
1665149400,23.164,23.593,21.778,22.065,29.678103225806474,14.839051612903237,,,,,0,0,0,0,0,0,0.9134150893130776,
1665163800,22.039,22.197,21.866,22.06,29.55894193548389,14.779470967741945,,,,,0,0,0,0,0,0,0.9117932738813078,
1665408600,22.003,23.191,21.557,21.746,29.55894193548389,14.779470967741945,,,,,0,0,0,0,0,0,0.8976204853568072,
1665423000,21.851,22.253,21.794,22.138,29.415490322580663,14.707745161290331,,,,,0,0,0,0,0,0,0.9129634455703756,
1665495000,22.2,22.592,21.269,22.411,29.415490322580663,14.707745161290331,,,,,0,0,0,0,0,0,0.92308794089397,
1665509400,22.178,22.178,21.372,21.648,29.255258064516145,14.627629032258072,,,,,0,0,0,0,0,0,0.8906720639713323,
1665581400,20.851,21.452,20.552,21.419,29.255258064516145,14.627629032258072,,,,,0,0,0,0,0,0,0.8802378166240702,
1665595800,21.385,21.868,21.361,21.835,29.099832258064527,14.549916129032264,,,,,0,0,0,0,0,0,0.896274664154376,
1665667800,20.165,22.2,19.83,22.2,29.099832258064527,14.549916129032264,,,,,0,0,0,0,0,0,0.910456316948868,
1665682200,22.2,22.285,21.807,22.036,28.965535483870976,14.482767741935488,,,,,0,0,0,0,0,0,0.903265576999438,
1665754200,22.648,22.75,21.028,21.154,28.965535483870976,14.482767741935488,,,,,0,0,0,0,0,0,0.8669654938547847,
1665768600,21.21,21.21,20.77,21.011,28.835825806451616,14.417912903225808,,,,,0,0,0,0,0,0,0.8607677808456402,
1666013400,22.1,22.576,22.046,22.246,28.835825806451616,14.417912903225808,,,,,0,0,0,0,0,0,0.9107497567705735,
1666027800,22.16,22.229,22.09,22.122,28.7275806451613,14.36379032258065,,,,,0,0,0,0,0,0,0.904879232133477,
1666099800,23.097,23.373,22.015,22.976,28.7275806451613,14.36379032258065,,,,,0,0,0,0,0,0,0.9387363851421391,
1666114200,22.926,23.476,22.706,23.475,28.61444516129033,14.307222580645165,,,,,0,0,0,0,0,0,0.9576789407753104,
1666186200,23.01,23.431,22.465,22.576,28.61444516129033,14.307222580645165,,,,,0,0,0,0,0,0,0.9198729630643645,
1666200600,22.563,22.712,22.425,22.635,28.478529032258074,14.239264516129037,,,,,0,0,0,0,0,0,0.9208973356664456,
1666272600,22.506,23.341,22.492,22.492,28.478529032258074,14.239264516129037,,,,,0,0,0,0,0,0,0.9136225880138039,
1666287000,22.312,22.312,22.018,22.07,28.349419354838727,14.174709677419363,,,,,0,0,0,0,0,0,0.8951836822918963,
1666359000,21.914,22.904,21.649,22.904,28.349419354838727,14.174709677419363,,,,,0,0,0,0,0,0,0.9274949456499801,
1666373400,22.985,23.435,22.878,23.272,28.24735483870969,14.123677419354845,,,,,0,0,0,0,0,0,0.9411349709538241,
1666618200,23.396,24.334,22.697,23.733,28.24735483870969,14.123677419354845,,,,,0,0,0,0,0,0,0.9585296768160978,
1666632600,23.644,23.9,23.552,23.749,28.1619806451613,14.08099032258065,,,,,0,0,0,0,0,0,0.9579612632947525,
1666704600,23.95,26.141,23.95,26.009,28.1619806451613,14.08099032258065,,,,,0,0,0,0,0,0,1.0471744709799915,
1666719000,25.984,27,25.943,26.897,28.079754838709682,14.039877419354841,,,,,0,0,0,0,0,0,1.081264978629699,
1666791000,26.955,29,26.888,27.529,28.079754838709682,14.039877419354841,,,,,0,0,0,0,0,0,1.1050768200218295,
1666805400,27.433,27.703,27.254,27.254,27.979070967741936,13.989535483870968,,,,,0,0,0,0,0,0,1.0926262336393615,
1666877400,27.673,27.849,26.658,27.433,27.979070967741936,13.989535483870968,,,,,0,0,0,0,0,0,1.098289470744434,
1666891800,27.279,27.364,27.085,27.085,27.873567741935485,13.936783870967743,,,,,0,0,0,0,0,0,1.0824367011705838,
1666963800,26.8,27.851,26.458,27.813,27.873567741935485,13.936783870967743,,,,,0,0,0,0,0,0,1.109312726417955,
1666978200,27.77,28.064,27.456,28.006,27.76112258064516,13.88056129032258,,,,,0,0,0,0,0,0,1.1145225711148625,
1667223000,27.935,28.349,26.059,27.031,27.76112258064516,13.88056129032258,,,,,0,0,0,0,0,0,1.0735774276886967,
1667237400,26.882,27.049,26.588,26.738,27.652109677419357,13.826054838709679,,,,,0,0,0,0,0,0,1.060141102655309,
1667309400,27.506,27.523,26.224,26.305,27.652109677419357,13.826054838709679,,,,,0,0,0,0,0,0,1.0411895880402786,
1667323800,26.206,26.402,25.8,25.848,27.521303225806445,13.760651612903223,,,,,0,0,0,0,0,0,1.0216078458821625,
1667395800,25.749,26.5,25.546,26.2,27.521303225806445,13.760651612903223,,,,,0,0,0,0,0,0,1.03399780189534,
1667410200,26.3435,27.812,24.626,24.879,27.390683870967738,13.695341935483869,,,,,0,0,0,0,0,0,0.9808484715912849,
1667482200,24.2,26.0675,24.172,24.914,27.390683870967738,13.695341935483869,,,,,0,0,0,0,0,0,0.9813489644257285,
1667496600,24.908,25.13,24.544,24.847,27.23876129032258,13.61938064516129,,,,,0,0,0,0,0,0,0.9783707407758355,
1667568600,26.343,27.283,25.189,25.606,27.23876129032258,13.61938064516129,,,,,0,0,0,0,0,0,1.0074796977456832,
1667583000,25.804,27.728,25.804,27.728,27.112748387096772,13.556374193548386,,,,,0,0,0,0,0,0,1.0905383521955958,
1667831400,27.074,27.074,26.001,26.083,27.112748387096772,13.556374193548386,,,,,0,0,0,0,0,0,1.0259909467169859,
1667845800,26.242,26.8,26.242,26.625,26.95574193548387,13.477870967741936,,,,,0,0,0,0,0,0,1.0477067550825598,
1667917800,23.925,26.664,21.593,21.701,26.95574193548387,13.477870967741936,,,,,0,0,0,0,0,0,0.8555024188734442,
1667932200,21.529,22,19.351,21.22,26.756929032258068,13.378464516129034,,,,,0,0,0,0,0,0,0.8381519019404831,
1668004200,19.5,20.88,17.8,17.919,26.756929032258068,13.378464516129034,,,,,0,0,0,0,0,0,0.7097574868439916,
1668018600,17.873,18.199,16.9,17.071,26.543812903225806,13.271906451612903,,,,,0,0,0,0,0,0,0.6780099446395421,
1668090600,18.794,19.799,17.602,17.602,26.543812903225806,13.271906451612903,,,,,0,0,0,0,0,0,0.7010192144286662,
1668105000,17.651,17.953,17.366,17.566,26.34296129032258,13.17148064516129,,,,,0,0,0,0,0,0,0.7013410259243718,
1668177000,16.321,17.76,15.53,17.547,26.34296129032258,13.17148064516129,,,,,0,0,0,0,0,0,0.7022119877061879,
1668191400,17.617,17.81,17.1125,17.502,26.139219354838716,13.069609677419358,,,,,0,0,0,0,0,0,0.7016208499181428,
1668436200,17.115,17.792,16.435,16.957,26.139219354838716,13.069609677419358,,,,,0,0,0,0,0,0,0.6809667874097309,
1668450600,16.99,17.002,16.561,16.561,25.922858064516134,12.961429032258067,,,,,0,0,0,0,0,0,0.6664500514580116,
1668522600,17.465,17.728,16.782,16.812,25.922858064516134,12.961429032258067,,,,,0,0,0,0,0,0,0.6782144563738406,
1668537000,16.76,17.272,16.538,17.189,25.719148387096784,12.859574193548392,,,,,0,0,0,0,0,0,0.6952430184610423,
1668609000,16.32,16.756,16.025,16.678,25.719148387096784,12.859574193548392,,,,,0,0,0,0,0,0,0.6765046470456618,
1668623400,16.525,17.029,16.513,16.957,25.53484516129033,12.767422580645166,,,,,0,0,0,0,0,0,0.6896795576747117,
1668695400,16.369,17.5,16.236,17.482,25.53484516129033,12.767422580645166,,,,,0,0,0,0,0,0,0.7131181731694126,
1668709800,17.353,17.443,16.854,17.443,25.34792258064517,12.673961290322586,,,,,0,0,0,0,0,0,0.7134418652272215,
1668781800,17.6505,17.6505,16.229,16.817,25.34792258064517,12.673961290322586,,,,,0,0,0,0,0,0,0.6898004009182749,
1668796200,16.796,17.08,16.634,17.04,25.165264516129042,12.582632258064521,,,,,0,0,0,0,0,0,0.701138886131031,
1669041000,16.946,16.946,15.341,15.402,25.165264516129042,12.582632258064521,,,,,0,0,0,0,0,0,0.6358338395994474,
1669055400,15.39,15.856,15.239,15.745,24.985154838709693,12.492577419354847,,,,,0,0,0,0,0,0,0.6527603177575092,
1669127400,15.977,16.798,15.725,16.652,24.985154838709693,12.492577419354847,,,,,0,0,0,0,0,0,0.693088635678278,
1669141800,16.462,16.779,16.346,16.7,24.806851612903227,12.403425806451613,,,,,0,0,0,0,0,0,0.6977609918584217,
1669213800,16.835,17.438,16.621,16.621,24.806851612903227,12.403425806451613,,,,,0,0,0,0,0,0,0.6971386589527178,
1669228200,16.914,17.663,16.896,17.624,24.62156774193548,12.31078387096774,,,,,0,0,0,0,0,0,0.7420603357977043,
1669386600,17.4665,18.278,17.4665,18.254,24.44983225806451,12.224916129032255,,,,,0,0,0,0,0,0,0.7714552531304746,
1669645800,17.998,18.124,17.012,17.398,24.44983225806451,12.224916129032255,,,,,0,0,0,0,0,0,0.7384273058379703,
1669660200,17.309,17.696,17.233,17.667,24.27614193548387,12.138070967741935,,,,,0,0,0,0,0,0,0.7529996823987011,
1669732200,18.017,18.251,17.616,17.616,24.27614193548387,12.138070967741935,,,,,0,0,0,0,0,0,0.7537823282644632,
1669746600,17.6,18.215,17.6,18.215,24.089600000000004,12.044800000000002,,,,,0,0,0,0,0,0,0.782369044475179,
1669818600,18.8,18.8,18.103,18.273,24.089600000000004,12.044800000000002,,,,,0,0,0,0,0,0,0.7883187604286842,
1669833000,18.24,19.832,18.24,19.81,23.92770322580645,11.963851612903225,,,,,0,0,0,0,0,0,0.8579255889847558,
1669905000,19.788,20.618,19.699,19.832,23.92770322580645,11.963851612903225,,,,,0,0,0,0,0,0,0.8622978770196871,
1669919400,19.808,19.91,19.706,19.883,23.780038709677417,11.890019354838708,,,,,0,0,0,0,0,0,0.8678696471400583,
1669991400,19.704,20.636,19.5805,20.252,23.780038709677417,11.890019354838708,,,,,0,0,0,0,0,0,0.8874701449327808,
1670005800,20.273,21.098,20.239,20.68,23.649625806451617,11.824812903225808,,,,,0,0,0,0,0,0,0.9099740583298652,
1670250600,20.9,20.9,18.95,19.15,23.649625806451617,11.824812903225808,,,,,0,0,0,0,0,0,0.8466080061607792,
1670265000,19.131,19.624,18.74,19.544,23.499735483870968,11.749867741935484,,,,,0,0,0,0,0,0,0.8678343903427026,
1670337000,19.643,19.643,18.892,19.134,23.499735483870968,11.749867741935484,,,,,0,0,0,0,0,0,0.8533185328918521,
1670351400,19.031,19.589,18.886,19.568,23.373612903225812,11.686806451612906,,,,,0,0,0,0,0,0,0.8763721848395679,
1670423400,19.233,19.869,19.102,19.365,23.373612903225812,11.686806451612906,,,,,0,0,0,0,0,0,0.870543055638536,
1670437800,19.336,19.525,19.211,19.33,23.249554838709678,11.624777419354839,,,,,0,0,0,0,0,0,0.8722990217114721,
1670509800,19.351,19.953,19.029,19.869,23.249554838709678,11.624777419354839,,,,,0,0,0,0,0,0,0.8998370490836677,
1670524200,19.968,20.322,19.968,20.21,23.121864516129033,11.560932258064517,,,,,0,0,0,0,0,0,0.9185531281769481,
1670596200,20.139,20.221,19.666,19.666,23.121864516129033,11.560932258064517,,,,,0,0,0,0,0,0,0.8962885925596604,
1670610600,19.8,20.327,19.685,20.3,23.024496774193544,11.512248387096772,,,,,0,0,0,0,0,0,0.9273668264101339,
1670855400,19.95,19.95,19.511,19.511,23.024496774193544,11.512248387096772,,,,,0,0,0,0,0,0,0.893244176436847,
1670869800,19.601,19.835,19.507,19.629,22.914980645161283,11.457490322580641,,,,,0,0,0,0,0,0,0.900555962874242,
1670941800,20.645,21.183,19.56,20.058,22.914980645161283,11.457490322580641,,,,,0,0,0,0,0,0,0.9219334272370079,
1670956200,19.954,20.226,19.8,20.186,22.823632258064503,11.411816129032252,,,,,0,0,0,0,0,0,0.9295674053202427,
1671028200,20.268,21.148,20.258,21.049,22.823632258064503,11.411816129032252,,,,,0,0,0,0,0,0,0.9710870053739356,
1671042600,21.131,21.359,20.219,20.275,22.718012903225798,11.359006451612899,,,,,0,0,0,0,0,0,0.9373711818371087,
1671114600,19.876,19.899,18.611,18.88,22.718012903225798,11.359006451612899,,,,,0,0,0,0,0,0,0.8750204447522244,
1671129000,18.836,19.139,18.721,18.797,22.636387096774186,11.318193548387093,,,,,0,0,0,0,0,0,0.8734031767691636,
1671201000,18.416,18.626,17.288,17.472,22.636387096774186,11.318193548387093,,,,,0,0,0,0,0,0,0.8137544013158726,
1671215400,17.485,17.673,17.2435,17.38,22.558651612903226,11.279325806451613,,,,,0,0,0,0,0,0,0.8112929912404812,
1671460200,17.213,17.817,16.859,17.102,22.558651612903226,11.279325806451613,,,,,0,0,0,0,0,0,0.8000971896496041,
1671474600,17.072,17.168,16.86,17.014,22.52714193548387,11.263570967741934,,,,,0,0,0,0,0,0,0.7977953588667861,
1671546600,17.336,17.536,16.83,17.142,22.52714193548387,11.263570967741934,,,,,0,0,0,0,0,0,0.8053738267828375,
1671561000,17.17,17.214,16.895,16.895,22.49058064516129,11.245290322580646,,,,,0,0,0,0,0,0,0.7954936732777949,
1671633000,16.853,17.15,16.664,16.818,22.49058064516129,11.245290322580646,,,,,0,0,0,0,0,0,0.793575870914654,
1671647400,16.803,16.949,16.803,16.89,22.490980645161294,11.245490322580647,,,,,0,0,0,0,0,0,0.7984920473339755,
1671719400,16.726,16.726,16.092,16.2,22.490980645161294,11.245490322580647,,,,,0,0,0,0,0,0,0.7671897010205823,
1671733800,16.167,16.741,16.167,16.634,22.487787096774195,11.243893548387097,,,,,0,0,0,0,0,0,0.7890603254242249,
1671805800,16.357,16.583,16.054,16.349,22.487787096774195,11.243893548387097,,,,,0,0,0,0,0,0,0.7768342249169586,
1671820200,16.309,16.357,16.191,16.279,22.460754838709676,11.230377419354838,,,,,0,0,0,0,0,0,0.7748099742722354,
1672151400,16,16.006,14.82,14.841,22.460754838709676,11.230377419354838,,,,,0,0,0,0,0,0,0.7076381284875601,
1672165800,14.849,14.945,14.574,14.781,22.426064516129028,11.213032258064514,,,,,0,0,0,0,0,0,0.7060034584402445,
1672237800,14.701,15.106,14.058,14.101,22.426064516129028,11.213032258064514,,,,,0,0,0,0,0,0,0.6749720480096377,
1672252200,14.106,14.168,13.79,13.822,22.370077419354836,11.185038709677418,,,,,0,0,0,0,0,0,0.6632627551869403,
1672324200,13.916,14.286,13.384,13.65,22.370077419354836,11.185038709677418,,,,,0,0,0,0,0,0,0.6568550033909956,
1672338600,13.63,13.89,13.49,13.658,22.330845161290323,11.165422580645162,,,,,0,0,0,0,0,0,0.6592418309446214,
1672410600,13.443,14.031,13.263,13.646,22.330845161290323,11.165422580645162,,,,,0,0,0,0,0,0,0.6611916692469272,
1672425000,13.669,14.209,13.669,14.136,22.2862,11.1431,,,,,0,0,0,0,0,0,0.6875215627098907,
1672756200,14.569,14.678,13.958,14.125,22.2862,11.1431,,,,,0,0,0,0,0,0,0.6895262090821408,
1672770600,14.126,14.555,14.007,14.4925,22.24895483870968,11.12447741935484,,,,,0,0,0,0,0,0,0.7101036102363475,
1672842600,14.65,16.358,14.602,16.128,22.24895483870968,11.12447741935484,,,,,0,0,0,0,0,0,0.7921457210460923,
1672857000,16.175,16.563,15.878,16.494,22.223593548387097,11.111796774193548,,,,,0,0,0,0,0,0,0.8118066768596183,
1672929000,16.033,16.054,14.98,15.788,22.223593548387097,11.111796774193548,,,,,0,0,0,0,0,0,0.7787973027849243,
1672943400,15.811,15.857,15.4965,15.678,22.200077419354837,11.100038709677419,,,,,0,0,0,0,0,0,0.7750803358557065,
1673015400,15.274,15.648,14.733,15.648,22.200077419354837,11.100038709677419,,,,,0,0,0,0,0,0,0.7754031124948969,
1673029800,15.686,16.189,15.639,16.042,22.175774193548385,11.087887096774192,,,,,0,0,0,0,0,0,0.7963641231798839,
1673274600,17.001,18.192,16.54,18.135,22.175774193548385,11.087887096774192,,,,,0,0,0,0,0,0,0.9009097796990865,
1673289000,18.038,18.075,17.282,17.5,22.14926451612903,11.074632258064515,,,,,0,0,0,0,0,0,0.870240905140373,
1673361000,17.789,18.572,17.065,18.5,22.14926451612903,11.074632258064515,,,,,0,0,0,0,0,0,0.9204423259023868,
1673375400,18.4905,19.097,18.415,18.998,22.13030322580645,11.065151612903225,,,,,0,0,0,0,0,0,0.9457074652596572,
1673447400,18.9,19.62,18.411,19.166,22.13030322580645,11.065151612903225,,,,,0,0,0,0,0,0,0.9541908233895966,
1673461800,19.181,19.65,18.828,19.458,22.08518709677419,11.042593548387096,,,,,0,0,0,0,0,0,0.9687680480222741,
1673533800,20.365,20.658,18.976,20.212,22.08518709677419,11.042593548387096,,,,,0,0,0,0,0,0,1.0062780358360843,
1673548200,20.123,21.337,20.071,21.019,22.06714193548387,11.033570967741936,,,,,0,0,0,0,0,0,1.04599485244979,
1673620200,20.612,22.198,20.301,21.181,22.06714193548387,11.033570967741936,,,,,0,0,0,0,0,0,1.0532092750798276,
1673634600,21.351,22.028,21.324,21.664,22.049406451612906,11.024703225806453,,,,,0,0,0,0,0,0,1.0764315028806772,
1673965800,23.236,23.378,22.301,23.331,22.049406451612906,11.024703225806453,,,,,0,0,0,0,0,0,1.1575711685377184,
1673980200,23.3,23.95,23.28,23.579,22.05501935483871,11.027509677419355,,,,,0,0,0,0,0,0,1.1682187799716575,
1674052200,23.712,24.1975,20.935,22.153,22.05501935483871,11.027509677419355,,,,,0,0,0,0,0,0,1.0967082129151147,
1674066600,22.128,22.294,21.948,22.114,22.045825806451614,11.022912903225807,,,,,0,0,0,0,0,0,1.0940475117039725,
1674138600,21.45,22.768,21.449,21.878,22.045825806451614,11.022912903225807,,,,,0,0,0,0,0,0,1.0818514897554639,
1674153000,21.928,22.743,21.928,22.165,22.033858064516128,11.016929032258064,,,,,0,0,0,0,0,0,1.0954898403546942,
1674225000,22.398,23.279,21.913,22.958,22.033858064516128,11.016929032258064,,,,,0,0,0,0,0,0,1.1341596557703424,
1674239400,22.978,24.183,22.978,24.003,22.03846451612903,11.019232258064514,,,,,0,0,0,0,0,0,1.1850854612169532,
1674484200,24.095,24.954,23.625,24.838,22.03846451612903,11.019232258064514,,,,,0,0,0,0,0,0,1.2249270551005433,
1674498600,24.833,25.043,24.202,25.005,22.059403225806445,11.029701612903223,,,,,0,0,0,0,0,0,1.2317031334141277,
1674570600,24.721,25.099,24.187,24.693,22.059403225806445,11.029701612903223,,,,,0,0,0,0,0,0,1.2153299777520614,
1674585000,24.654,24.999,24.5,24.746,22.087880645161285,11.043940322580642,,,,,0,0,0,0,0,0,1.2165856667879882,
1674657000,23.852,24.04,23.196,23.977,22.087880645161285,11.043940322580642,,,,,0,0,0,0,0,0,1.178103035495076,
1674671400,23.96,24.733,23.871,24.596,22.148325806451606,11.074162903225803,,,,,0,0,0,0,0,0,1.207679786415305,
1674743400,25.303,25.475,23.7,24.156,22.148325806451606,11.074162903225803,,,,,0,0,0,0,0,0,1.185926353523044,
1674757800,24.146,24.572,24.055,24.509,22.205390322580637,11.102695161290319,,,,,0,0,0,0,0,0,1.2034042170362589,
1674829800,24.19,25.138,24.173,24.985,22.205390322580637,11.102695161290319,,,,,0,0,0,0,0,0,1.2265172932707071,
1674844200,25.044,26.21,25.044,25.855,22.26153225806451,11.130766129032255,,,,,0,0,0,0,0,0,1.2685636071867836,
1675089000,25.444,25.871,24.36,24.886,22.26153225806451,11.130766129032255,,,,,0,0,0,0,0,0,1.2208121646673635,
1675103400,24.943,24.943,23.915,24.525,22.315951612903216,11.157975806451608,,,,,0,0,0,0,0,0,1.2029658204384333,
1675175400,24.898,25.774,24.898,25.298,22.315951612903216,11.157975806451608,,,,,0,0,0,0,0,0,1.2396136803598723,
1675189800,25.311,25.562,24.962,25.211,22.37022903225806,11.18511451612903,,,,,0,0,0,0,0,0,1.23412129252067,
1675261800,25.1,25.226,24.454,24.794,22.37022903225806,11.18511451612903,,,,,0,0,0,0,0,0,1.2125412277805396,
1675276200,24.816,27.358,24.495,26.835,22.427622580645153,11.213811290322576,,,,,0,0,0,0,0,0,1.3104135729726387,
1675348200,27.921,30.22,27.486,29.888,22.427622580645153,11.213811290322576,,,,,0,0,0,0,0,0,1.456068526344458,
1675362600,29.875,30.166,28.585,29.196,22.505829032258056,11.252914516129028,,,,,0,0,0,0,0,0,1.4189896293894644,
1675434600,27.927,30.34,27.905,28.772,22.505829032258056,11.252914516129028,,,,,0,0,0,0,0,0,1.395165570444887,
1675449000,28.7,29.005,28.233,28.508,22.56805483870967,11.284027419354835,,,,,0,0,0,0,0,0,1.379484309745074,
1675693800,27.426,28.471,27.154,27.985,22.56805483870967,11.284027419354835,,,,,0,0,0,0,0,0,1.3517354102215122,
1675708200,27.966,28.643,27.726,28.212,22.617480645161283,11.308740322580642,,,,,0,0,0,0,0,0,1.3600823726841431,
1675780200,27.975,28.733,27.22,27.567,22.617480645161283,11.308740322580642,,,,,0,0,0,0,0,0,1.3263417854071473,
1675794600,27.468,28.492,27.081,28.36,22.673699999999993,11.336849999999997,,,,,0,0,0,0,0,0,1.3613901057184856,
1675866600,28.243,28.987,27.166,27.715,22.673699999999993,11.336849999999997,,,,,0,0,0,0,0,0,1.328177983099978,
1675881000,27.56,27.8,27.363,27.618,22.731661290322577,11.365830645161289,,,,,0,0,0,0,0,0,1.321284292072785,
1675953000,27.601,27.736,25.651,25.944,22.731661290322577,11.365830645161289,,,,,0,0,0,0,0,0,1.2400617545400425,
1675967400,25.989,26.1,24.557,24.925,22.776403225806444,11.388201612903222,,,,,0,0,0,0,0,0,1.1908235041365773,
1676039400,24.7415,25.259,24.1,24.513,22.776403225806444,11.388201612903222,,,,,0,0,0,0,0,0,1.1704408704817335,
1676053800,24.386,24.506,24.181,24.357,22.82741612903225,11.413708064516126,,,,,0,0,0,0,0,0,1.162375623374454,
1676298600,23.701,24.874,23.701,24.831,22.82741612903225,11.413708064516126,,,,,0,0,0,0,0,0,1.1841433055209132,
1676313000,24.811,25.08,24.708,24.917,22.88062903225806,11.44031451612903,,,,,0,0,0,0,0,0,1.187204582904452,
1676385000,25.102,26.917,24.48,26.678,22.88062903225806,11.44031451612903,,,,,0,0,0,0,0,0,1.2696369178430766,
1676399400,26.734,27.679,26.419,27.084,22.934474193548382,11.467237096774191,,,,,0,0,0,0,0,0,1.2874520485432739,
1676471400,27.563,28.35,27.26,28.066,22.934474193548382,11.467237096774191,,,,,0,0,0,0,0,0,1.3323614245100193,
1676485800,28.05,29.95,27.934,29.854,23.005506451612902,11.502753225806451,,,,,0,0,0,0,0,0,1.414597126552298,
1676557800,29.626,31.5,28.719,29.336,23.005506451612902,11.502753225806451,,,,,0,0,0,0,0,0,1.388639952334482,
1676572200,29.34,29.9,28.3,28.396,23.047132258064515,11.523566129032258,,,,,0,0,0,0,0,0,1.3435293553828949,
1676644200,28.055,28.72,27.412,28.425,23.047132258064515,11.523566129032258,,,,,0,0,0,0,0,0,1.344533724844017,
1676658600,28.354,29.741,28.288,29.434,23.09408064516129,11.547040322580646,,,,,0,0,0,0,0,0,1.3913349239316943,
1676989800,28.624,28.949,26.885,27.243,23.09408064516129,11.547040322580646,,,,,0,0,0,0,0,0,1.2878417393555917,
1677004200,27.23,27.38,26.767,26.968,23.138609677419353,11.569304838709677,,,,,0,0,0,0,0,0,1.274887323761095,
1677076200,26.501,27.397,26.244,26.666,23.138609677419353,11.569304838709677,,,,,0,0,0,0,0,0,1.2610517037514122,
1677090600,26.687,27.004,26.532,26.795,23.187680645161294,11.593840322580647,,,,,0,0,0,0,0,0,1.2676205505777765,
1677162600,27.095,27.538,26.209,26.544,23.187680645161294,11.593840322580647,,,,,0,0,0,0,0,0,1.2559328979832305,
1677177000,26.456,27.047,26.433,26.615,23.23297096774194,11.61648548387097,,,,,0,0,0,0,0,0,1.2593395566771866,
1677249000,25.907,26.169,24.901,25.3255,23.23297096774194,11.61648548387097,,,,,0,0,0,0,0,0,1.1986828223359862,
1677263400,25.299,25.701,25.251,25.588,23.26600967741936,11.63300483870968,,,,,0,0,0,0,0,0,1.2112033885623805,
1677508200,26.214,26.936,25.856,25.907,23.26600967741936,11.63300483870968,,,,,0,0,0,0,0,0,1.2264129333966962,
1677522600,25.901,26.017,25.603,25.956,23.29482903225807,11.647414516129034,,,,,0,0,0,0,0,0,1.228328512952439,
1677594600,25.979,26.829,25.857,26.632,23.29482903225807,11.647414516129034,,,,,0,0,0,0,0,0,1.2596584669063335,
1677609000,26.7,26.967,26.005,26.2,23.318467741935493,11.659233870967746,,,,,0,0,0,0,0,0,1.2387140068326012,
1677681000,26.471,26.748,25.451,25.722,23.318467741935493,11.659233870967746,,,,,0,0,0,0,0,0,1.216071539684418,
1677695400,25.63,25.927,25.393,25.83,23.312493548387103,11.656246774193551,,,,,0,0,0,0,0,0,1.2218848825221613,
1677767400,24.97,25.208,24.206,24.351,23.312493548387103,11.656246774193551,,,,,0,0,0,0,0,0,1.15253019494419,
1677781800,24.34,25.379,24.3,25.255,23.289345161290328,11.644672580645164,,,,,0,0,0,0,0,0,1.1958166692938113,
1677853800,24.02,25.213,23.701,24.897,23.289345161290328,11.644672580645164,,,,,0,0,0,0,0,0,1.1777156491019043,
1677868200,24.789,25.001,24.538,24.691,23.261732258064523,11.630866129032261,,,,,0,0,0,0,0,0,1.1667352095904402,
1678113000,24.935,25.199,24.1,24.411,23.261732258064523,11.630866129032261,,,,,0,0,0,0,0,0,1.151225782896088,
1678127400,24.237,24.345,23.736,23.761,23.233041935483882,11.616520967741941,,,,,0,0,0,0,0,0,1.1182954212484797,
1678199400,23.598,24.099,23.08,23.831,23.233041935483882,11.616520967741941,,,,,0,0,0,0,0,0,1.1194725775352967,
1678213800,23.857,23.857,23.11,23.147,23.21083548387098,11.60541774193549,,,,,0,0,0,0,0,0,1.0855053060730517,
1678285800,23.04,23.432,22.7,22.8,23.21083548387098,11.60541774193549,,,,,0,0,0,0,0,0,1.067535678166086,
1678300200,22.758,23.332,22.747,23.309,23.20766129032259,11.603830645161295,,,,,0,0,0,0,0,0,1.0894568690095845,
1678372200,22.841,23.167,21.9835,21.9835,23.20766129032259,11.603830645161295,,,,,0,0,0,0,0,0,1.025948272967967,
1678386600,21.971,22.103,21.052,21.097,23.174383870967755,11.587191935483878,,,,,0,0,0,0,0,0,0.9832333447842208,
1678458600,20.684,20.685,18.838,18.883,23.174383870967755,11.587191935483878,,,,,0,0,0,0,0,0,0.879501398567882,
1678473000,18.914,19.527,18.865,19.185,23.12037741935485,11.560188709677425,,,,,0,0,0,0,0,0,0.8930318335776125,
1678714200,20.281,22.957,19.72,21.899,23.12037741935485,11.560188709677425,,,,,0,0,0,0,0,0,1.0177685099827276,
1678728600,21.943,22.8,21.749,22.362,23.079796774193564,11.539898387096782,,,,,0,0,0,0,0,0,1.0376051061962306,
1678800600,24.181,24.424,23.11,23.572,23.079796774193564,11.539898387096782,,,,,0,0,0,0,0,0,1.091759185234002,
1678815000,23.516,23.598,22.232,22.95,23.04994516129034,11.52497258064517,,,,,0,0,0,0,0,0,1.061204398751524,
1678887000,23,23.472,21.654,22.05,23.04994516129034,11.52497258064517,,,,,0,0,0,0,0,0,1.0179993241634213,
1678901400,21.873,22.851,21.701,22.732,23.017229032258076,11.508614516129038,,,,,0,0,0,0,0,0,1.0477094569229224,
1678973400,22.748,23.8,22.325,23.733,23.017229032258076,11.508614516129038,,,,,0,0,0,0,0,0,1.091142151489458,
1678987800,23.764,24.482,23.608,24.079,22.970390322580656,11.485195161290328,,,,,0,0,0,0,0,0,1.1043198648391745,
1679059800,25.617,26.879,24.906,26.79,22.970390322580656,11.485195161290328,,,,,0,0,0,0,0,0,1.2249781735908634,
1679074200,26.786,27.398,26.665,26.771,22.943519354838717,11.471759677419358,,,,,0,0,0,0,0,0,1.2204833896660963,
1679319000,28.183,28.183,26.121,26.121,22.943519354838717,11.471759677419358,,,,,0,0,0,0,0,0,1.1875318330731937,
1679333400,26.117,26.5,25.848,26.378,22.907912903225814,11.453956451612907,,,,,0,0,0,0,0,0,1.1961445119064007,
1679405400,26.92,27.661,26.1,27.547,22.907912903225814,11.453956451612907,,,,,0,0,0,0,0,0,1.2457674233504459,
1679419800,27.592,27.881,27.128,27.313,22.87137741935485,11.435688709677425,,,,,0,0,0,0,0,0,1.2316222809528914,
1679491800,27.522,27.749,26.746,26.751,22.87137741935485,11.435688709677425,,,,,0,0,0,0,0,0,1.2031005975019096,
1679506200,26.795,27.206,24.63,24.63,22.824590322580654,11.412295161290327,,,,,0,0,0,0,0,0,1.105460877995359,
1679578200,24.902,27.087,24.9,26.5,22.824590322580654,11.412295161290327,,,,,0,0,0,0,0,0,1.1865449414548759,
1679592600,26.538,26.702,25.301,26.315,22.77783548387098,11.38891774193549,,,,,0,0,0,0,0,0,1.1755306218114812,
1679664600,25.914,26.328,24.779,25.291,22.77783548387098,11.38891774193549,,,,,0,0,0,0,0,0,1.1280051576078818,
1679679000,25.398,25.993,25.19,25.69,22.726016129032267,11.363008064516134,,,,,0,0,0,0,0,0,1.14387282801116,
1679923800,25.986,26.005,23.118,23.699,22.726016129032267,11.363008064516134,,,,,0,0,0,0,0,0,1.0540661020735433,
1679938200,23.69,24.394,23.671,23.893,22.652545161290334,11.326272580645167,,,,,0,0,0,0,0,0,1.0615855582065943,
1680010200,23.908,24.034,23.34,23.918,22.652545161290334,11.326272580645167,,,,,0,0,0,0,0,0,1.0617108761007013,
1680024600,23.905,24.767,23.905,24.756,22.587500000000016,11.293750000000008,,,,,0,0,0,0,0,0,1.0971479351812419,
1680096600,25.587,27.47,25.587,27.263,22.587500000000016,11.293750000000008,,,,,0,0,0,0,0,0,1.205593511800196,
1680111000,27.3135,28.542,27.204,28.4,22.549687096774207,11.274843548387103,,,,,0,0,0,0,0,0,1.2525614269411962,
1680183000,28.696,28.818,27.463,28.109,22.549687096774207,11.274843548387103,,,,,0,0,0,0,0,0,1.2367214935141522,
1680197400,27.793,28.011,27.6,27.909,22.520029032258076,11.260014516129038,,,,,0,0,0,0,0,0,1.2249512138453995,
1680269400,28.185,29.443,28.041,28.791,22.520029032258076,11.260014516129038,,,,,0,0,0,0,0,0,1.2602866269155024,
1680283800,28.788,29.528,28.548,29.224,22.499345161290332,11.249672580645166,,,,,0,0,0,0,0,0,1.2758698245035383,
1680528600,28.9525,30.075,28.82,29.029,22.499345161290332,11.249672580645166,,,,,0,0,0,0,0,0,1.264216125425439,
1680543000,29.045,29.862,28.971,29.743,22.508629032258074,11.254314516129037,,,,,0,0,0,0,0,0,1.29165381946716,
1680615000,29.835,30.08,28.575,29.615,22.508629032258074,11.254314516129037,,,,,0,0,0,0,0,0,1.282747388892669,
1680629400,29.615,30.12,29.494,29.893,22.528558064516137,11.264279032258068,,,,,0,0,0,0,0,0,1.2910431282073787,
1680701400,30.2435,30.707,28.338,28.567,22.528558064516137,11.264279032258068,,,,,0,0,0,0,0,0,1.2307097290992446,
1680715800,28.719,29.354,28.65,29.107,22.544712903225815,11.272356451612907,,,,,0,0,0,0,0,0,1.2508277584543648,
1680787800,28.623,29.525,27.837,29.4,22.544712903225815,11.272356451612907,,,,,0,0,0,0,0,0,1.2601997155217364,
1680802200,29.389,29.52,29.012,29.023,22.554835483870974,11.277417741935487,,,,,0,0,0,0,0,0,1.2413027627106834,
1681133400,28.782,30.348,28.501,30.029,22.554835483870974,11.277417741935487,,,,,0,0,0,0,0,0,1.2808815732968721,
1681147800,30.068,31.289,30.0235,31.289,22.58062258064517,11.290311290322585,,,,,0,0,0,0,0,0,1.330084590099282,
1681219800,32.142,33.777,31.815,33.624,22.58062258064517,11.290311290322585,,,,,0,0,0,0,0,0,1.4235558988079267,
1681234200,33.631,33.787,32.922,33.235,22.634267741935496,11.317133870967748,,,,,0,0,0,0,0,0,1.4010542532603918,
1681306200,33.649,33.649,31.855,32.993,22.634267741935496,11.317133870967748,,,,,0,0,0,0,0,0,1.3849714558163335,
1681320600,32.982,32.99,32.08,32.25,22.684506451612915,11.342253225806457,,,,,0,0,0,0,0,0,1.3482508745930466,
1681392600,33.078,34.414,32.7,34.218,22.684506451612915,11.342253225806457,,,,,0,0,0,0,0,0,1.4239182363655574,
1681407000,34.2,34.488,33.9,34.09,22.74933870967743,11.374669354838716,,,,,0,0,0,0,0,0,1.4121663127531665,
1681479000,34.3,34.763,32.459,32.984,22.74933870967743,11.374669354838716,,,,,0,0,0,0,0,0,1.3605006622851399,
1681493400,32.982,33.631,32.9,33.387,22.8152677419355,11.40763387096775,,,,,0,0,0,0,0,0,1.3710779605136352,
1681738200,32.182,32.219,31.279,31.686,22.8152677419355,11.40763387096775,,,,,0,0,0,0,0,0,1.2961433024889901,
1681752600,31.669,31.684,31.23,31.303,22.87469354838711,11.437346774193555,,,,,0,0,0,0,0,0,1.2753928754915012,
1681824600,32.553,33.4,32.326,32.851,22.87469354838711,11.437346774193555,,,,,0,0,0,0,0,0,1.332782359411675,
1681839000,32.838,33.082,32.549,32.992,22.94681612903227,11.473408064516136,,,,,0,0,0,0,0,0,1.3326972710609084,
1681911000,31.8375,32.178,31.3,31.9,22.94681612903227,11.473408064516136,,,,,0,0,0,0,0,0,1.283361860416586,
1681925400,31.908,32.04,31.448,31.482,23.018087096774206,11.509043548387103,,,,,0,0,0,0,0,0,1.2610984225641488,
1681997400,30.952,31.2,29.844,30.064,23.018087096774206,11.509043548387103,,,,,0,0,0,0,0,0,1.1995586269245557,
1682011800,30.072,30.072,29.211,29.452,23.067183870967753,11.533591935483877,,,,,0,0,0,0,0,0,1.170514248996775,
1682083800,29.695,30.029,29.143,29.197,23.067183870967753,11.533591935483877,,,,,0,0,0,0,0,0,1.1558231980899119,
1682098200,29.221,29.56,28.774,29.102,23.103648387096783,11.551824193548391,,,,,0,0,0,0,0,0,1.147533747906159,
1682343000,29.127,29.75,28.3,28.857,23.103648387096783,11.551824193548391,,,,,0,0,0,0,0,0,1.1334903248736559,
1682357400,28.783,28.955,28.427,28.514,23.11871935483872,11.55935967741936,,,,,0,0,0,0,0,0,1.1158132771749538,
1682429400,28.25,28.645,28.079,28.543,23.11871935483872,11.55935967741936,,,,,0,0,0,0,0,0,1.1129001930019955,
1682443800,28.516,29.64,28.5,29.077,23.136738709677434,11.568369354838717,,,,,0,0,0,0,0,0,1.1294728628765835,
1682515800,30.8985,32.15,30.719,31.636,23.136738709677434,11.568369354838717,,,,,0,0,0,0,0,0,1.2236181525226935,
1682530200,31.649,31.677,29.678,29.928,23.180745161290336,11.590372580645168,,,,,0,0,0,0,0,0,1.1535836058651516,
1682602200,30.675,31.335,29.619,31.335,23.180745161290336,11.590372580645168,,,,,0,0,0,0,0,0,1.2033755987239114,
1682616600,31.296,31.888,31.149,31.851,23.240519354838725,11.620259677419362,,,,,0,0,0,0,0,0,1.2183430166773317,
1682688600,31.349,32.778,30.898,32.469,23.240519354838725,11.620259677419362,,,,,0,0,0,0,0,0,1.2368571356948668,
1682703000,32.5,32.88,32.4,32.826,23.312416129032272,11.656208064516136,,,,,0,0,0,0,0,0,1.245199597857721,
1682947800,32,32.3,30.466,31.102,23.312416129032272,11.656208064516136,,,,,0,0,0,0,0,0,1.175470157827901,
1682962200,31.17,31.2,30.432,30.768,23.377661290322596,11.688830645161298,,,,,0,0,0,0,0,0,1.159275989721448,
1683034200,31.1,33.288,30.512,31.932,23.377661290322596,11.688830645161298,,,,,0,0,0,0,0,0,1.1989270975216806,
1683048600,31.967,33,31.846,32.82,23.45624838709679,11.728124193548394,,,,,0,0,0,0,0,0,1.2280084710882953,
1683120600,31.898,32.186,30.724,31.096,23.45624838709679,11.728124193548394,,,,,0,0,0,0,0,0,1.160114464267705,
1683135000,31.054,31.367,30.2,30.467,23.525700000000015,11.762850000000007,,,,,0,0,0,0,0,0,1.133564652565075,
1683207000,31.073,32.119,31,31.297,23.525700000000015,11.762850000000007,,,,,0,0,0,0,0,0,1.1611460963057343,
1683221400,31.344,31.369,30.751,31.216,23.60074193548389,11.800370967741944,,,,,0,0,0,0,0,0,1.1550984851758368,
1683293400,31.469,32.831,31.2,32.597,23.60074193548389,11.800370967741944,,,,,0,0,0,0,0,0,1.202875405826281,
1683307800,32.56,32.862,32.176,32.72,23.687451612903242,11.843725806451621,,,,,0,0,0,0,0,0,1.2041064407681057,
1683552600,31.149,31.205,29.83,30.32,23.687451612903242,11.843725806451621,,,,,0,0,0,0,0,0,1.1134973046333012,
1683567000,30.301,30.421,29.401,29.468,23.754045161290342,11.877022580645171,,,,,0,0,0,0,0,0,1.0806364188909918,
1683639000,29.799,31,28.937,30.688,23.754045161290342,11.877022580645171,,,,,0,0,0,0,0,0,1.1234860605854473,
1683653400,30.715,30.782,30.1885,30.343,23.820658064516152,11.910329032258076,,,,,0,0,0,0,0,0,1.1087109135947752,
1683725400,31.389,32.569,30.5,30.888,23.820658064516152,11.910329032258076,,,,,0,0,0,0,0,0,1.1262952310466818,
1683739800,30.855,31.75,30.78,31.494,23.891006451612924,11.945503225806462,,,,,0,0,0,0,0,0,1.1458003258847405,
1683811800,31.08,31.08,28.637,28.703,23.891006451612924,11.945503225806462,,,,,0,0,0,0,0,0,1.0426593765086922,
1683826200,28.7,28.947,28.475,28.74,23.934167741935504,11.967083870967752,,,,,0,0,0,0,0,0,1.0425906483033534,
1683898200,28.3515,28.65,27.46,27.756,23.934167741935504,11.967083870967752,,,,,0,0,0,0,0,0,1.0060107915982204,
1683912600,27.7,27.782,26.665,27.091,23.972348387096794,11.986174193548397,,,,,0,0,0,0,0,0,0.9813909647914053,
1684157400,27.9825,28.682,27.581,28.4,23.972348387096794,11.986174193548397,,,,,0,0,0,0,0,0,1.0279947586746105,
1684171800,28.382,28.531,28.234,28.262,24.01766451612905,12.008832258064524,,,,,0,0,0,0,0,0,1.0221476485011052,
1684243800,27.734,28.256,27.247,27.265,24.01766451612905,12.008832258064524,,,,,0,0,0,0,0,0,0.985510041366901,
1684258200,27.274,27.615,27.274,27.339,24.04922580645163,12.024612903225815,,,,,0,0,0,0,0,0,0.9874106766912737,
1684330200,27.066,28.316,26.944,28.24,24.04922580645163,12.024612903225815,,,,,0,0,0,0,0,0,1.0190870449618725,
1684344600,28.213,29.11,28.2,29.058,24.076212903225823,12.038106451612911,,,,,0,0,0,0,0,0,1.0474105484057532,
1684416600,28.883,29.728,28.541,28.58,24.076212903225823,12.038106451612911,,,,,0,0,0,0,0,0,1.0292064244375827,
1684431000,28.555,28.795,28.005,28.795,24.10549677419357,12.052748387096784,,,,,0,0,0,0,0,0,1.036031801299907,
1684503000,29.084,29.169,28.262,28.6,24.10549677419357,12.052748387096784,,,,,0,0,0,0,0,0,1.0283605270086724,
1684517400,28.64,28.842,28.487,28.827,24.135567741935503,12.067783870967752,,,,,0,0,0,0,0,0,1.0355759376232707,
1684762200,28.805,29.711,28.6,29.437,24.135567741935503,12.067783870967752,,,,,0,0,0,0,0,0,1.0562869507764379,
1684776600,29.444,29.69,29.243,29.439,24.183193548387113,12.091596774193556,,,,,0,0,0,0,0,0,1.0553470040629185,
1684848600,29.83,30.128,29.123,29.162,24.183193548387113,12.091596774193556,,,,,0,0,0,0,0,0,1.044462519265474,
1684863000,29.125,29.312,28.825,28.921,24.22750322580647,12.113751612903235,,,,,0,0,0,0,0,0,1.0348440388871456,
1684935000,28.217,28.628,27.668,28.062,24.22750322580647,12.113751612903235,,,,,0,0,0,0,0,0,1.0038231783476004,
1684949400,28.039,28.684,28.02,28.484,24.271412903225826,12.135706451612913,,,,,0,0,0,0,0,0,1.0192490604020648,
1685021400,28.747,28.843,27.3,27.553,24.271412903225826,12.135706451612913,,,,,0,0,0,0,0,0,0.9863089974427234,
1685035800,27.575,28.133,27.488,28.086,24.31180645161292,12.15590322580646,,,,,0,0,0,0,0,0,1.005547995974417,
1685107800,28.208,29.489,27.975,29.169,24.31180645161292,12.15590322580646,,,,,0,0,0,0,0,0,1.0441626412364788,
1685122200,29.158,29.165,28.4815,28.548,24.353458064516147,12.176729032258073,,,,,0,0,0,0,0,0,1.0217998469011331,
1685453400,30,31.367,29.729,29.844,24.353458064516147,12.176729032258073,,,,,0,0,0,0,0,0,1.067784321333873,
1685467800,29.824,30.166,29.699,29.911,24.411496774193566,12.205748387096783,,,,,0,0,0,0,0,0,1.0696027764146867,
1685539800,29.344,29.749,28.918,29.449,24.411496774193566,12.205748387096783,,,,,0,0,0,0,0,0,1.0528173724513332,
1685554200,29.418,30.292,29.369,30.142,24.463432258064532,12.231716129032266,,,,,0,0,0,0,0,0,1.076989608409537,
1685626200,29.886,30.571,29.555,30.442,24.463432258064532,12.231716129032266,,,,,0,0,0,0,0,0,1.0870011433242006,
1685640600,30.407,30.731,29.99,30.003,24.505329032258082,12.252664516129041,,,,,0,0,0,0,0,0,1.0703248168546642,
1685712600,30.531,30.574,29.063,30.002,24.505329032258082,12.252664516129041,,,,,0,0,0,0,0,0,1.0690399764413088,
1685727000,30.05,30.268,29.87,30.188,24.554393548387115,12.277196774193557,,,,,0,0,0,0,0,0,1.0742660931908854,
1685971800,29.435,29.667,27.137,27.193,24.554393548387115,12.277196774193557,,,,,0,0,0,0,0,0,0.967056770474599,
1685986200,27.2,27.781,27.12,27.654,24.590103225806466,12.295051612903233,,,,,0,0,0,0,0,0,0.9828146105274065,
1686058200,27,30.23,26.65,30.207,24.590103225806466,12.295051612903233,,,,,0,0,0,0,0,0,1.0722468752082563,
1686072600,30.229,30.455,29.75,29.874,24.632812903225823,12.316406451612911,,,,,0,0,0,0,0,0,1.059650918221331,
1686144600,29.815,30.234,28.775,29.018,24.632812903225823,12.316406451612911,,,,,0,0,0,0,0,0,1.0288326778736432,
1686159000,28.933,29.385,28.92,29.058,24.667141935483883,12.333570967741942,,,,,0,0,0,0,0,0,1.030017154031586,
1686231000,28.969,29.741,28.359,28.94,24.667141935483883,12.333570967741942,,,,,0,0,0,0,0,0,1.0260488826275744,
1686245400,28.972,29.277,28.7,29.162,24.681490322580657,12.340745161290329,,,,,0,0,0,0,0,0,1.0339609003018313,
1686317400,29.499,29.556,28.1,28.175,24.681490322580657,12.340745161290329,,,,,0,0,0,0,0,0,0.9990165675990248,
1686331800,28.152,28.517,28.0555,28.251,24.687690322580657,12.343845161290329,,,,,0,0,0,0,0,0,1.0017512153274235,
1686576600,27.972,28.166,27.456,27.871,24.687690322580657,12.343845161290329,,,,,0,0,0,0,0,0,0.9886303069304506,
1686591000,27.86,28.106,27.76,27.77,24.69229677419356,12.34614838709678,,,,,0,0,0,0,0,0,0.9849288844894095,
1686663000,28.507,28.507,27.484,28,24.69229677419356,12.34614838709678,,,,,0,0,0,0,0,0,0.9928519236849173,
1686677400,28.023,28.42,27.938,28.401,24.6947677419355,12.34738387096775,,,,,0,0,0,0,0,0,1.0066714216229158,
1686749400,28.4,28.603,28,28.169,24.6947677419355,12.34738387096775,,,,,0,0,0,0,0,0,0.9981345821269649,
1686763800,28.156,28.41,27.678,28.29,24.704683870967756,12.352341935483878,,,,,0,0,0,0,0,0,1.0020221196905645,
1686835800,27.363,27.619,26.594,27.595,24.704683870967756,12.352341935483878,,,,,0,0,0,0,0,0,0.9771866227744014,
1686850200,27.611,28.153,27.593,27.762,24.718051612903245,12.359025806451623,,,,,0,0,0,0,0,0,0.9825534433873137,
1686922200,28.446,29.5,28.075,29.136,24.718051612903245,12.359025806451623,,,,,0,0,0,0,0,0,1.0303473676129182,
1686936600,29.183,29.8,29.1,29.326,24.747187096774212,12.373593548387106,,,,,0,0,0,0,0,0,1.0362580786504545,
1687267800,30,31.2,29,30.949,24.747187096774212,12.373593548387106,,,,,0,0,0,0,0,0,1.0923646995800387,
1687282200,30.948,31.509,30.83,31.293,24.789096774193567,12.394548387096783,,,,,0,0,0,0,0,0,1.1033353476010819,
1687354200,32.2995,33.8,32.043,32.976,24.789096774193567,12.394548387096783,,,,,0,0,0,0,0,0,1.1608855906695437,
1687368600,32.949,33.422,32.949,33.146,24.824070967741953,12.412035483870977,,,,,0,0,0,0,0,0,1.1649060497283823,
1687440600,33.288,33.738,31.313,32.692,24.824070967741953,12.412035483870977,,,,,0,0,0,0,0,0,1.1471654954308728,
1687455000,32.711,33.144,32.502,32.7145,24.863161290322594,12.431580645161297,,,,,0,0,0,0,0,0,1.1457855993044048,
1687527000,32.6,33.701,31.744,32.886,24.863161290322594,12.431580645161297,,,,,0,0,0,0,0,0,1.149809561726926,
1687541400,32.914,33.435,32.693,32.882,24.938819354838728,12.469409677419364,,,,,0,0,0,0,0,0,1.1476026641568227,
1687786200,32.369,32.843,30.11,30.4,24.938819354838728,12.469409677419364,,,,,0,0,0,0,0,0,1.059617184058338,
1687800600,30.386,31.019,30.25,30.573,25.026161290322598,12.513080645161299,,,,,0,0,0,0,0,0,1.064172631303796,
1687872600,31.235,32.16,31.199,32.121,25.026161290322598,12.513080645161299,,,,,0,0,0,0,0,0,1.1159597266425343,
1687887000,32.137,32.796,32.035,32.488,25.122858064516144,12.561429032258072,,,,,0,0,0,0,0,0,1.1265242497429557,
1687959000,32,33.285,31.852,32.6,25.122858064516144,12.561429032258072,,,,,0,0,0,0,0,0,1.128022393465729,
1687973400,32.625,32.953,32.411,32.579,25.21990967741937,12.609954838709685,,,,,0,0,0,0,0,0,1.1248401755284776,
1688045400,33.475,33.807,32.862,33.7,25.21990967741937,12.609954838709685,,,,,0,0,0,0,0,0,1.1608574899920894,
1688059800,33.722,34.075,33.543,34.037,25.332396774193562,12.666198387096781,,,,,0,0,0,0,0,0,1.1693337244606814,
1688131800,34.985,35.268,32.204,34.048,25.332396774193562,12.666198387096781,,,,,0,0,0,0,0,0,1.1663635707640427,
1688146200,34.079,34.418,34.01,34.252,25.44264838709679,12.721324193548394,,,,,0,0,0,0,0,0,1.1693798623345537,
1688391000,34.595,37.827,34.595,37.7885,25.577100000000016,12.788550000000008,,,,,0,0,0,0,0,0,1.284852834205078,
1688563800,36.947,38.275,35.943,38.173,25.577100000000016,12.788550000000008,,,,,0,0,0,0,0,0,1.2933092922270915,
1688578200,38.102,38.102,37.474,37.811,25.708861290322595,12.854430645161298,,,,,0,0,0,0,0,0,1.276733289168612,
1688650200,38.085,38.55,36.202,37.123,25.708861290322595,12.854430645161298,,,,,0,0,0,0,0,0,1.2498126605417692,
1688664600,37.156,37.697,36.971,37.641,25.842041935483884,12.921020967741942,,,,,0,0,0,0,0,0,1.2632211738841328,
1688736600,37.39,39.2,37.39,38.858,25.842041935483884,12.921020967741942,,,,,0,0,0,0,0,0,1.299334842143389,
1688751000,38.834,38.869,37.974,38.085,,,,,,,0,0,0,0,0,0,1.2692832664701972,
1688995800,38.09,39.571,37.015,39.565,,,,,,,0,0,0,0,0,0,1.3141346660306596,
1689010200,39.572,40.801,39.273,40.801,,,,,,,0,0,0,0,0,0,1.3503491519314803,
1689082200,40.016,41.086,39.679,40.7,,,,,,,0,0,0,0,0,0,1.3430175647154137,
1689096600,40.656,41.5,40.199,41.27,,,,,,,0,0,0,0,0,0,1.357635803374409,
1689168600,41.828,42.05,40.52,41.25,,,,,,,0,0,0,0,0,0,1.35263469438442,
1689183000,41.264,41.78,41.077,41.351,,,,,,,0,0,0,0,0,0,1.3516650326380424,
1689255000,41.776,43.85,41.282,43.7,,,,,,,0,0,0,0,0,0,1.423598763517199,
1689269400,43.658,46.698,43.655,46.202,,,,,,,0,0,0,0,0,0,1.4991539493910369,
1689341400,45.5,47.525,45.2,45.8,,,,,,,0,0,0,0,0,0,1.4802072582074444,
1689355800,45.774,46.049,44.721,45.85,,,,,,,0,0,0,0,0,0,1.4752956611454429,
1689600600,45.88,46.645,44.819,45.569,,,,,,,0,0,0,0,0,0,1.4604726937605843,
1689615000,45.57,45.619,44.416,45.02,,,,,,,0,0,0,0,0,0,1.4373183295214103,
1689687000,44.794,45.4,43.55,43.8,,,,,,,0,0,0,0,0,0,1.3930574481789388,
1689701400,43.864,45.047,43.826,44.599,,,,,,,0,0,0,0,0,0,1.412987223758175,
1689773400,44.982,46.1,44.7,45.345,,,,,,,0,0,0,0,0,0,1.4302937642755147,
1689787800,45.303,45.775,45.118,45.333,,,,,,,0,0,0,0,0,0,1.4237035827345346,
1689859800,45.596,46.105,43.549,44.166,,,,,,,0,0,0,0,0,0,1.3813861867233166,
1689874200,44.149,44.426,43.518,44.031,,,,,,,0,0,0,0,0,0,1.3718280970884036,
1689946200,44.3275,44.577,42.675,43.628,,,,,,,0,0,0,0,0,0,1.354815624514157,
1689960600,43.6,44.316,43.347,43.647,,,,,,,0,0,0,0,0,0,1.3512779075069747,
1690205400,42.55,43,41.324,42.824,,,,,,,0,0,0,0,0,0,1.3219131786243306,
1690219800,42.8785,43.148,42.644,43.1,,,,,,,0,0,0,0,0,0,1.3264200517463642,
1690291800,43.1,43.91,43,43.787,,,,,,,0,0,0,0,0,0,1.3435623385994404,
1690306200,43.791,44.234,43.51,43.711,,,,,,,0,0,0,0,0,0,1.3373948770344553,
1690378200,43.917,44.789,43.639,44.516,,,,,,,0,0,0,0,0,0,1.3578737917594128,
1690392600,44.539,44.775,43.9,44.375,,,,,,,0,0,0,0,0,0,1.3496864557559891,
1690464600,45.096,45.228,43.2,43.203,,,,,,,0,0,0,0,0,0,1.3105451438338875,
1690479000,43.239,43.355,42.41,42.615,,,,,,,0,0,0,0,0,0,1.2894978350972512,
1690551000,43.319,43.851,42.48,43.496,,,,,,,0,0,0,0,0,0,1.3123315029402418,
1690565400,43.401,43.7,43.065,43.419,,,,,,,0,0,0,0,0,0,1.3063689208217484,
1690810200,43.945,44.284,43.219,43.653,,,,,,,0,0,0,0,0,0,1.3097856228204394,
1690824600,43.606,43.858,43.326,43.813,,,,,,,0,0,0,0,0,0,1.3108334129560075,
1690896600,42.983,43.633,42.075,43.134,,,,,,,0,0,0,0,0,0,1.2872622882326765,
1690911000,43.151,43.818,43.1,43.535,,,,,,,0,0,0,0,0,0,1.296173326500238,
1690983000,43.483,43.7,40.112,41,,,,,,,0,0,0,0,0,0,1.2189713761352439,
1690997400,40.906,41.15,40.447,40.728,,,,,,,0,0,0,0,0,0,1.2091466900853385,
1691069400,40.002,40.117,38.8,39.466,,,,,,,1,0,0,0,0,0,1.1702291282551203,
1691083800,39.518,39.56,38.7895,38.967,,,,,,,0,0,0,0,0,0,1.153950205336356,
1691155800,39,39.558,38.654,38.762,,,,,,,0,0,0,0,0,0,1.1468837612211862,
1691170200,38.795,38.8,37.477,37.651,,,,37.976,37.976,,0,1,0,0,0,0,1.1132549311357816,
1691415000,37.101,37.399,35.77,36.6145,,,,38.6320946541875,35.8722631651721,,0,0,0,0,0,0,1.0818587257060621,
1691429400,36.52,37.255,36.369,37.093,,,,38.4525289555186,35.91651478851078,,0,0,0,0,0,0,1.0952233592432388,
1691501400,38.045,39.19,37.5,38.946,,,,39.182408474832144,35.93233102577696,,0,0,0,0,0,0,1.1483476676336992,
1691515800,38.942,39.589,38.627,38.982,,,,39.48218367099739,35.919535018094834,,0,0,0,0,0,0,1.1477325708895396,
1691587800,39.603,39.653,37.984,38.246,,,,39.60657836984856,36.06292541061384,,0,0,0,0,0,0,1.1249099954163948,
1691602200,38.264,38.3355,37.6,37.74,,,,39.556098411408655,36.12027411592405,,0,0,0,0,0,0,1.109028074731849,
1691674200,38.186,39.029,37.476,37.575,,,,39.48204178054905,36.236806402692956,,0,0,0,0,0,0,1.1029926650857562,
1691688600,37.485,37.872,37.184,37.786,,,,39.42970914579541,36.26333574584971,,0,0,0,0,0,0,1.107863800866246,
1691760600,37.7,38.8,37.196,38.19,,,,39.39079573046262,36.33361450638464,,0,0,0,0,0,0,1.117990391755111,
1691775000,38.1,38.449,37.879,38.449,,,,39.38516691814604,36.365256894926944,,0,0,0,0,0,0,1.123663096499899,
1692019800,38.157,39.296,37.537,38.935,,,,39.42632504554095,36.424263349237265,,0,0,0,0,0,0,1.1357809607433642,
1692034200,38.94,38.999,38.55,38.853,,,,39.45654287052716,36.44137706573521,,0,0,0,0,0,0,1.13131279165323,
1692106200,38.917,39.269,38.09,38.268,,,,39.477517734500985,36.51354346443042,,0,0,0,0,0,0,1.1123124175065513,
1692120600,38.3,38.452,37.59,37.614,,,,39.437912774127895,36.542807543349184,,0,0,0,0,0,0,1.091440482518693,
1692192600,37.4,37.616,36.672,37.426,,,,39.40027495736286,36.50330396918444,,0,0,0,0,0,0,1.0841823730724944,
1692207000,37.462,37.713,36.922,36.974,,,,39.38897083592366,36.49080415785646,,0,0,0,0,0,0,1.069510024306239,
1692279000,36.116,36.514,35.028,35.458,,,,39.64953878151706,35.774220790152874,,0,0,0,0,0,0,1.0249271654213252,
1692293400,35.45,35.567,34.569,34.711,,,,39.8173061688465,35.322104039764255,,0,0,0,0,0,0,1.0024407010445375,
1692365400,33.081,33.858,32.25,32.498,,,,40.81959655631269,32.871509865162565,,0,0,0,0,0,0,0.9383267621580393,
1692379800,32.5,33.448,32.35,32.872,,,,,,,0,0,0,1,0,0,0.9489449209248252,
1692624600,32.868,33.68,32.5,33.191,,,,,,,0,0,0,0,0,0,0.9580249502258971,
1692639000,33.2,33.698,33.055,33.5285,,,,,,,0,0,0,0,0,0,0.9676399636994251,
1692711000,33.975,34.55,32.95,33.194,,,,,,,0,0,0,0,0,0,0.9576132099316436,
1692725400,33.223,33.223,32.8,32.98,,,,,,,0,0,0,0,0,0,0.9510479778858402,
1692797400,33.029,34.846,32.85,34.818,,,,,,,0,0,0,0,0,0,1.00351177707895,
1692811800,34.863,35.034,34.464,34.648,,,,,,,0,0,0,0,0,0,0.9982727764133965,
1692883800,34.869,34.95,33.274,33.584,,,,,,,0,0,0,0,0,0,0.9671696809123362,
1692898200,33.633,33.946,33.5,33.6395,,,,,,,0,0,0,0,0,0,0.9681973040962184,
1692970200,33.66,34.42,32.97,33.459,,,,,,,0,0,0,0,0,0,0.9626157842115555,
1692984600,33.389,33.807,33.334,33.628,,,,,,,0,0,0,0,0,0,0.9670449714297841,
1693229400,33.885,35.042,33.806,34.9,,,,,,,0,0,0,0,0,0,1.0031954077962892,
1693243800,34.933,34.933,34.33,34.469,,,,,,,0,0,0,0,0,0,0.9904851086439531,
1693315800,34.322,38.525,34.232,38.335,,,,,,,0,0,0,0,0,0,1.0999422717389649,
1693330200,38.332,38.79,37.994,38.137,,,,,,,0,0,0,0,0,0,1.0925078582679406,
1693402200,37.605,37.706,36.8,37.275,,,,,,,0,0,0,0,0,0,1.0665158286261036,
1693416600,37.269,37.45,36.8,37.134,,,,,,,0,0,0,0,0,0,1.0611512863793213,
1693488600,37.5,37.6,35.423,35.992,,,,,,,0,0,0,0,0,0,1.0275502702109298,
1693503000,35.905,35.9175,35.524,35.751,,,,,,,0,0,0,0,0,0,1.0198701872468843,
1693575000,35.634,36.094,34.866,34.866,,,,,,,0,0,0,0,0,0,0.9934968617663275,
1693589400,34.913,35.25,34.675,35.105,,,,,,,0,0,0,0,0,0,0.999137986358534,
1693920600,35.118,35.33,34.412,35.099,,,,,,,0,0,0,0,0,0,0.9976220874926924,
1693935000,35.099,35.282,34.869,34.869,,,,,,,0,0,0,0,0,0,0.9896732163658508,
1694007000,34.973,35.899,34.514,34.966,,,,,,,0,0,0,0,0,0,0.9912345444524528,
1694021400,34.976,35.775,34.892,35.023,,,,,,,0,0,0,0,0,0,0.9916242230337737,
1694093400,34.6125,35.407,33.773,35.2,,,,,,,0,0,0,0,0,0,0.9951932131324998,
1694107800,35.278,35.688,35.172,35.273,,,,,,,0,0,0,0,0,0,0.9958159742665511,
1694179800,35.327,35.57,34.7,35.22,,,,,,,0,0,0,0,0,0,0.99305718578497,
1694194200,35.255,35.6155,35.193,35.612,,,,,,,0,0,0,0,0,0,1.002914248384371,
1694439000,35.572,35.681,33.562,34.645,,,,,,,0,0,0,0,0,0,0.9746073670677899,
1694453400,34.649,34.8,34.25,34.305,,,,,,,0,0,0,0,0,0,0.9640786413231821,
1694525400,35.37,36.74,34.73,34.994,,,,,,,0,0,0,0,0,0,0.9823029291500504,
1694539800,34.91,35.023,34.567,34.742,,,,,,,0,0,0,0,0,0,0.9741855773947381,
1694611800,35.0175,35.24,34.185,34.74,,,,,,,0,0,0,0,0,0,0.9731958613828,
1694626200,34.7,34.857,34.06,34.166,,,,,,,0,0,0,0,0,0,0.9562990063897053,
1694698200,35.013,36.2,34.74,35.239,,,,,,,0,0,0,0,0,0,0.985250851332155,
1694712600,35.243,35.42,34.58,34.632,,,,,,,0,0,0,0,0,0,0.9672832212140758,
1694784600,34.421,34.5455,33.675,33.722,,,,,,,0,0,0,0,0,0,0.9409069819038335,
1694799000,33.72,34.164,33.63,34.06,,,,,,,0,0,0,0,0,0,0.9493848725852764,
1695043800,35.115,35.641,34.216,34.216,,,,,,,0,0,0,0,0,0,0.9525917877782366,
1695058200,34.221,34.3,33.9,34.062,,,,,,,0,0,0,0,0,0,0.9472875387050703,
1695130200,34.528,35.005,33.338,34.542,,,,,,,0,0,0,0,0,0,0.959711463305399,
1695144600,34.583,34.689,33.888,33.905,,,,,,,0,0,0,0,0,0,0.9411094213017149,
1695216600,34.119,34.4,33.7,34.236,,,,,,,0,0,0,0,0,0,0.9495502341899303,
1695231000,34.2375,34.46,33.314,33.314,,,,,,,0,0,0,0,0,0,0.9234158735211357,
1695303000,32.623,32.808,32.149,32.7,,,,,,,0,0,0,0,0,0,0.9058700324485011,
1695317400,32.731,32.827,32.508,32.565,,,,,,,0,0,0,0,0,0,0.9017397020310403,
1695389400,32.492,32.752,32.248,32.44,,,,,,,0,0,0,0,0,0,0.8979578789142665,
1695403800,32.385,32.529,32.073,32.27,,,,,,,0,0,0,0,0,0,0.8928906935667713,
1695648600,31.936,32.75,31.551,32.599,,,,,,,0,0,0,0,0,0,0.9015759506471488,
1695663000,32.635,32.759,32.409,32.737,,,,,,,0,0,0,0,0,0,0.9049809546357829,
1695735000,32.45,32.9,31.888,31.9,,,,,,,0,0,0,0,0,0,0.8811032706671006,
1695749400,31.929,32.007,31.717,31.722,,,,,,,0,0,0,0,0,0,0.8755520713275476,
1695821400,32.332,32.69,31.06,31.083,,,,,,,0,0,0,0,0,0,0.8577813659135575,
1695835800,31.051,31.9,31.009,31.558,,,,,,,0,0,0,0,0,0,0.8706286596091273,
1695907800,31.836,33.75,31.58,33.113,,,,,,,0,0,0,0,0,0,0.9128629709089684,
1695922200,33.164,33.294,32.683,32.905,,,,,,,0,0,0,0,0,0,0.9065085492921648,
1695994200,33.289,33.408,32.491,32.716,,,,,,,0,0,0,0,0,0,0.9006972482800126,
1696008600,32.658,32.921,32.501,32.791,,,,,,,0,0,0,0,1,0,0.9021805337337089,
1696253400,34.687,35.266,32.967,33.5675,,,,,,,0,0,0,0,1,0,0.9226612594035681,
1696267800,33.572,33.651,32.794,32.949,,,,,,,0,0,0,0,1,0,0.9049068177710666,
1696339800,32.402,32.625,31.488,31.87,,,,,,,0,0,0,0,0,0,0.8746535585050322,
1696354200,31.88,31.91,31.1,31.134,,,,,,,0,0,0,0,0,0,0.853945830073667,
1696426200,31.45,32.042,30.708,31.931,,,,,,,0,0,0,0,0,0,0.8751972122734367,
1696440600,31.85,32.386,31.62,31.99,,,,,,,0,0,0,0,0,0,0.8762582256621382,
1696512600,32.442,32.8,31.458,32.005,,,,,,,0,0,0,0,0,0,0.8760752099029055,
1696527000,32.039,32.6,31.978,32.34,,,,,,,0,0,0,0,1,0,0.8846124863651567,
1696599000,31.977,34.053,31.925,34.047,,,,,,,0,0,0,0,1,0,0.9302457376615993,
1696613400,34.022,34.18,33.916,34.072,,,,,,,0,0,0,0,1,0,0.9298944889617757,
1696858200,33.197,34.133,33.197,33.872,,,,,,,0,0,0,0,1,0,0.9236658317568437,
1696872600,33.984,34.42,33.9,34.093,,,,,,,0,0,0,0,1,0,0.9289133024915198,
1696944600,34.2,34.663,33.634,34.026,,,,,,,0,0,0,0,1,0,0.9265866124281003,
1696959000,33.979,34.27,33.822,34.099,,,,,,,0,0,0,0,1,0,0.9281169832214061,
1697031000,33.8745,34.04,33.065,33.201,,,,,,,0,0,0,0,1,0,0.9036392421178012,
1697045400,33.196,33.602,33.047,33.45,,,,,,,0,0,0,0,1,0,0.9103677360652576,
1697117400,33.4255,33.4255,32.3,32.355,,,,,,,0,0,0,0,1,0,0.8806185686850073,
1697131800,32.3,32.515,32.056,32.329,,,,,,,0,0,0,0,1,0,0.8799704838182982,
1697203800,32.7525,32.768,31.488,31.488,,,,,,,0,0,0,0,0,0,0.8572895759616598,
1697218200,31.501,32.03,31.5,31.843,,,,,,,0,0,0,0,0,0,0.8671130247687711,
1697463000,33.793,35.333,32.125,32.343,,,,,,,0,0,0,0,0,0,0.8804279304416321,
1697477400,32.286,33.042,32.233,32.537,,,,,,,0,0,0,0,0,0,0.8854035223302903,
1697549400,32.278,34.071,32.128,33.876,,,,,,,0,0,0,0,0,0,0.9215567221218054,
1697563800,33.876,33.876,33.122,33.527,,,,,,,0,0,0,0,0,0,0.9118963003842483,
1697635800,33.578,33.827,32.639,33.01,,,,,,,0,0,0,0,1,0,0.8977698974983654,
1697650200,33.055,33.067,32.633,32.956,,,,,,,0,0,0,0,1,0,0.8962419782107517,
1697722200,33.211,34.85,32.836,34.612,,,,,,,0,0,0,0,1,0,0.9411264849990769,
1697736600,34.621,34.685,33.95,34.253,,,,,,,0,0,0,0,1,0,0.9313297135913094,
1697808600,35.295,36.154,34.4665,34.873,,,,,,,0,0,0,0,1,0,0.9480501428788771,
1697823000,34.9,34.95,34.455,34.843,,,,,,,0,0,0,0,1,0,0.947136391979197,
1698067800,35.7565,38.225,34.651,37.693,,,,,,,0,0,0,0,0,0,1.0246250308882665,
1698082200,37.693,38.384,37.215,37.739,,,,,,,0,0,0,0,0,0,1.0259535576961338,
1698154200,40.8545,43.888,40.107,42.5635,,,,,,,0,0,0,0,0,0,1.1561463019565208,
1698168600,42.558,42.799,41.838,42.496,,,,,,,0,0,0,0,0,0,1.1532269451736237,
1698240600,43.412,44.949,42.527,43.6,,,,,,,0,0,0,0,0,0,1.1819534009887076,
1698255000,43.661,43.816,42.678,43.35,,,,,,,0,0,0,0,0,0,1.1742536081964339,
1698327000,42.2,43,40.651,41.095,,,,,,,0,0,0,0,0,0,1.112585500952767,
1698341400,41.02,42.128,40.984,41.324,,,,,,,0,0,0,0,0,0,1.1184417018972412,
1698413400,42.005,42.154,40.17,40.499,,,,,,,0,0,0,0,0,0,1.096170729205091,
1698427800,40.45,40.705,39.826,40.705,,,,,,,0,0,0,0,0,0,1.1017454893748342,
1698672600,42.275,43.498,40.922,41.422,,,,,,,0,0,0,0,0,0,1.1211224757692777,
1698687000,41.484,42.023,41.2,41.975,,,,,,,0,0,0,0,0,0,1.1359460930080314,
1698759000,41.695,42.344,41.056,42.265,,,,,,,0,0,0,0,0,0,1.143611702971251,
1698773400,42.317,42.357,41.641,42.311,,,,,,,0,0,0,0,0,0,1.1451340439822124,
1698845400,42.8,42.934,41.25,41.713,,,,,,,0,0,0,0,0,0,1.12983495675558,
1698859800,41.706,42.667,41.6,42.628,,,,,,,0,0,0,0,0,0,1.1552589333226777,
1698931800,43.885,44.444,42.356,43.589,,,,,,,0,0,0,0,0,0,1.1817701202402071,
1698946200,43.7,45.4,43.7,45.399,,,,,,,0,0,0,0,0,0,1.2308788243335231,
1699018200,44.414,46.41,44.2,45.671,,,,,,,0,0,0,0,0,0,1.238112428189659,
1699032600,45.647,45.886,45.066,45.41,,,,,,,0,0,0,0,0,0,1.230690333077846,
1699281000,46.231,47.246,45.102,45.19,,,,,,,0,0,0,0,0,0,1.2246014029037289,
1699295400,45.271,46.2,45.2255,45.896,,,,,,,0,0,0,0,0,0,1.2436134590475127,
1699367400,45.466,47.0275,44.9,46.475,,,,,,,0,0,0,0,0,0,1.2590508824432851,
1699381800,46.558,47.474,46.298,47.317,,,,,,,0,0,0,0,0,0,1.281155869901311,
1699453800,46.937,47.1,45.811,46.91,,,,,,,0,0,0,0,0,0,1.2694974816684912,
1699468200,46.966,47.88,46.966,47.428,,,,,,,0,0,0,0,0,0,1.2826648043791071,
1699540200,49.85,53.5,49.566,50.4,,,,,,,0,0,0,0,0,0,1.361436814265736,
1699554600,50.415,50.685,48.598,49.491,,,,,,,0,0,0,0,0,0,1.335330818851561,
1699626600,50.463,51.199,49.454,50.6815,,,,,,,0,0,0,0,0,0,1.3656497466058792,
1699641000,50.707,51.299,50.6,50.877,,,,,,,0,0,0,0,0,0,1.369229991905396,
1699885800,50.3225,50.65,48.677,49.6625,,,,,,,0,0,0,0,0,0,1.335164995749168,
1699900200,49.585,50.54,49.367,50.465,,,,,,,0,0,0,0,0,0,1.355341509604125,
1699972200,50.501,50.67,46.897,47.01,,,,,,,0,0,0,0,0,0,1.2619741893280798,
1699986600,47.07,48.0025,45.986,48.002,,,,,,,0,0,0,0,0,0,1.2875341002782854,
1700058600,48.625,50.214,48.1,49.952,,,,,,,0,0,0,0,0,0,1.3381390169191798,
1700073000,50.032,50.912,49.616,50.5,,,,,,,0,0,0,0,0,0,1.3511835133343357,
1700145000,49.251,50.225,48.51,49.278,,,,,,,0,0,0,0,0,0,1.317155402071259,
1700159400,49.256,49.35,48.3,48.93,,,,,,,0,0,0,0,0,0,1.306664624469272,
1700231400,49.022,49.55,48.377,49.168,,,,,,,0,0,0,0,0,0,1.311810075822428,
1700245800,49.167,49.496,48.573,48.637,,,,,,,0,0,0,0,0,0,1.2964149058733379,
1700490600,49.298,51.168,49.19,51,,,,,,,0,0,0,0,0,0,1.357657588107981,
1700505000,50.993,51.249,50.721,50.861,,,,,,,0,0,0,0,0,0,1.3516681284746126,
1700577000,49.7895,50.315,48.474,49.658,,,,,,,0,0,0,0,0,0,1.3176800207555817,
1700591400,49.6,50.028,49.273,49.303,,,,,,,0,0,0,0,0,0,1.306060605283756,
1700663400,49.454,49.9,48.126,49.843,,,,,,,0,0,0,0,0,0,1.31791575703478,
1700677800,49.908,50.934,49.908,50.76,,,,,,,0,0,0,0,0,0,1.3394210329687568,
1700836200,50.973,52.675,50.575,52.026,,,,,,,0,0,0,0,0,0,1.3694759982137752,
1701095400,50.596,51.471,50.323,51.058,,,,,,,0,0,0,0,0,0,1.3407068349537627,
1701109800,51.016,51.101,49.53,49.53,,,,,,,0,0,0,0,0,0,1.2978493347574374,
1701181800,50.505,51.524,49.834,50.96,,,,,,,0,0,0,0,0,0,1.332613500244628,
1701196200,50.944,51.351,50.578,50.578,,,,,,,0,0,0,0,0,0,1.3200416373682895,
1701268200,50.701,51.338,49.7,51.042,,,,,,,0,0,0,0,0,0,1.3292875370566866,
1701282600,51.035,51.32,50.613,50.683,,,,,,,0,0,0,0,0,0,1.317073886331684,
1701354600,49.801,50.496,48.745,50.3,,,,,,,0,0,0,0,0,0,1.3043383701165707,
1701369000,50.3,50.31,49.6,49.826,,,,,,,0,0,0,0,0,0,1.2894496944602107,
1701441000,50.686,52.995,50.337,52.284,,,,,,,0,0,0,0,0,0,1.3498839175986488,
1701455400,52.247,52.98,51.898,52.766,,,,,,,0,0,0,0,0,0,1.3590872162651808,
1701700200,56.5855,57.564,54.999,55.742,,,,,,,0,0,0,0,0,0,1.4317409983531655,
1701714600,55.698,56.835,55.671,56.3075,,,,,,,0,0,0,0,0,0,1.4420948361077934,
1701786600,56.753,58.525,56.4,58.381,,,,,,,0,0,0,0,0,0,1.4902467982903327,
1701801000,58.308,58.962,57.357,57.787,,,,,,,0,0,0,0,0,0,1.470199923395838,
1701873000,58.429,58.551,56.622,56.8,,,,,,,0,0,0,0,0,0,1.4405080719746788,
1701887400,56.85,57.576,56.808,56.903,,,,,,,0,0,0,0,0,0,1.4384298611395925,
1701959400,55.65,57.841,55.2955,56.782,,,,,,,0,0,0,0,0,0,1.4303966749149635,
1701973800,56.86,57.1855,56.225,57.112,,,,,,,0,0,0,0,0,0,1.4334908430427773,
1702045800,57.299,59.8,57.277,59.125,,,,,,,0,0,0,0,0,0,1.4776451228298655,
1702060200,59.099,59.941,58.761,59.919,,,,,,,0,0,0,0,0,0,1.4909864818298013,
1702305000,57.516,57.717,54.838,54.933,,,,,,,0,0,0,0,0,0,1.362163498206828,
1702319400,54.933,55.654,54.617,55.6,,,,,,,0,0,0,0,0,0,1.3738519217825809,
1702391400,56.483,56.5,54.913,55.735,,,,,,,0,0,0,0,0,0,1.3722566343918527,
1702405800,55.704,55.953,55.343,55.779,,,,,,,0,0,0,0,0,0,1.368384325064011,
1702477800,55.788,57,55.3,56.398,,,,,,,0,0,0,0,0,0,1.3788602594973882,
1702492200,56.309,58.599,56.1,58.599,,,,,,,0,0,0,0,0,0,1.4272798485797251,
1702564200,58.796,59.056,57.558,58.374,,,,,,,0,0,0,0,0,0,1.416282449732213,
1702578600,58.36,58.8,57.922,58.228,,,,,,,0,0,0,0,0,0,1.4073235920062952,
1702650600,57.223,57.58,56.481,57.09,,,,,,,0,0,0,0,0,0,1.3747533792068634,
1702665000,57.096,57.171,56.736,57.043,,,,,,,0,0,0,0,0,0,1.3686428815838318,
1702909800,55.899,57.9,55.899,57.019,,,,,,,0,0,0,0,0,0,1.3633988983983023,
1702924200,57.042,57.574,57.02,57.1775,,,,,,,0,0,0,0,0,0,1.3624160779782042,
1702996200,58.0955,59.046,56.451,57.258,,,,,,,1,0,0,0,0,0,1.360376889967992,
1703010600,57.2,57.6,56.999,57.068,,,,,,,1,0,0,0,0,0,1.3519396972359576,
1703082600,58.95,59.875,58.38,59.291,,,,,,,1,0,0,0,0,0,1.3998920313237087,
1703097000,59.167,59.925,57.22,57.3,,,,,,,1,0,0,0,0,0,1.3487403935561117,
1703169000,58.646,59.1,57.496,58.11,,,,,,,1,0,0,0,0,0,1.3632275091033916,
1703183400,58.11,58.35,57.796,58.155,,,,,,,1,0,0,0,0,0,1.359672708047521,
1703255400,58.196,62.213,57.87,62.092,,,,,,,0,0,0,0,0,0,1.4457828791423337,
1703269800,62.054,62.248,60.4,61.905,,,,,,,0,0,0,0,0,0,1.435648793663155,
1703601000,60.9065,61.531,59.623,60.365,,,,,,,0,0,0,0,0,0,1.39466215282596,
1703615400,60.398,60.818,60.021,60.383,,,,,,,0,0,0,0,0,0,1.3897925875966528,
1703687400,61.35,65.998,61.275,65.767,,,,,,,0,0,0,0,0,0,1.5068205314226,
1703701800,65.69,67.379,65.69,67.055,,,,,,,0,0,0,0,0,0,1.5290905335348648,
1703773800,65.469,68.912,65.401,67.85,,,,,,,0,0,0,0,0,0,1.5398228715033577,
1703788200,67.969,68.182,66.426,66.789,,,,,,,0,0,0,0,0,0,1.5087817867011761,
1703860200,67.479,67.968,61.7,62.967,,,,,,,0,0,0,0,0,0,1.4167126450496388,
1703874600,62.922,63.74,62.922,63.159,,,,,,,0,0,0,0,0,0,1.4153729534540809,
1704205800,69.236,72.776,68.63,69.5,,,,,,,0,0,0,0,0,0,1.549663533486036,
1704220200,69.475,69.876,68.007,68.513,,,,,,,0,0,0,0,0,0,1.5201753807089498,
1704292200,64.014,65.831,62.8,63.454,,,,,,,0,0,0,0,0,0,1.4022129752357237,
1704306600,63.366,63.78,62.516,63.199,,,,,,,0,0,0,0,0,0,1.3909348405724309,
1704378600,64.099,66.703,62.755,65.108,,,,,,,0,0,0,0,0,0,1.4267972778743743,
1704393000,65.282,66.0675,65.026,65.581,,,,,,,0,0,0,0,0,0,1.430807763677161,
1704465000,64.892,65.403,63.443,63.718,,,,,,,0,0,0,0,0,0,1.3846115238466965,
1704479400,63.8,64.12,63.011,63.117,,,,,,,0,0,0,0,0,0,1.3660961482149887,
1704724200,63.931,64.833,58.7,61.672,,,,,,,0,0,0,0,0,0,1.3296313662564714,
1704738600,61.633,62.61,59.15,59.802,,,,,,,0,0,0,0,0,0,1.2847146522287445,
1704810600,59.957,60.29,57.13,58.178,,,,,,,0,0,0,0,0,0,1.2456895152461624,
1704825000,58.096,58.475,57.55,57.749,,,,,,,1,0,0,0,0,0,1.2324711038092886,
1704897000,56.501,58.579,55.38,58.414,,,,,,,1,0,0,0,0,0,1.242579180341323,
1704911400,58.449,58.664,56.3,56.555,,,,,,,1,0,0,0,0,0,1.1993066588008285,
1704983400,59.882,61.098,53.03,54,,,,,,,0,0,0,0,0,0,1.1420372306866091,
1704997800,53.997,55.076,53.544,53.626,,,,,,,0,0,0,0,0,0,1.130993071467837,
1705069800,52.444,52.589,48.757,48.915,,,,50.087,50.087,,0,1,0,0,0,0,1.0293651445550125,
1705084200,48.909,49.174,48.1,48.552,,,,50.974783127661226,48.138602198118136,,0,0,0,0,0,0,1.0195133198817266,
1705415400,47.7855,48.94,46.7,48.141,,,,50.98613914353492,47.18431537029178,,0,0,0,0,0,0,1.008737332915339,
1705429800,48.145,48.303,47.567,48.215,,,,50.90147583275328,47.078282393210415,,0,0,0,0,0,0,1.0081148842168428,
1705501800,47.377,48.785,47.377,48.613,,,,50.78558405662978,47.0513732243107,,0,0,0,0,0,0,1.014245579122978,
1705516200,48.585,49.907,48.489,49.907,,,,50.776656389937166,47.11938382737632,,0,0,0,0,0,0,1.0388422411403602,
1705588200,50.127,52.191,47.8,47.95,,,,50.6986146468494,47.3217841987943,,0,0,0,0,0,0,0.9959594779268128,
1705602600,47.945,49.2,47.785,48.67,,,,50.65411947705277,47.32809558924699,,0,0,0,0,0,0,1.0086237440419292,
1705674600,48.55,48.573,46.501,48.077,,,,50.61986276903507,47.12110062447844,,0,0,0,0,0,0,0.99407591220467,
1705689000,48.098,48.601,47.909,48.036,,,,50.57990929070728,47.108327324029446,,0,0,0,0,0,0,0.9910497014304351,
1705933800,46.84,48.375,45.539,46.85,,,,50.65309267337111,46.74296904864229,,0,0,0,0,0,0,0.9648167243490691,
1705948200,46.805,47.224,45.678,47,,,,50.70570878736682,46.46050955492697,,0,0,0,0,0,0,0.9660965746472393,
1706020200,44.902,45.948,43.858,45.195,,,,51.15408424510737,45.33841031792821,,0,0,0,0,0,0,0.9274595058765684,
1706034600,45.2,45.25,44.635,45.071,,,,51.209377707357035,45.12597160944763,,0,0,0,0,0,0,0.9234135664503713,
1706106600,46.004,46.168,44.722,45.099,,,,51.238187003569244,44.81365773435076,,0,0,0,0,0,0,0.9225809955451043,
1706121000,45.002,45.252,44.535,45.099,,,,51.260661002830346,44.651066953730094,,0,0,0,0,0,0,0.9211039604263727,
1706193000,45.055,46.4,44.596,46.128,,,,51.21980458544002,44.504490989117066,,0,0,0,0,0,0,0.940353613751303,
1706207400,46.147,46.219,45.6,45.782,,,,51.2025839482552,44.470214260152254,,0,0,0,0,0,0,0.9315055833876622,
1706279400,47.05,50.063,46.494,49.697,,,,51.177345862043694,44.63673348632177,,0,0,0,0,0,0,1.008809659121976,
1706293800,49.693,49.983,48.9595,49.444,,,,51.22765617898982,44.7029070945526,,0,0,0,0,0,0,1.0013849725092858,
1706538600,49.984,52.478,49.201,50.7,,,,51.63803822292851,44.703024505148456,,0,0,0,0,0,0,1.0243204581698018,
1706553000,50.708,51.418,50.458,51.348,,,,51.77637504608299,44.70109271015572,,0,0,0,0,0,0,1.0348484157981812,
1706625000,51.6,52.566,50.75,51.8,,,,52.09885699649426,44.654623741257026,,0,0,0,0,0,0,1.041553631158345,
1706639400,51.822,52.244,51.561,51.95,,,,52.19875088333288,44.63995363079458,,0,0,0,0,0,0,1.042152747385656,
1706711400,50.775,52.799,50.484,52.05,,,,52.44814460120254,44.62443096869964,,0,0,0,0,0,0,1.0417080254224407,
1706725800,52.172,52.232,49.97,50.121,,,,52.524589730787945,44.67145558896039,,0,0,0,0,0,0,1.0010301181179349,
1706797800,50.286,51.607,49.643,50.765,,,,52.59086687591592,44.72813346265133,,0,0,0,0,0,0,1.0117101261144412,
1706812200,50.8,51.007,50.151,50.362,,,,52.60742211742926,44.749822018811564,,0,0,0,0,0,0,1.0015842797365206,
1706884200,49.784,50.915,49.1,49.864,,,,52.60992559446467,44.79547285869327,,0,0,0,0,0,0,0.9895645250057121,
1706898600,49.824,50.364,49.7,49.946,,,,52.611691159161126,44.81620869530438,,0,0,0,0,0,0,0.9891028037013022,
1707143400,50.299,50.303,48.25,48.85,,,,52.56146678521091,44.895424819868836,,0,0,0,0,0,0,0.9653637544302286,
1707157800,48.9,49.345,48.71,49.056,,,,52.54571507889018,44.917394128315195,,0,0,0,0,0,0,0.9673716516753164,
1707229800,49.5,50.9,49.315,49.651,,,,52.547564835476024,44.97225782178256,,0,0,0,0,0,0,0.976847625819077,
1707244200,49.729,50.2,49.6,49.818,,,,52.54638068594719,44.99299218047987,,0,0,0,0,0,0,0.977902066941256,
1707316200,49.8,50.2,46.778,50.1,,,,52.48266954596454,45.076902268595205,,0,0,0,0,0,0,0.9812310111961171,
1707330600,50.16,50.879,49.579,50.865,,,,52.50438636931973,45.11179510530782,,0,0,0,0,0,0,0.9939120942029094,
1707402600,52.95,58.351,52.502,57.246,,,,54.78597973417369,44.060237735281525,,0,0,0,0,0,0,1.1153122027105853,
1707417000,57.2,58.841,57.179,58.742,,,,55.58787335021882,43.68502413249373,,0,0,0,0,0,0,1.1408426676944472,
1707489000,62.733,64.756,61.406,64.7,,,,60.19420108779464,41.28263795345012,,0,0,0,0,0,0,1.2515847614048379,
1707503400,64.75,64.889,63.749,64.745,,,,61.416121555465594,40.78515480643752,,0,0,0,0,0,0,1.2475059608010788,
1707748200,65.241,72.527,65.1385,70.957,,,,65.59206892120203,38.87848287442276,,0,0,0,0,0,0,1.3610494438312262,
1707762600,70.935,72.08,69.8,71.732,,,,66.66958910480345,38.43986008578383,,0,0,0,0,0,0,1.3695628783256302,
1707834600,66.85,69.958,65.743,69.876,,,,68.15874541787512,38.05923965844667,,0,0,0,0,0,0,1.3283991091904066,
1707849000,69.9,70.041,67.85,68.602,,,,68.6153110288713,37.95762573104699,,0,0,0,0,0,0,1.2988015841912621,
1707921000,74.756,77.191,73.4,75.82,,,,,,,0,0,0,0,0,0,1.4288018196886172,
1707935400,75.869,77.484,75.869,76.937,,,,,,,0,0,0,0,0,0,1.4429746157028969,
1708007400,79.251,80.7,74.305,74.938,,,,,,,0,0,0,0,0,0,1.399998505432752,
1708021800,74.918,74.92,70.72,71.836,,,,,,,0,0,0,0,0,0,1.3373174525849933,
1708093800,73.5,73.996,70.05,70.895,,,,,,,0,0,0,0,0,0,1.3154870422660316,
1708108200,70.888,70.888,68.923,69.91,,,,,,,0,0,0,0,0,0,1.2930984589215804,
1708439400,71.165,72.025,67.015,68.465,,,,,,,0,0,0,0,0,0,1.2622481632289915,
1708453800,68.5,70.987,68.249,70.505,,,,,,,0,0,0,0,0,0,1.2953623213143137,
1708525800,68.415,68.533,66.666,67.127,,,,,,,0,0,0,0,0,0,1.229419160141272,
1708540200,67.025,67.719,66.401,67.291,,,,,,,0,0,0,0,0,0,1.2285633750922882,
1708612200,68.221,72.257,68,70.85,,,,,,,0,0,0,0,0,0,1.2890733579493803,
1708626600,70.8,71.775,70.466,71.301,,,,,,,0,0,0,0,0,0,1.292828624671431,
1708698600,69.969,70.419,67.77,69.301,,,,,,,0,0,0,0,0,0,1.2526030655360303,
1708713000,69.3,69.3,68.336,68.766,,,,,,,0,0,0,0,0,0,1.2391104266128463,
1708957800,68.821,80.25,68.777,78.802,,,,,,,0,0,0,0,0,0,1.413855291289164,
1708972200,78.8,80.985,77.777,79.645,,,,,,,0,0,0,0,0,0,1.422883423484044,
1709044200,86.608,89.04,84.3,86.902,,,,,,,0,0,0,0,0,0,1.54481990609381,
1709058600,87,88.549,86.5,87.18,,,,,,,0,0,0,0,0,0,1.5423711189469935,
1709130600,95.4,100.88,91.535,94.6,,,,,,,0,0,0,0,0,0,1.6643492375185158,
1709145000,94.899,98.5,94.453,96.1,,,,,,,0,0,0,0,0,0,1.6810672697765647,
1709217000,99.742,104,96.074,98.745,,,,,,,0,0,0,0,0,0,1.716958548039974,
1709231400,98.668,102.815,96.7,102.226,,,,,,,0,0,0,0,0,0,1.7663239740820733,
1709303400,99.7325,105.115,99.2,104.895,,,,,,,0,0,0,0,0,0,1.800713696742014,
1709317800,104.888,108,102.7,107.94,,,,,,,0,0,0,0,0,0,1.840628282573137,
1709562600,119.505,134.5,119.124,126,,,,,,,0,0,0,0,0,0,2.130059491154636,
1709577000,125.802,135.989,125.6,133.311,,,,,,,0,0,0,0,0,0,2.2327397680796044,
1709649000,123.75,133.7,108.915,118.027,,,,,,,0,0,0,0,0,0,1.9624178365178941,
1709663400,118.04,119.498,103.502,105.001,,,,,,,0,0,0,0,0,0,1.7355022693008937,
1709735400,114.182,128.399,113.203,126.186,,,,,,,0,0,0,0,0,0,2.0689987842847177,
1709749800,126.2,127.553,121.3,124.603,,,,,,,0,0,0,0,0,0,2.0272328926755963,
1709821800,127.91,132.1,122.45,129.7,,,,,,,0,0,0,0,0,0,2.0925787177452877,
1709836200,129.548,130.6,127.09,129.926,,,,,,,0,0,0,0,0,0,2.079029107190032,
1709908200,132.473,145.2,128.404,137,,,,,,,0,0,0,0,0,0,2.1720458769639057,
1709922600,136.779,143.5,134.86,142.502,,,,,,,0,0,0,0,0,0,2.2376473217447024,
1710163800,155.0745,165.6,148,162.85,,,,,,,0,0,0,0,0,0,2.5282467413769867,
1710178200,163.174,163.927,147.701,148.394,,,,,,,0,0,0,0,0,0,2.2814472709159053,
1710250200,154.4,157.657,143.88,144.7,,,,,,,0,0,0,0,0,0,2.203796305294249,
1710264600,145,159.5,144.979,159.261,,,,,,,0,0,0,0,0,0,2.399548405245878,
1710336600,165.503,177.031,161.925,175.267,,,,,,,0,0,0,0,0,0,2.6087307023547286,
1710351000,175.447,177.495,169.5,176.4485,,,,,,,0,0,0,0,0,0,2.594473342264739,
1710423000,170.803,174.6,160.7,166.3,,,,,,,0,0,0,0,0,0,2.4187950316008555,
1710437400,166.461,170,155.1,167.718,,,,,,,0,0,0,0,0,0,2.412960113321352,
1710509400,160.632,170,157,166.9,,,,,,,0,0,0,0,0,0,2.37534227695603,
1710523800,166.88,181.6,166.6,178.112,,,,,,,0,0,0,0,0,0,2.5052822634599305,
1710768600,171.845,173.5,144.6,147.747,,,,,,,0,0,0,0,0,0,2.0598742647276747,
1710783000,147.936,155.9,146.6,150.001,,,,,,,0,0,0,0,0,0,2.072796483811723,
1710855000,132.741,145,123.044,143.701,,,,,,,0,0,0,0,0,0,1.9696417215380966,
1710869400,143.701,143.918,136.3,141.524,,,,,,,0,0,0,0,0,0,1.9244076634625837,
1710941400,142.569,147.7,136.301,142,,,,,,,0,0,0,0,0,0,1.9153426385685346,
1710955800,142.359,154.987,140.072,154.625,,,,,,,0,0,0,0,0,0,2.066986333817489,
1711027800,159.5,170.467,158.318,166.5,,,,,,,0,0,0,0,0,0,2.203696719926691,
1711042200,166.5,167.586,158.105,160,,,,,,,0,0,0,0,0,0,2.098145581946269,
1711114200,152.141,159.5,149,156.061,,,,,,,0,0,0,0,0,0,2.028408080122163,
1711128600,156.361,156.866,150.33,152.351,,,,,,,0,0,0,0,0,0,1.9633855739530528,
1711373400,160.629,184.299,159,184.144,,,,,,,0,0,0,0,0,0,2.346900519774832,
1711387800,184.194,187.363,182.029,185.6,,,,,,,0,0,0,0,0,0,2.3398082695971847,
1711459800,188.88,191,179.142,186.9,,,,,,,0,0,0,0,0,0,2.330769214987482,
1711474200,186.948,190.165,186.097,187.674,,,,,,,0,0,0,0,0,0,2.315839536384201,
1711546200,195.793,199.97,184.21,193,,,,,,,0,0,0,0,0,0,2.3559230772804978,
1711560600,193.173,193.5,188.776,191.867,,,,,,,0,0,0,0,0,0,2.3177274983479803,
1711632600,194.493,198.9,164.787,174,,,,,,,0,0,0,0,0,0,2.0830305073990445,
1711647000,174.414,177.33,170.325,170.326,,,,,,,0,0,0,0,0,0,2.0213240815716516,
1711978200,164.597,169.2,158.686,160.405,,,,,,,0,0,0,0,0,0,1.8886213767166413,
1711992600,160.666,164.402,158.655,163.674,,,,,,,0,0,0,0,0,0,1.9115892955393858,
1712064600,149.201,156.124,146.212,154.349,,,,,,,0,0,0,0,0,0,1.7895684818776236,
1712079000,154.193,159.2,152.5,157.952,,,,,,,0,0,0,0,0,0,1.8179039768877083,
1712151000,158.038,169.949,156.885,167.1,,,,,,,0,0,0,0,0,0,1.9080054162734394,
1712165400,167.4,167.621,158.5,160.626,,,,,,,1,0,0,0,0,0,1.8199131015749608,
1712237400,169.15,173.988,165.43,165.946,,,,,,,1,0,0,0,0,0,1.8651450696506318,
1712251800,166,170.9,161.01,161.562,,,,,,,1,0,0,0,0,0,1.8020427138808128,
1712323800,157,167.425,156.3,157.1,,,,,,,1,0,0,0,0,0,1.7395905680836043,
1712338200,157.266,158.301,143.001,143.895,,,,,,,1,0,0,0,0,0,1.5834718403138694,
1712583000,160.288,162.4,149.2,150.427,,,,,,,1,0,0,0,0,0,1.6446302817087677,
1712597400,150.484,154.289,149.2,151.1085,,,,,,,1,0,0,0,0,0,1.6413449406612597,
1712669400,147.501,148,137.417,142.1,,,,,,,1,0,0,0,0,0,1.5344753960206465,
1712683800,142.192,144.648,141.1,144.648,,,,,,,0,0,0,0,0,0,1.5525197534699637,
1712755800,138.976,150.364,137.5,148.624,,,,,,,0,0,0,0,0,0,1.5851421854454486,
1712770200,148.6,156.618,147.88,156.569,,,,,,,0,0,0,0,0,0,1.6585183982632572,
1712842200,154.578,157.798,151,152.894,,,,,,,0,0,0,0,0,0,1.609064017521252,
1712856600,153.112,155.815,151.515,155.096,,,,,,,0,0,0,0,0,0,1.6214667075947407,
1712928600,153.112,153.899,144.352,145,,,,,,,0,0,0,0,0,0,1.506979275296851,
1712943000,145.125,148.499,143.121,147.962,,,,,,,0,0,0,0,0,0,1.5286744734850166,
1713187800,147.148,148.7,137.7,137.7,,,,,,,0,0,0,0,0,0,1.4150688204716666,
1713202200,137.746,138.546,132.1,133.686,,,,,,,0,0,0,0,0,0,1.3669696676233958,
1713274200,130.9245,132.993,121.615,126.39,,,,,,,0,0,0,0,0,0,1.286575013054266,
1713288600,126.723,128.7,124,125.484,,,,126.06133333333332,126.06133333333332,,0,1,0,0,0,0,1.2720566715379733,
1713360600,125.6,126.4,113.399,117.988,,,,126.20951650513739,115.15492955282132,,0,0,0,0,0,0,1.1916971767393019,
1713375000,118.015,123.218,117.9,118.785,,,,125.33683940656074,115.6728462245553,,0,0,0,0,0,0,1.1951971467442633,
1713447000,119.387,128.6,116.849,123.523,,,,125.9161846863447,116.71499415321355,,0,0,0,0,0,0,1.2377967912557766,
1713461400,123.497,123.7,120.059,120.84,,,,125.72288866179018,116.94796750541026,,0,0,0,0,0,0,1.2066149105474988,
1713533400,123.85,125.658,117.36,120.101,,,,125.21682480743587,117.3377224318885,,0,0,0,0,0,0,1.195151674915801,
1713547800,120.282,121.748,116.666,117.512,,,,125.15398279761862,117.13898864811424,,0,0,0,0,0,0,1.1656713687037052,
1713792600,120.776,134.799,120.77,134.5,,,,,,,0,0,0,0,0,0,1.328428920530033,
1713807000,134.501,134.601,130.207,132.326,,,,,,,0,0,0,0,0,0,1.3012059031223626,
1713879000,130.785,139.298,129.7,135.236,,,,,,,0,0,0,0,0,0,1.3237678109448396,
1713893400,135.214,136.2,132.2,133.864,,,,,,,0,0,0,0,0,0,1.305033287943066,
1713965400,132.8135,134.415,126.5,129.399,,,,,,,0,0,0,0,0,0,1.2566917142292158,
1713979800,129.399,130.432,126.06,126.548,,,,,,,0,0,0,0,0,0,1.2241640678194583,
1714051800,122.45,126.819,120.288,125.2,,,,,,,0,0,0,0,0,0,1.2064558255695894,
1714066200,125,126.7,123.875,124.04,,,,,,,0,0,0,0,0,0,1.1909145795578222,
1714138200,122.747,128.024,120.5,127.403,,,,,,,0,0,0,0,0,0,1.218536661219057,
1714152600,127.499,128.549,126.412,128.189,,,,,,,0,0,0,0,0,0,1.2211960820033687,
1714397400,124.6,130.999,122.868,129.728,,,,,,,0,0,0,0,0,0,1.2308184254764059,
1714411800,129.72,129.8,126.368,129.2005,,,,,,,0,0,0,0,0,0,1.2207676548175468,
1714483800,119.6,121.542,106.7,107.792,,,,,,,0,0,0,0,0,0,1.0155158623297373,
1714498200,107.689,111.2,106.36,106.505,,,,,,,0,0,0,0,0,0,1.0004522504573639,
1714570200,101.686,105.206,100.989,103.985,,,,,,,0,0,0,0,0,0,0.9740513542339589,
1714584600,104.152,110.925,102.551,102.82,,,,,,,0,0,0,0,0,0,0.9605607513193011,
1714656600,106.249,112.785,104.2955,112.302,,,,,,,0,0,0,0,0,0,1.0456298015014716,
1714671000,112.2,114.16,111.4,112.941,,,,,,,0,0,0,0,0,0,1.0478693690060408,
1714743000,120.264,124.309,117.5,122.3,,,,,,,0,0,0,0,0,0,1.1300570709670654,
1714757400,122.2,123.3,121.145,122.197,,,,,,,0,0,0,0,0,0,1.124194222867346,
1715002200,127.1,133.9,126.4,129.088,,,,,,,0,0,0,0,0,0,1.1819405753015697,
1715016600,129.102,129.826,126.006,126.799,,,,,,,0,0,0,0,0,0,1.1556128055068142,
1715088600,128.161,131.9,125.705,126.993,,,,,,,0,0,0,0,0,0,1.1520445850905272,
1715103000,127.2,128.189,125.168,125.6615,,,,,,,0,0,0,0,0,0,1.1348480716121587,
1715175000,120.005,125.961,119.036,124.185,,,,,,,0,0,0,0,0,0,1.116681074294454,
1715189400,124.3,125.3,123.238,123.371,,,,,,,0,0,0,0,0,0,1.1045287370317183,
1715261400,122.5,130.254,120.001,127.9,,,,,,,0,0,0,0,0,0,1.1398600095859903,
1715275800,127.85,128.275,125.562,126.4,,,,,,,0,0,0,0,0,0,1.1214415538170313,
1715347800,129.099,130.199,118.7,119.5,,,,,,,0,0,0,0,0,0,1.0559043566422783,
1715362200,119.5,120.82,117.897,118.025,,,,,,,0,0,0,0,0,0,1.038656935980846,
1715607000,121.777,126.4,120.243,122.3,,,,,,,0,0,0,0,0,0,1.0716965046406355,
1715621400,122.3,125.315,122.2,124.538,,,,,,,0,0,0,0,0,0,1.0864344322798292,
1715693400,122.579,129.1,122.579,127.509,,,,,,,0,0,0,0,0,0,1.1072153637760167,
1715707800,127.358,129.869,126.17,129.686,,,,,,,0,0,0,0,0,0,1.120807967670231,
1715779800,137.75,141.923,135.376,141,,,,,,,0,0,0,0,0,0,1.2121074980454039,
1715794200,140.909,152.1,140.7,150.24,,,,,,,0,0,0,0,0,0,1.284124444138585,
1715866200,149.043,151.9,144.134,144.495,,,,,,,0,0,0,0,0,0,1.2283348188851628,
1715880600,144.135,149.061,143.611,143.765,,,,,,,0,0,0,0,0,0,1.2158564476322755,
1715952600,150.355,157.707,146.923,153.8515,,,,,,,0,0,0,0,0,0,1.2937900608562463,
1715967000,153.986,158.5,151.138,158.231,,,,,,,0,0,0,0,0,0,1.3229010167286601,
1716211800,159.743,167.505,155.218,166.621,,,,,,,0,0,0,0,0,0,1.384438122469352,
1716226200,166.6,172.814,165.525,172.689,,,,,,,0,0,0,0,0,0,1.4256180470662076,
1716298200,172.825,174,164.516,167.241,,,,,,,0,0,0,0,0,0,1.372216521494637,
1716312600,167.2,169.183,165.3,165.834,,,,,,,0,0,0,0,0,0,1.3525254809382812,
1716384600,166.8,171.8,162.31,168.233,,,,,,,0,0,0,0,0,0,1.3636167416109584,
1716399000,168.62,168.844,162.8,165.035,,,,,,,0,0,0,0,0,0,1.3297492214169553,
1716471000,166.856,167,156,160.255,,,,,,,0,0,0,0,0,0,1.283900579019738,
1716485400,160.878,161.405,153.008,154.301,,,,,,,0,0,0,0,0,0,1.229562129063524,
1716557400,154.9,164.5,152.705,163.993,,,,,,,0,0,0,0,0,0,1.2991764316269123,
1716571800,164.031,168.492,164.022,168.492,,,,,,,0,0,0,0,0,0,1.3267053926740389,
1716903000,164.999,167.88,161.2,165.65,,,,,,,0,0,0,0,0,0,1.2966474877020933,
1716917400,165.6295,169.216,162.153,167.6,,,,,,,0,0,0,0,0,0,1.3041432099649233,
1716989400,164.423,165.82,161.1,163.526,,,,,,,0,0,0,0,0,0,1.265219940429683,
1717003800,163.484,165.44,161.741,161.867,,,,,,,0,0,0,0,0,0,1.245435700100568,
1717075800,165.489,171.5,164.338,164.944,,,,,,,0,0,0,0,0,0,1.2619643804818914,
1717090200,165.16,165.583,153.201,153.701,,,,,,,0,0,0,0,0,0,1.1703734802616115,
1717162200,159.698,161.231,144.25,151.581,,,,,,,0,0,0,0,0,0,1.1489901222046794,
1717176600,151.771,153,150.221,152.424,,,,,,,0,0,0,0,0,0,1.150444677751032,
1717421400,160.1,165.6,156.167,159.406,,,,,,,0,0,0,0,0,0,1.1976220339618515,
1717435800,159.527,162.5,159.499,162.343,,,,,,,0,0,0,0,0,0,1.2143089174776986,
1717507800,161.613,168.669,161.572,166.215,,,,,,,0,0,0,0,0,0,1.2376281084217338,
1717522200,166.305,169.7,162.677,164,,,,,,,0,0,0,0,0,0,1.2156387477438415,
1717594200,167.885,171.8,163.8,169.936,,,,,,,0,0,0,0,0,0,1.2535641578636059,
1717608600,170,170.062,167.006,169.518,,,,,,,0,0,0,0,0,0,1.2449292789660042,
1717680600,169.6,173.399,167.553,170.179,,,,,,,0,0,0,0,0,0,1.2442865770922307,
1717695000,170.394,171.2,164.731,165.979,,,,,,,0,0,0,0,0,0,1.2083882051931805,
1717767000,167,171.71,166.677,167.272,,,,,,,0,0,0,0,0,0,1.2123671157023486,
1717781400,167.291,167.714,158.572,159.563,,,,,,,0,0,0,0,0,0,1.1517180133505562,
1718026200,157.77,164.777,155.9,162.911,,,,,,,0,0,0,0,0,0,1.170813137287518,
1718040600,163.01,164.649,159.556,160.38,,,,,,,0,0,0,0,0,0,1.1477318884014505,
1718112600,154.082,154.5,148.6,152.836,,,,,,,0,0,0,0,0,0,1.0896027403097863,
1718127000,152.8,156.358,152.409,155.536,,,,,,,0,0,0,0,0,0,1.1043609124506684,
1718199000,162.2,169.2,161.478,168.168,,,,,,,0,0,0,0,0,0,1.188560209891404,
1718213400,167.708,167.918,159.135,160.179,,,,,,,0,0,0,0,0,0,1.1275038120288154,
1718285400,156.57,157.376,149.583,150.7,,,,,,,0,0,0,0,0,0,1.0569697342665823,
1718299800,150.602,151.797,144.101,148.388,,,,,,,0,0,0,0,0,0,1.0370427382324605,
1718371800,150.557,153.806,146.011,148.393,,,,,,,0,0,0,0,0,0,1.0333676180586209,
1718386200,148.576,150.1405,147.4,149.555,,,,,,,0,0,0,0,0,0,1.0381594274109758,
1718631000,149.61,150.794,142.156,149.442,,,,,,,0,0,0,0,0,0,1.0341424457776383,
1718645400,149.404,156.918,149.236,150.983,,,,,,,0,0,0,0,0,0,1.041825628256976,
1718717400,145.877,151.179,144.545,148.713,,,,,,,0,0,0,0,0,0,1.023358672030663,
1718731800,148.7,149.9,146.509,146.776,,,,,,,0,0,0,0,0,0,1.00769508576188,
1718890200,148.28,150.699,143.872,144.021,,,,,,,0,0,0,0,0,0,0.986686208927081,
1718904600,144.317,147.248,142.1,146.794,,,,,,,0,0,0,0,0,0,1.0035526926283873,
1718976600,141.838,147.801,140.946,145.7,,,,,,,0,0,0,0,0,0,0.9941673038278248,
1718991000,145.6275,149.074,144.657,148.4,,,,,,,0,0,0,0,0,0,1.0106548691611226,
1719235800,139.937,144.854,132.8,133.932,,,,,,,0,0,0,0,0,0,0.9110823476824125,
1719250200,133.829,139.281,132.646,137.179,,,,,,,0,0,0,0,0,0,0.9327126988692189,
1719322200,141.479,149.7,139.472,148.6,,,,,,,0,0,0,0,0,0,1.0096896318928836,
1719336600,148.425,149.898,146.001,149.337,,,,,,,0,0,0,0,0,0,1.013306522811609,
1719408600,147.144,150.46,145.604,146.628,,,,,,,0,0,0,0,0,0,0.9931152193275065,
1719423000,146.658,146.964,144.5,145.9795,,,,,,,0,0,0,0,0,0,0.9878684894723097,
1719495000,148.395,153.9,146.287,152.559,,,,,,,0,0,0,0,0,0,1.0311345654952087,
1719509400,152.391,152.958,149.775,152.453,,,,,,,0,0,0,0,0,0,1.0293967868126892,
1719581400,151.75,151.855,140.599,142.029,,,,,,,0,0,0,0,0,0,0.9585062424940144,
1719595800,142,142.5,136.783,137.749,,,,,,,0,0,0,0,0,0,0.9295916380576111,
1719840600,140.942,142.2,137.749,140.5,,,,,,,0,0,0,0,0,0,0.9482392641375933,
1719855000,140.3,143.568,136.329,136.597,,,,,,,0,0,0,0,0,0,0.9229528234027234,
1719927000,136.5,138.3,132.7,133.134,,,,,,,0,0,0,0,0,0,0.9001529657679388,
1719941400,133.22,133.22,130.756,132.203,,,,,,,0,0,0,0,0,0,0.8943457732635485,
1720013400,129.406,132.765,127.312,130.208,,,,,,,0,0,0,0,0,0,0.8819680580331754,
1720186200,121.5,129.502,120.3,129.346,,,,,,,0,0,0,0,0,0,0.877890987476347,
1720200600,129.133,129.8,126.9,128.147,,,,,,,0,0,0,0,0,0,0.8715966449462854,
1720445400,131.234,132.6,125.777,129.012,,,,,,,0,0,0,0,0,0,0.8789180876407064,
1720459800,129.177,130.5,128.533,129.135,,,,,,,0,0,0,0,0,0,0.8812504998493491,
1720531800,131.5,131.9,127.8,128.53,,,,,,,0,0,0,0,0,0,0.8786060831127667,
1720546200,128.708,131.7,128.1,130.047,,,,,,,0,0,0,0,0,0,0.890864419949592,
1720618200,132,134.428,129.589,130.927,,,,,,,0,0,0,0,0,0,0.8975599272856373,
1720632600,130.9,131.307,129.608,130.584,,,,,,,0,0,0,0,0,0,0.8959779701321643,
1720704600,139.7,143.2,132.814,136,,,,,,,0,0,0,0,0,0,0.9334570651042687,
1720719000,135.739,137.726,134.664,135.777,,,,,,,0,0,0,0,0,0,0.9321636932425863,
1720791000,134.1425,143,132.194,142.27,,,,,,,0,0,0,0,0,0,0.9767290679218659,
1720805400,142.185,143.52,139.438,139.542,,,,,,,0,0,0,0,0,0,0.9586409067518159,
1721050200,152.04,163.7,149.239,163.074,,,,,,,0,0,0,0,0,0,1.12047375707179,
1721064600,163,163.699,159.235,161.19,,,,,,,0,0,0,0,0,0,1.1074704616143554,
1721136600,161.285,167.51,157.8,164.649,,,,,,,0,0,0,0,0,0,1.130805364332275,
1721151000,164.6,167.426,164.193,166.135,,,,,,,0,0,0,0,0,0,1.1403147151132305,
1721223000,160.88,167.2,153,155.975,,,,,,,0,0,0,0,0,0,1.0719157724013044,
1721237400,156.056,161.442,156.056,158.942,,,,,,,0,0,0,0,0,0,1.0935986396519148,
1721309400,163.325,163.5,151.616,156.694,,,,,,,0,0,0,0,0,0,1.0795788563351272,
1721323800,156.804,157.129,153.107,155.364,,,,,,,0,0,0,0,0,0,1.0719550343160071,
1721395800,156.543,174.8,156,173.52,,,,,,,0,0,0,0,0,0,1.1982638726690265,
1721410200,173.611,178.499,172.55,177.759,,,,,,,0,0,0,0,0,0,1.2283088606442618,
1721655000,178.494,180.598,173.6,178.5,,,,,,,0,0,0,0,0,0,1.2331817553461446,
1721669400,178.616,181.089,178.221,179.923,,,,,,,0,0,0,0,0,0,1.242481191911283,
1721741400,176.4,179.843,172.501,174.637,,,,,,,0,0,0,0,0,0,1.2052138554244363,
1721755800,174.6,175.336,171.642,171.959,,,,,,,0,0,0,0,0,0,1.186294699975136,
1721827800,175.053,176.937,168.501,172.7,,,,,,,0,0,0,0,0,0,1.1904343396535955,
1721842200,172.662,175,166.701,167.297,,,,,,,0,0,0,0,0,0,1.1527119956900165,
1721914200,161.435,167.8,150.906,163.6,,,,,,,0,0,0,0,0,0,1.1274142868038712,
1721928600,163.54,165.146,159.8,160.26,,,,,,,0,0,0,0,0,0,1.104415365068782,
1722000600,169.312,177.714,168.6,177.425,,,,,,,0,0,0,0,0,0,1.2220824969648327,
1722015000,177.049,177.179,174.001,175.361,,,,,,,0,0,0,0,0,0,1.2071256995381845,
1722259800,181.76,183.795,167.2,168.01,,,,,,,0,0,0,0,0,0,1.1559638179114677,
1722274200,167.8,169.9,167.647,168.479,,,,,,,0,0,0,0,0,0,1.1579270869722833,
1722346200,168.501,169.28,159.409,160.805,,,,,,,0,0,0,0,0,0,1.1046766715155432,
1722360600,160.5,162.439,159.781,160.407,,,,,,,0,0,0,0,0,0,1.1014886060579323,
1722432600,164.605,168.1,163.377,165.5,,,,,,,0,0,0,0,0,0,1.135284486957627,
1722447000,165.3,167.334,160.856,161.241,,,,,,,0,0,0,0,0,0,1.1052572784549406,
1722519000,161.913,163.128,149.6,150.597,,,,,,,0,0,0,0,0,0,1.0322058806881902,
1722533400,150.426,152.431,148.1,151.146,,,,,,,0,0,0,0,0,0,1.0362172677799237,
1722605400,149.157,159.513,144.502,146.7,,,,,,,0,0,0,0,0,0,1.0060122710623605,
1722619800,146.399,146.501,141.7,144.706,,,,,,,0,0,0,0,0,0,0.9927945539829051,
1722864600,105,135.4,102.4,131.8,,,,,,,0,0,0,0,0,0,0.9047780955211651,
1722879000,132.1,134.2,126.968,131.017,,,,,,,0,0,0,0,0,0,0.9000784591060612,
1722951000,132.916,137.39,126.25,137.182,,,,,,,0,0,0,0,0,0,0.9424532547713692,
1722965400,137.231,139.445,135.659,136.801,,,,,,,0,0,0,0,0,0,0.9397060067665963,
1723037400,140.862,142.1,127.515,129.651,,,,,,,0,0,0,0,0,0,0.8904629268169482,
1723051800,129.948,131.155,124.06,124.702,,,,,,,0,0,0,0,0,0,0.8565021153758555,
1723123800,130.86,136.01,128.12,131.8,,,,,,,0,0,0,0,0,0,0.9047002430366117,
1723138200,131.71,136.76,131.2,135.99,,,,,,,0,0,0,0,0,0,0.9327505131500725,
1723210200,135.76,136.59,129.55,132.53,,,,,,,0,0,0,0,0,0,0.9086563326009998,
1723224600,132.76,135.74,132.2,135.52,,,,,,,0,0,0,0,0,0,0.9285535065829275,
1723469400,133.01,139.01,129.21,132.24,,,,,,,0,0,0,0,0,0,0.9055937152223842,
1723483800,132.37,132.71,130.62,131.4,,,,,,,0,0,0,0,0,0,0.8992895096269283,
1723555800,132.26,140,130.3,137.16,,,,,,,0,0,0,0,0,0,0.9386001807727404,
1723570200,137.22,139.24,135.12,135.24,,,,,,,0,0,0,0,0,0,0.9253423749571427,
1723642200,136,137.39,129.4,129.8,,,,,,,0,0,0,0,0,0,0.8883338439740667,
1723656600,129.86,131.07,129.33,130.25,,,,,,,0,0,0,0,0,0,0.8915558515717993,
1723728600,132.59,139,131.25,135.13,,,,,,,0,0,0,0,0,0,0.9247252135461983,
1723743000,135.03,136.04,130.74,131.72,,,,,,,0,0,0,0,0,0,0.9011840316789368,
1723815000,132.83,136.28,127.41,131.08,,,,,,,0,0,0,0,0,0,0.8965726683501917,
1723829400,131.12,134.4,131.11,133.09,,,,,,,0,0,0,0,0,0,0.90995744376018,
1724074200,133.355,136.4,131.16,134.21,,,,,,,0,0,0,0,0,0,0.917339619632066,
1724088600,134.32,135.5,133.74,135.33,,,,,,,0,0,0,0,0,0,0.9247037495375636,
1724160600,139.735,141.35,130.64,131.24,,,,,,,0,0,0,0,0,0,0.8966971963302341,
1724175000,131.28,134.57,131.05,133.67,,,,,,,0,0,0,0,0,0,0.9131202678975613,
1724247000,134.29,139.6,132.9,137.45,,,,,,,0,0,0,0,0,0,0.9377163515376782,
1724261400,137.47,142.59,136.94,141.44,,,,,,,0,0,0,0,0,0,0.9634556218208165,
1724333400,141.33,141.8,135.68,137.65,,,,,,,0,0,0,0,0,0,0.936253883468508,
1724347800,137.6,137.75,133.69,133.81,,,,,,,0,0,0,0,0,0,0.9088993457259543,
1724419800,137.24,144.93,135.5,142.55,,,,,,,0,0,0,0,0,0,0.9669836903273168,
1724434200,142.57,151.81,142.45,149.95,,,,,,,0,0,0,0,0,0,1.0155365324982506,
1724679000,148.065,152.35,146.61,151.25,,,,,,,0,0,0,0,0,0,1.0230467030120354,
1724693400,151.3,152,146.61,146.92,,,,,,,0,0,0,0,0,0,0.9926878383490643,
1724765400,144.4,145.2,138.18,140.01,,,,,,,0,0,0,0,0,0,0.9455491680839999,
1724779800,140.17,141.66,139.7,140.09,,,,,,,0,0,0,0,0,0,0.9455418832059749,
1724851800,138.19,138.4,130.77,132.31,,,,,,,0,0,0,0,0,0,0.8928238111542063,
1724866200,132.25,134.09,130.74,132.01,,,,,,,0,0,0,0,0,0,0.8905532859144558,
1724938200,136.92,139.4,133.39,134.32,,,,,,,0,0,0,0,0,0,0.9057372597145344,
1724952600,134.28,134.93,131,132.62,,,,,,,0,0,0,0,0,0,0.8939142547493643,
1725024600,134.045,135.2,128.31,130.1,,,,,,,0,0,0,0,0,0,0.8768445129070143,
1725039000,130.25,133.4,129.81,132.11,,,,,,,0,0,0,0,0,0,0.8901704417707279,
1725370200,132.73,132.73,125.38,126.43,,,,,,,0,0,0,0,0,0,0.8516414675317465,
1725384600,126.35,126.37,122.19,122.35,,,,,,,0,0,0,0,0,0,0.8240034193692393,
1725456600,120.2,125.98,117.99,123.27,,,,,,,0,0,0,0,0,0,0.8301644513639603,
1725471000,123.26,125.15,122.75,124.79,,,,,,,0,0,0,0,0,0,0.8403917223992903,
1725543000,122.82,126.68,120.26,121.12,,,,,,,0,0,0,0,0,0,0.8159027856368153,
1725557400,121.07,122.83,119.44,119.57,,,,,,,0,0,0,0,0,0,0.8058157642465782,
1725629400,122.93,124.69,114.34,116.2,,,,,,,0,0,0,0,0,0,0.7839497102202218,
1725643800,116.14,116.22,113.77,114.28,,,,,,,0,0,0,0,0,0,0.7722049801540872,
1725888600,118.93,125.2,117.65,123.82,,,,,,,0,0,0,0,0,0,0.8374227950341159,
1725903000,123.83,125.16,123,124.85,,,,,,,0,0,0,0,0,0,0.8450863958285245,
1725975000,122.78,126.15,121.55,125.75,,,,,,,0,0,0,0,0,0,0.8522241657040774,
1725989400,125.7,129.81,125.68,129.72,,,,,,,0,0,0,0,0,0,0.8802266632032436,
1726061400,124.75,129.36,121.3,128.72,,,,,,,0,0,0,0,0,0,0.8748927218687598,
1726075800,128.75,131,128.04,129.29,,,,,,,0,0,0,0,0,0,0.8804424875980428,
1726147800,128.9,134.08,127.28,131.5,,,,,,,0,0,0,0,0,0,0.8969005699306434,
1726162200,131.59,132.11,129.92,130.88,,,,,,,0,0,0,0,0,0,0.8940469681834898,
1726234200,131.5,141.2,129.9,140.9,,,,,,,0,0,0,0,0,0,0.9636548417318433,
1726248600,140.97,142.99,140.08,141.32,,,,,,,0,0,0,0,0,0,0.9675397836500902,
1726493400,136.97,137.84,132.73,134.73,,,,,,,0,0,0,0,0,0,0.9234628657987001,
1726507800,134.66,136.15,134.35,134.69,,,,,,,0,0,0,0,0,0,0.923989990150855,
1726579800,138.33,140.15,128.84,131.14,,,,,,,0,0,0,0,0,0,0.9009465618931657,
1726594200,131.24,132.53,129.28,131.06,,,,,,,0,0,0,0,0,0,0.9018932930901475,
1726666200,130.29,134.94,128.57,133.7,,,,,,,0,0,0,0,0,0,0.9213674758814887,
1726680600,133.73,139.46,131.37,132.66,,,,,,,0,0,0,0,0,0,0.9156228779746375,
1726752600,140.5,148.98,139.61,146.37,,,,,,,0,0,0,0,0,0,1.0110220289286347,
1726767000,146.21,148.45,143.12,144.71,,,,,,,0,0,0,0,0,0,1.000320721820548,
1726839000,144.495,148.03,141.7,144.55,,,,,,,0,0,0,0,0,0,1.0001243389985066,
1726853400,144.52,146.05,143.81,144.7,,,,,,,0,0,0,0,0,0,1.0015645860230602,
1727098200,147.48,151.59,145.02,149.19,,,,,,,0,0,0,0,0,0,1.0327531206912939,
1727112600,149.12,150.84,148.45,149.99,,,,,,,0,0,0,0,0,0,1.0384039208101024,
1727184600,149.91,152.6,146.7,150.2,,,,,,,0,0,0,0,0,0,1.0402855389652979,
1727199000,150.23,154.33,150.23,153.91,,,,,,,0,0,0,0,0,0,1.0663828408739628,
1727271000,152.155,157.88,151.96,153,,,,,,,0,0,0,0,0,0,1.0607043824042588,
1727285400,152.96,153.8,151.5,151.93,,,,,,,0,0,0,0,0,0,1.0538553152999433,
1727357400,157.51,167.05,156.4,165.75,,,,,,,0,0,0,0,0,0,1.1499325124509727,
1727371800,165.79,167.51,164.34,165.68,,,,,,,0,0,0,0,0,0,1.1496443645326724,
1727443800,170.93,179.58,168.31,176.25,,,,,,,0,0,0,0,0,0,1.222656713373888,
1727458200,176.17,178.17,173.25,176.4,,,,,,,0,0,0,0,0,0,1.2231268130695458,
1727703000,168.63,175.5,167.42,169.94,,,,,,,0,0,0,0,0,0,1.1781936816189742,
1727717400,169.98,172.35,168.24,168.58,,,,,,,0,0,0,0,0,0,1.1682936063177523,
1727789400,168.51,169.37,157.09,158.36,,,,,,,0,0,0,0,0,0,1.0976902902832224,
1727803800,158.36,165.25,158.19,162.61,,,,,,,0,0,0,0,0,0,1.1270372523427807,
1727875800,160.49,173.8,159.2,170.3,,,,,,,0,0,0,0,0,0,1.1794150223914157,
1727890200,170.25,171.25,163.92,164.48,,,,,,,0,0,0,0,0,0,1.1386534974870095,
1727962200,163.3,165.86,157.82,160.53,,,,,,,0,0,0,0,0,0,1.1116878809215307,
1727976600,160.35,163.6,160.1,163.43,,,,,,,0,0,0,0,0,0,1.131606335197891,
1728048600,166.59,174.41,164,172.67,,,,,,,0,0,0,0,0,0,1.194412817561948,
1728063000,172.58,176.55,171.65,176.49,,,,,,,0,0,0,0,0,0,1.219307789287665,
1728307800,179.945,191.99,178.94,189.2,,,,,,,0,0,0,0,0,0,1.3047436123855258,
1728322200,189.11,190.65,182,186.18,,,,,,,0,0,0,0,0,0,1.28182864785909,
1728394200,186.34,198.46,184.45,195.6,,,,,,,0,0,0,0,0,0,1.3439288784220227,
1728408600,195.59,198.49,190.64,192.07,,,,,,,0,0,0,0,0,0,1.317275800097756,
1728480600,189.77,198.38,185.32,192.9,,,,,,,0,0,0,0,0,0,1.320386644820895,
1728495000,192.66,194.25,186.8,189,,,,,,,0,0,0,0,0,0,1.2912836370957432,
1728567000,191.89,192.2,181.25,185.645,,,,,,,0,0,0,0,0,0,1.2660388062020256,
1728581400,185.53,186.06,178,183.36,,,,,,,0,0,0,0,0,0,1.2484473093302455,
1728653400,188.86,206.79,187.42,205.79,,,,,,,0,0,0,0,0,0,1.397478182646819,
1728667800,205.8,212.81,205.45,212.5,,,,,,,0,0,0,0,0,0,1.439003246413169,
1728912600,224.44,227.12,207.4,207.8,,,,,,,0,0,0,0,0,0,1.4026492341987657,
1728927000,207.74,208.91,201.44,201.6,,,,,,,0,0,0,0,0,0,1.356992311310574,
1728999000,206.6,211.14,189.7,196.96,,,,,,,0,0,0,0,0,0,1.3229815455887664,
1729013400,196.89,201.7,194.24,194.3,,,,,,,0,0,0,0,0,0,1.3025762455186578,
1729085400,199.9,200.67,191.96,197.8,,,,,,,0,0,0,0,0,0,1.3231116674268917,
1729099800,197.8,198.98,193.94,193.99,,,,,,,0,0,0,0,0,0,1.294943019139358,
1729171800,192.6,198.87,185.81,196.47,,,,,,,0,0,0,0,0,0,1.3090222999987156,
1729186200,196.33,197.3,191.93,193.61,,,,,,,0,0,0,0,0,0,1.2876888492025529,
1729258200,197.59,214.34,197.11,213.81,,,,,,,0,0,0,0,0,0,1.4176713436353932,
1729272600,213.9,218.65,213.12,215.85,,,,,,,0,0,0,0,0,0,1.4264319382616448,
1729517400,214.49,218.41,208.5,217.78,,,,,,,0,0,0,0,0,0,1.434459912089564,
1729531800,217.88,223.15,216.21,219.1,,,,,,,0,0,0,0,0,0,1.438112424773875,
1729603800,216.38,221.35,212.12,216.62,,,,,,,0,0,0,0,0,0,1.4168254099133015,
1729618200,216.71,220.66,214.23,219.66,,,,,,,0,0,0,0,0,0,1.4314262197033858,
1729690200,215.13,222.85,209.25,212,,,,,,,0,0,0,0,0,0,1.3767750698966839,
1729704600,211.91,216.9,204.97,213.98,,,,,,,0,0,0,0,0,0,1.3847233826447263,
1729776600,219.66,230.99,218.18,222.67,,,,,,,0,0,0,0,0,0,1.4352945853677754,
1729791000,222.73,236.23,222.18,236.12,,,,,,,0,0,0,0,0,0,1.5152419087230564,
1729863000,236.59,245.55,231.16,236.89,,,,,,,0,0,0,0,0,0,1.5134314233438402,
1729877400,236.89,239.02,227.75,234.23,,,,,,,0,0,0,0,0,0,1.4899460707043808,
1730122200,244.7,252.46,242.8,252.45,,,,,,,0,0,0,0,0,0,1.5978178886757688,
1730136600,252.45,259.51,251.84,255.28,,,,,,,0,0,0,0,0,0,1.6075667329681034,
1730208600,264.32,267.89,251.24,259,,,,,,,0,0,0,0,0,0,1.6225274795004603,
1730223000,258.98,260.42,252.4,258.3,,,,,,,0,0,0,0,0,0,1.6101831996879745,
1730295000,246.5,255.82,239,251.88,,,,,,,0,0,0,0,0,0,1.5628647195741194,
1730309400,251.87,252.53,245.6,247.19,,,,,,,0,0,0,0,0,0,1.5273492725005224,
1730381400,251.18,252.86,237,250.28,,,,,,,0,0,0,0,0,0,1.539645288719311,
1730395800,250.5,250.9,242.56,244.36,,,,,,,0,0,0,0,0,0,1.4983933013601098,
1730467800,245.65,255.75,226.68,233.5,,,,,,,0,0,0,0,0,0,1.4277165934928635,
1730482200,233.7,233.76,225.97,229.61,,,,,,,0,0,0,0,0,0,1.4003430273918278,
1730730600,226.765,231.57,222.7,227.47,,,,,,,0,0,0,0,0,0,1.3839516584390585,
1730745000,227.31,228.26,220.83,222.99,,,,,,,0,0,0,0,0,0,1.3531354491973027,
1730817000,233.35,243.4,227.495,230.53,,,,,,,0,0,0,0,0,0,1.3949796559163534,
1730831400,230.65,234.07,225.5,227.8,,,,,,,0,0,0,0,0,0,1.3746439489581928,
1730903400,260.15,261.25,242.65,258.11,,,,,,,0,0,0,0,0,0,1.5513421203962836,
1730917800,258.18,260.75,254.54,257.8,,,,,,,0,0,0,0,0,0,1.544431539503614,
1730989800,256.4,276,252.7,271.55,,,,,,,0,0,0,0,0,0,1.6209292494579903,
1731004200,271.55,280.8,269.22,271.09,,,,,,,0,0,0,0,0,0,1.6124339492828887,
1731076200,275.575,279.25,262.62,270.21,,,,,,,0,0,0,0,0,0,1.6016505480118302,
1731090600,269.99,273.64,265.57,270.39,,,,,,,0,0,0,0,0,0,1.5968701680764967,
1731335400,297.19,325.16,293.45,324.14,,,,,,,0,0,0,0,0,0,1.9032711821156758,
1731349800,324.25,351.85,324.25,339.82,,,,,,,0,0,0,0,0,0,1.9827875156900119,
1731421800,334.01,357.37,325.5,348,,,,,,,0,0,0,0,0,0,2.0167972967288748,
1731436200,348.17,360.8,345.9,356.63,,,,,,,0,0,0,0,0,0,2.052001594006773,
1731508200,366.735,383.27,350.14,355.88,,,,,,,0,0,0,0,0,0,2.032923607905573,
1731522600,355.92,357.5,321.8,328.24,,,,,,,0,0,0,0,0,0,1.864669171598588,
1731594600,341.77,348,318.65,333.66,,,,,,,0,0,0,0,0,0,1.8845256732475109,
1731609000,333.54,338.36,326.51,327.66,,,,,,,0,0,0,0,0,0,1.839933638589927,
1731681000,336.61,342.2,324.13,334.93,,,,,,,0,0,0,0,0,0,1.8694840046036554,
1731695400,334.5,349.94,332.09,340,,,,,,,0,0,0,0,0,0,1.8856154199689537,
1731940200,345.45,377.35,339.4,371.97,,,,,,,0,0,0,0,0,0,2.0474202448451884,
1731954600,371.98,388.48,356.35,385.17,,,,,,,0,0,0,0,0,0,2.103666258534103,
1732026600,389.5,423.78,381.2,421.74,,,,,,,0,0,0,0,0,0,2.2824482832100808,
1732041000,421.62,449,420.69,430.41,,,,,,,0,0,0,0,0,0,2.3068325081829246,
1732113000,463.4,499.33,457.24,494.73,,,,,,,0,0,0,0,0,0,2.620430990565606,
1732127400,494.07,504.7,472.4,473.78,,,,,,,0,0,0,0,0,0,2.4817269945189433,
1732199400,534.95,543,425.85,466.67,,,,,,,0,0,0,0,0,0,2.4181726314201697,
1732213800,466.79,468.5,372,397.15,,,,,,,0,0,0,0,0,0,2.039841463097006,
1732285800,403.235,453,393.1,432.01,,,,,,,0,0,0,0,0,0,2.196976857897767,
1732300200,431.8,450.58,420.52,420.94,,,,,,,0,0,0,0,0,0,2.1209347980374553,
1732545000,440.5,440.98,383.82,405.97,,,,,,,0,0,0,0,0,0,2.027764803664155,
1732559400,405.55,408.07,391.18,403.46,,,,,,,0,0,0,0,0,0,1.9976019053662681,
1732631400,383.24,402.91,371.12,371.29,,,,,,,0,0,0,0,0,0,1.8239556418673457,
1732645800,371.41,372.35,338.7,354.17,,,,,,,0,0,0,0,0,0,1.7276778387295912,
1732717800,384.58,393.9,372.58,387.18,,,,,,,0,0,0,0,0,0,1.8738902514173328,
1732732200,387,397.66,385,388.48,,,,,,,0,0,0,0,0,0,1.865274798156298,
1732890600,405.75,417.53,381,386.1,,,,,,,0,0,0,0,0,0,1.8395680732095567,
1733149800,393.865,398.7,375.19,380.42,,,,,,,0,0,0,0,0,0,1.7987833942358191,
1733164200,380.2,387.01,374.4,380.23,,,,,,,0,0,0,0,0,0,1.7843404545196517,
1733236200,367.62,393,362.7,382.22,,,,,,,0,0,0,0,0,0,1.7804689996990184,
1733250600,382.01,384.22,369.62,373.46,,,,,,,0,0,0,0,0,0,1.7272967480493566,
1733322600,379.85,385.51,365.65,374.66,,,,,,,0,0,0,0,0,0,1.7202776922412688,
1733337000,374.71,409.97,372.17,405.9,,,,,,,0,0,0,0,0,0,1.8486232473529867,
1733409000,440.22,444.94,387.61,393.25,,,,,,,0,0,0,0,0,0,1.7775288969194363,
1733423400,393,394.45,379.39,386.39,,,,,,,0,0,0,0,0,0,1.7336458059995739,
1733495400,395.01,405.01,384.08,399.56,,,,,,,0,0,0,0,0,0,1.7789115348274362,
1733509800,399.3,403.2,391.11,395.09,,,,,,,0,0,0,0,0,0,1.7458715516556917,
1733754600,394.15,399.8,371.5,381.57,,,,,,,0,0,0,0,0,0,1.6743203837526521,
1733769000,381.44,382.49,363.5,365.54,,,,,,,0,0,0,0,0,0,1.5935954332008453,
1733841000,373.43,378.3,356.13,367.7,,,,,,,1,0,0,0,0,0,1.5924213334473303,
1733855400,367.9,379.74,366.6,377.46,,,,,,,1,0,0,0,0,0,1.6236300708867164,
1733927400,385.66,406.21,385.5,400.05,,,,,,,1,0,0,0,0,0,1.708350489319254,
1733941800,400,412.68,399.6,411.66,,,,,,,1,0,0,0,0,0,1.7449385820440935,
1734013800,413.95,415.76,397.1,403.59,,,,,,,1,0,0,0,0,0,1.6983798366764167,
1734028200,403.4,404.76,386.11,392.34,,,,,,,1,0,0,0,0,0,1.639529979136755,
1734100200,399.69,405.37,388.88,399.28,,,,,,,1,0,0,0,0,0,1.657061805397974,
1734114600,399.12,409.66,396,409.15,,,,,,,1,0,0,0,0,0,1.6863203392410688,
1734359400,425.25,436.6,416.11,436.37,,,,,,,0,0,0,0,0,0,1.7849754021861002,
1734373800,436.3,437.61,406.51,408.71,,,,,,,0,0,0,0,0,0,1.6603609257494258,
1734445800,413.45,415.68,387.77,396.11,,,,,,,0,0,0,0,0,0,1.598445059988178,
1734460200,396.36,397,386,386.53,,,,,,,0,0,0,0,0,0,1.5498426219881691,
1734532200,386,390.23,372.77,387.59,,,,,,,0,0,0,0,0,0,1.543897345318776,
1734546600,387.5,389.38,337.96,349.93,,,,,,,1,0,0,0,0,0,1.3861225845815726,
1734618600,365.15,367.4,323.48,332.56,,,,,,,1,0,0,0,0,0,1.3106774207369163,
1734633000,332.31,339.01,324,326.61,,,,,,,0,0,0,0,0,0,1.280909247437305,
1734705000,318.99,357.29,316.98,348.66,,,,,,,0,0,0,0,0,0,1.3598655189494255,
1734719400,348.69,364.8,347.68,363.82,,,,,,,0,0,0,0,0,0,1.4107679943461309,
1734964200,358.39,359.58,340.02,343.98,,,,,,,0,0,0,0,0,0,1.3266152735090109,
1734978600,343.82,344.5,329.15,333,,,,335.55,335.55,,0,1,0,0,0,0,1.2775729208500077,
1735050600,344,361,342.5,359.145,,,,,,,0,0,0,0,0,0,1.3698817817391669,
1735223400,350.25,351.68,340,347.08,,,,,,,0,0,0,0,0,0,1.3166600544947393,
1735237800,347.1,347.6,340.52,341.33,,,,,,,0,0,0,0,0,0,1.2879060449083723,
1735309800,342.705,343,326.58,328.09,,,,,,,0,0,0,0,0,0,1.2316967369474507,
1735324200,328,330.95,323.2,330.41,,,,,,,0,0,0,0,0,0,1.2340040571607154,
1735569000,319.245,320,301.75,314,,,,,,,0,0,0,0,0,0,1.1671001027537282,
1735583400,314.01,318.81,302,302.77,,,,,,,0,0,0,0,0,0,1.1205510427262266,
1735655400,317.3,317.71,287.76,293.37,,,,,,,0,0,0,0,0,0,1.0814102649472808,
1735669800,293.5,295.55,285.01,289.71,,,,,,,0,0,0,0,0,0,1.0637709923085452,
1735828200,300.18,310.68,294.11,296.29,,,,,,,0,0,0,0,0,0,1.083655716835793,
1735842600,296.21,302.04,292.28,300.33,,,,,,,0,0,0,0,0,0,1.094001681736334,
1735914600,302.835,334.87,301.9,334.65,,,,,,,0,0,0,0,0,0,1.2131630142887815,
1735929000,334.65,343.27,332.93,339.635,,,,,,,0,0,0,0,0,0,1.2252699916478054,
1736173800,349.33,369.28,335.5,369.23,,,,,,,0,0,0,0,0,0,1.3246883528394546,
1736188200,369.3,383.01,365.21,379.79,,,,,,,0,0,0,0,0,0,1.3550816439254232,
1736260200,366.47,371.25,342.4,343.47,,,,,,,0,0,0,0,0,0,1.2198165412565651,
1736274600,343.48,344.53,335.25,341.48,,,,,,,0,0,0,0,0,0,1.2070312361925568,
1736346600,335.245,344.45,317.27,338.5,,,,,,,0,0,0,0,0,0,1.190962463600653,
1736361000,338.44,338.75,329.05,331.72,,,,,,,0,0,0,0,0,0,1.1618183003453713,
1736519400,329.745,337,317.98,331.25,,,,,,,0,0,0,0,0,0,1.1549477314099106,
1736533800,331.2,335.55,325.81,327.97,,,,,,,0,0,0,0,0,0,1.1385361775302414,
1736778600,310.42,324.79,303.8,317.45,,,,,,,0,0,0,0,0,0,1.0974743018969642,
1736793000,317.5,329.3,315.37,328.43,,,,,,,0,0,0,0,0,0,1.130841859540909,
1736865000,343.41,349.77,331.32,343.26,,,,,,,0,0,0,0,0,0,1.1767141297456858,
1736879400,343.27,354.89,336.96,342.91,,,,,,,0,0,0,0,0,0,1.1703798242395076,
1736951400,357.75,363.98,353.05,357.96,,,,,,,0,0,0,0,0,0,1.2160362453923699,
1736965800,357.85,368.43,356.07,360.53,,,,,,,0,0,0,0,0,0,1.2191199876172891,
1737037800,357.81,365.25,345.88,360,,,,,,,0,0,0,0,0,0,1.2117759869215061,
1737052200,359.64,370.26,357.24,366.995,,,,,,,0,0,0,0,0,0,1.2295328143943218,
1737124200,383.2,395.15,380.4,394.08,,,,,,,0,0,0,0,0,0,1.3134565084072538,
1737138600,393.78,398.68,390.69,396.6,,,,,,,0,0,0,0,0,0,1.3149676097806402,
1737469800,395,398.37,367.67,397.38,,,,,,,0,0,0,0,0,0,1.3106722052307385,
1737484200,397.22,404.38,382.6,389.1,,,,,,,0,0,0,0,0,0,1.2772917995623656,
1737556200,384.96,390.35,371.1,376.35,,,,,,,0,0,0,0,0,0,1.2299499347961076,
1737570600,376.75,381.7,373.9,377.17,,,,,,,0,0,0,0,0,0,1.227430012805205,
1737642600,371.65,390.15,370.84,380,,,,,,,0,0,0,0,0,0,1.2313759612415531,
1737657000,380.21,385.73,372.8,373.12,,,,377.2166666666667,377.2166666666667,,0,1,0,0,0,0,1.2039674534748528,
1737729000,378.02,378.11,365.35,374.6,,,,379.0036404292619,370.0896624813068,,0,0,0,0,0,0,1.2035810386288925,
1737743400,374.5,376.05,351,353.77,,,,383.79822293086454,356.1918674712192,,0,0,0,0,0,0,1.1320691417850053,
1737988200,340.8,356.78,323.51,323.51,,,,393.98906138129314,326.6022380250587,,0,0,0,0,0,0,1.0318092159006778,
1738002600,323.8,348.5,322.34,347.52,,,,391.65194164545676,322.76521650036534,,0,0,0,0,0,0,1.104359984746409,
1738074600,344.15,349,334.8,338.85,,,,389.3055842932479,321.2650593379457,,0,0,0,0,0,0,1.0729723551305757,
1738089000,338.82,341.49,333.1,335.94,,,,388.3303855324422,320.07771817691156,,0,0,0,0,0,0,1.059959474957649,
1738161000,338.21,341.35,333.19,336.15,,,,386.30191113288924,318.35554047791356,,0,0,0,0,0,0,1.0569060751066475,
1738175400,336.3,343.63,329.5,341.21,,,,384.5049707532414,317.64852150946433,,0,0,0,0,0,0,1.0691602225670573,
1738247400,345.76,356.16,338.6,340.5,,,,382.46786045530564,318.5286881950967,,0,0,0,0,0,0,1.0634096608029948,
1738261800,340.27,347.73,340,340.31,,,,381.65039495687466,318.7143335349853,,0,0,0,0,0,0,1.0595901373922392,
1738333800,340,352.66,333.89,347.68,,,,379.62111563442096,319.6299609336691,,0,0,0,0,0,0,1.0790368071159435,
1738348200,347.5,348.61,332,334.09,,,,378.3335031969297,319.3230940695168,,0,0,0,0,0,0,1.0339925581376772,
1738593000,309.51,337.8,309.4,336.76,,,,377.6016236871355,316.58929342819016,,0,0,0,0,0,0,1.0392535853768865,
1738607400,337.07,348.88,336.26,347.17,,,,376.8257009530561,317.1049545057037,,0,0,0,0,0,0,1.0680985563663408,
1738679400,341.195,351.14,340.5,347.78,,,,376.00587114060596,317.8730983558568,,0,0,0,0,0,0,1.0666137177629522,
1738693800,347.75,353.72,344.44,348.31,,,,375.5718508437367,318.4375484050405,,0,0,0,0,0,0,1.064811997880555,
1738765800,349.11,352.35,338.88,342.14,,,,374.83241875578983,318.94930461198123,,0,0,0,0,0,0,1.0426844991524404,
1738780200,342.05,343.85,333.56,336.475,,,,374.41257734096104,318.9372961101481,,0,0,0,0,0,0,1.0227921677803833,
1738852200,338.67,344.5,326.1,326.52,,,,373.49977905315603,318.0319207155131,,0,0,0,0,0,0,0.9903172734644295,
1738866600,326.38,329,320.71,325.57,,,,373.34437601741445,316.8633173226224,,0,0,0,0,0,0,0.9851657090604043,
1738938600,335.01,344.4,330.82,341.8,,,,372.11159521050917,317.25796122990874,,0,0,0,0,0,0,1.031454103222508,
1738953000,341.39,343.3,327,327.72,,,,371.60861159766864,316.9839851909028,,0,0,0,0,0,0,0.9864534179306123,
1739197800,333.54,340.36,328.3,332.16,,,,370.8605790769616,316.756119231438,,0,0,0,0,0,0,0.9971484754715241,
1739212200,332.08,335.41,329.4,334.7,,,,370.60014810469954,316.66898237236353,,0,0,0,0,0,0,1.0021165204689375,
1739284200,332.73,338.5,321.82,323.38,,,,370.1523311859442,315.89958506737054,,0,0,0,0,0,0,0.9658096832421549,
1739298600,323.36,325.04,318.71,319.375,,,,370.13011806364693,314.88722868333787,,0,0,0,0,0,0,0.9515947577166818,
1739370600,315.73,329.61,314.2,324.72,,,,369.9480273840698,313.94443571747996,,0,0,0,0,0,0,0.9650881403488453,
1739385000,324.57,331.18,322.3,326.86,,,,369.7494335077616,313.67933636293134,,0,0,0,0,0,0,0.9693471118599813,
1739457000,325.52,330.53,317.35,320.13,,,,369.48544968967695,312.7020984567259,,0,0,0,0,0,0,0.9474979456141259,
1739471400,320.33,327.32,319.47,325.03,,,,369.30628547838006,312.32099925151323,,0,0,0,0,0,0,0.9600345218464155,
1739543400,325.05,340.64,323.8,340.38,,,,368.3671466106962,312.6458307362519,,0,0,0,0,0,0,1.0030553329824339,
1739557800,340.38,344.88,337.17,337.65,,,,367.93995117742946,313.03756878955375,,0,0,0,0,0,0,0.9927260880636994,
1739889000,337.75,340.43,328.1,329.07,,,,367.4252168842378,313.07765386279823,,0,0,0,0,0,0,0.965496269210817,
1739903400,329.04,335.16,326.8,333.96,,,,367.208490159422,313.08210795177035,,0,0,0,0,0,0,0.9775867485530615,
1739975400,337.4,340.22,326.8,327.86,,,,366.64184385195273,313.07786817659695,,0,0,0,0,0,0,0.9576708334530776,
1739989800,327.72,327.8,317.17,318.76,,,,366.2991014176805,311.70267645214903,,0,0,0,0,0,0,0.92940697676934,
1740061800,323.55,327.83,314.935,323.32,,,,366.03699130810026,311.0827582648575,,0,0,0,0,0,0,0.941158750982318,
1740076200,323.27,325.33,321.65,323.82,,,,365.881410947105,310.8692187101419,,0,0,0,0,0,0,0.9410778481061902,
1740148200,327.62,329,308.2,310.77,,,,365.8360619068106,309.3286015817436,,0,0,0,0,0,0,0.9018580079640545,
1740162600,310.64,312.5,299.06,299.73,,,,366.68214915682,306.4800281842826,,0,0,0,0,0,0,0.8690505151517955,
1740407400,304,304,276.43,295.65,,,,368.9432980017678,300.88904698776224,,0,0,0,0,0,0,0.8565739267276314,
1740421800,295.5,296.5,282.22,282.48,,,,369.8542432669839,298.6411739472901,,0,0,0,0,0,0,0.8180580211655444,
1740493800,267.95,270.29,247.12,249.3,,,,380.19347436124565,279.1250274128339,,0,0,0,0,0,0,0.7220906403475092,
1740508200,249.36,258.62,243.7,250.48,,,,384.21878826898836,269.8163345955109,,0,0,0,0,0,0,0.7255274591392782,
1740580200,245.57,261.36,244.02,251.71,,,,386.82903101841094,262.2284509122439,,0,0,0,0,0,0,0.729028634821588,
1740594600,251.54,264.35,247.18,263.6,,,,387.73399303720646,258.15060740536194,,0,0,0,0,0,0,0.7632757115405145,
1740666600,267.115,271.43,250.9,256.6,,,,388.26681839558245,254.79828766374766,,0,0,0,0,0,0,0.7428367743518199,
1740681000,256.36,257.3,239.52,239.88,,,,389.49888574670183,250.28308253803036,,0,0,0,0,0,0,0.694350954299776,
1740753000,237.48,256.55,231.92,248.66,,,,390.9938118981922,243.19508788265722,,0,0,0,0,0,0,0.719509366457911,
1740767400,248.41,257.45,248,255.41,,,,391.09560279953234,241.053153691983,,0,0,0,0,0,0,0.7386555361125572,
1741012200,293.22,295.03,255.66,255.73,,,,389.63922167955775,237.660393548815,,0,0,0,0,0,0,0.7391294740607798,
1741026600,255.73,260,246.11,251.26,,,,389.5734491683678,235.1719384435636,,0,0,0,0,0,0,0.7259293459686997,
1741098600,240.28,266.29,237.05,263.81,,,,389.1047224180482,232.1093047752924,,0,0,0,0,0,0,0.7616770043044694,
1741113000,263.815,293.01,262.32,274.87,,,,387.67185358602904,231.377608456622,,0,0,0,0,0,0,0.7933619550458917,
1741185000,278.5,300.75,271.88,292.795,,,,386.0308314541522,231.6181646966897,,0,0,0,0,0,0,0.8445488321285377,
1741199400,292.67,311.2,290.1,308.58,,,,385.09838429964736,232.31380712518398,,0,0,0,0,0,0,0.8894667428377596,
1741271400,298.55,320.8,292.17,302.42,,,,383.4986245288734,233.63994725308604,,0,0,0,0,0,0,0.871203257837885,
1741285800,302.32,311.93,295.62,304.17,,,,383.0556266782857,233.9837606401955,,0,0,0,0,0,0,0.8756919012380805,
1741357800,298.15,310.3,281.46,298.32,,,,381.75963925662586,234.6084900453383,,0,0,0,0,0,0,0.8584046975044042,
1741372200,298.7,305.15,286,286.66,,,,381.1464459303955,234.8057612744148,,0,0,0,0,0,0,0.8254278050924567,
1741613400,267.82,272,241.32,243.93,,,,380.837960062097,231.88697326360358,,0,0,0,0,0,0,0.7036416554058516,
1741627800,243.75,244.2,231.62,238.95,,,,381.2221926512815,227.96199747613346,,0,0,0,0,0,0,0.6906780261552183,
1741699800,244.42,250.2,231.6,241.16,,,,381.2313189879553,224.7766232695958,,0,0,0,0,0,0,0.6985702034106029,
1741714200,241.15,263.07,240.04,260.45,,,,380.77033216483755,223.6697889102469,,0,0,0,0,0,0,0.7557956235099759,
1741786200,264.6,269.53,248.23,265.29,,,,380.16084544713055,222.95571648145471,,0,0,0,0,0,0,0.770749098932852,
1741800600,265.17,266.68,258,262.56,,,,379.9272939499148,222.7285384288827,,0,0,0,0,0,0,0.7638355668678005,
1741872600,262.01,270.4,253.77,259.25,,,,379.3560127834565,222.12226242626383,,0,0,0,0,0,0,0.7551757978407518,
1741887000,259.24,268.95,258.53,263.63,,,,379.0908132895075,221.91607911420812,,0,0,0,0,0,0,0.7689647800839368,
1741959000,273.99,292.88,272.62,289.81,,,,377.8009761224749,222.39525662698594,,0,0,0,0,0,0,0.8461266352769832,
1741973400,290,298.65,288.1,297.53,,,,377.22353003748157,222.83127413208462,,0,0,0,0,0,0,0.8698855931667882,
1742218200,291.665,294.57,281.635,291.655,,,,376.6013674723377,223.1660228047545,,0,0,0,0,0,0,0.8542156876175968,
1742232600,291.79,296.8,290.93,294.36,,,,376.3525074371688,223.34771588524563,,0,0,0,0,0,0,0.8642183781410469,
1742304600,283,290.88,272.5,281.19,,,,375.6515315040797,223.51352254576645,,0,0,0,0,0,0,0.8278922577278119,
1742319000,281.07,285.55,278.55,283.3,,,,375.40290189739653,223.5830488346281,,0,0,0,0,0,0,0.8374680036072257,
1742391000,290.16,301.11,287.07,296.84,,,,374.8021187089982,224.05564120646403,,0,0,0,0,0,0,0.8804650044429703,
1742405400,296.92,309.04,292.7,304.23,,,,374.27103698483506,224.66423303263548,,0,0,0,0,0,0,0.9051984896993939,
1742477400,298.51,309.44,293.4,298.24,,,,373.6841118921621,225.2797477898278,,0,0,0,0,0,0,0.889064032739078,
1742491800,298.1,303.49,297.65,302,,,,373.45928164052145,225.52438134058184,,0,0,0,0,0,0,0.9025294249946663,
1742563800,295.12,301.99,293.05,296.79,,,,373.0366479158048,225.89920963634518,,0,0,0,0,0,0,0.8890875056132738,
1742578200,296.54,306.33,296.29,303.81,,,,372.7762485439313,226.20060687730245,,0,0,1,0,0,0,0.9119176994690158,
1742823000,316.18,332.08,311.3,328.64,,,,372.854986508926,227.1148422643539,,0,0,0,0,0,0,0.9878789001248246,
1742837400,328.53,336.77,327.97,335.59,,,,373.1916726467039,227.60140223994057,,0,0,0,0,0,0,1.009469223011763,
1742909400,333.48,343.37,329.5,338.6,,,,373.7475086026103,228.15212257774897,,0,0,0,0,0,0,1.0188312860000528,
1742923800,338.7,343.53,336.26,341.8,,,,373.97163237810827,228.31360557798467,,0,0,0,0,0,0,1.029366747776002,
1742995800,336.5,340.22,324.25,326.4,,,,374.22036920707035,228.9900082975502,,0,0,0,0,0,0,0.9841751322840351,
1743010200,326.54,330.66,319.78,329.33,,,,374.2582643127083,229.28200949249864,,0,0,0,0,0,0,0.9941076422262948,
1743082200,322.53,333.41,318,320.58,,,,374.2505334367926,229.8561764732647,,0,0,0,0,0,0,0.9688241358384246,
1743096600,320.33,328.5,319.79,324.48,,,,374.24908658313666,230.06032698911474,,0,0,0,0,0,0,0.9816773815768605,
1743168600,318.43,320.8,291.5,292.57,,,,373.5752110878076,230.71470860515387,,0,0,0,0,0,0,0.8866888689124073,
1743183000,292.64,297.58,289.25,289.49,,,,373.14167534815317,230.9460026398573,,0,0,0,0,0,0,0.8787971994636451,
1743427800,282.56,294.91,272.82,289.38,,,,372.56024899736065,231.1008999400384,,0,0,0,0,0,0,0.8799329465038455,
1743442200,289.33,294.7,284.35,288.27,,,,372.2976190223501,231.21016785615677,,0,0,0,0,0,0,0.8785851667812205,
1743514200,292.79,307.59,280.77,300.67,,,,371.698932677446,231.64685947936763,,0,0,0,0,0,0,0.9180489368305478,
1743528600,300.44,307.5,292.4,306.03,,,,371.4908795602648,231.85854907098877,,0,0,0,0,0,0,0.9358963950015043,
1743600600,298.22,319.33,296.98,309.13,,,,371.1481748591755,232.37467330331623,,0,0,0,0,0,0,0.9470665291647247,
1743615000,309,313.49,304.01,313.22,,,,371.03764876242843,232.56268647918256,,0,0,0,0,0,0,0.9611522003319845,
1743687000,286.77,299.22,281.5,281.84,,,,370.49799796399014,232.74521114061025,,0,0,0,0,0,0,0.8665699627814017,
1743701400,281.7,285.02,276.06,282.29,,,,370.1611416282095,232.7598563729188,,0,0,0,0,0,0,0.8693892858650809,
1743773400,285.09,287.85,265.35,280.63,,,,369.5317168768819,232.68517186096378,,0,0,0,0,0,0,0.8657746847937168,
1743787800,280.6,299.09,279.28,293.21,,,,369.01956107599636,232.93707045807918,,0,0,0,0,0,0,0.9061048341055905,
1744032600,260.14,297.64,252.6,270.045,,,,368.205564686382,232.6224489199777,,0,0,0,0,0,0,0.8366868524128446,
1744047000,270.12,278,265.77,268.08,,,,367.8093290125927,232.39362947732297,,0,0,0,0,0,0,0.8329893650141015,
1744119000,278.08,282.8,251.83,252.7,,,,367.4203271100104,231.8114547035055,,0,0,0,0,0,0,0.7875823052011375,
1744133400,252.77,258.87,235.93,237.97,,,,367.41723789947133,230.45358907519943,,0,0,0,0,0,0,0.7439830925723213,
1744205400,242.6,280,241.71,270.27,,,,366.73088954542516,229.73910294595518,,0,0,0,0,0,0,0.8471694183121261,
1744219800,270.8,302.34,268.17,295.89,,,,365.74776179412925,230.2732795211953,,0,0,0,0,0,0,0.9296052735591942,
1744291800,283.12,288,261.46,272.33,,,,365.22771169699234,230.18351441397232,,0,0,0,0,0,0,0.8584404914188792,
1744306200,272.38,278.89,267.36,272.57,,,,364.92878357695344,230.1169214390564,,0,0,0,0,0,0,0.861582445137997,
1744378200,280.565,298.18,276.76,296.73,,,,364.33976403332497,230.49748295404763,,0,0,0,0,0,0,0.9398559926173533,
1744392600,296.6,304.15,294.9,299.66,,,,363.98070654096455,230.90594948556466,,0,0,0,0,0,0,0.9508242764359354,
1744637400,309.97,314.55,300.1,306.13,,,,363.80256181195904,231.2437413418324,,0,0,0,0,0,0,0.9729761595962929,
1744651800,306.5,314.21,305.82,311.36,,,,363.7382575220287,231.4175813904058,,0,0,0,0,0,0,0.9903820028450948,
1744723800,312.255,319.75,308.2,311.14,,,,363.6641872524326,231.70971936207468,,0,0,0,0,0,0,0.9901174466813087,
1744738200,311.42,312.65,306.85,310.56,,,,363.6150987841282,231.8341192389566,,0,0,0,0,0,0,0.9885975132265025,
1744810200,305.9,318.55,305.5,317.41,,,,363.54432153071946,232.1556753275446,,0,0,0,0,0,0,1.0110518208100325,
1744824600,317.49,317.49,304,311.79,,,,363.4515550185975,232.41982928133376,,0,0,0,0,0,0,0.9942133851264988,
1744896600,313.33,320,306,312.2,,,,363.3554513018141,232.76594255000316,,0,0,0,0,0,0,0.9961720527945864,
1744911000,312.35,319.19,312.35,317.21,,,,363.33349978882603,232.96962815424894,,0,0,0,0,0,0,1.0124871399282882,
1745242200,325,330.84,309,314.91,,,,363.330157864106,233.4485945426976,,0,0,0,0,0,0,1.0060623174284025,
1745256600,314.87,319.41,312.22,317.815,,,,363.3141743124883,233.59757986768665,,0,0,0,0,0,0,1.0159559153813569,
1745328600,328.83,348.88,327.01,342,,,,364.3807099722768,234.01088550601574,,0,0,0,0,0,0,1.0932527476198912,
1745343000,342.14,348.6,340.3,343.02,,,,364.82179020181803,234.1087330296328,,0,0,0,0,0,0,1.0961758034408406,
1745415000,354.76,355.72,339.01,349.045,,,,365.7917494049542,234.22287558107746,,0,0,0,0,0,0,1.115001279319367,
1745429400,349.19,352.47,343.32,345.64,,,,366.0813745759343,234.26818151125852,,0,0,0,0,0,0,1.103404726349997,
1745501400,344.89,350.45,343.25,346.49,,,,366.59250099200733,234.36026998463026,,0,0,0,0,0,0,1.1051231185794341,
1745515800,346.46,351.03,343.5,350.12,,,,366.85155768687474,234.3978601461236,,0,0,0,0,0,0,1.1153984137585387,
1745587800,353.5,369.95,353.2,368.9,,,,368.51225453799145,234.14396713423704,,0,0,0,0,0,0,1.1733172840401702,
1745602200,368.91,373.2,363.8,368.73,,,,369.7110146654487,233.91189950778062,,0,0,0,0,0,0,1.1710358855078926,
1745847000,373.39,373.56,354.55,357.72,,,,370.64602041576904,233.83094246507835,,0,0,0,0,0,0,1.1347353136650873,
1745861400,357.6,370.87,357.53,369.24,,,,370.99684150322537,233.78296225107167,,0,0,0,0,0,0,1.1704497243883982,
1745933400,369.2,382.66,366.8,380.83,,,,372.5934551296858,233.37907173241283,,0,0,0,0,0,0,1.206172565291228,
1745947800,380.58,383.95,379.65,381.57,,,,373.46079588010423,233.1303358061825,,0,0,0,0,0,0,1.2082116559059388,
1746019800,373.56,383.9,362.45,380.7,,,,375.0366409793227,232.79020200803103,,0,0,0,0,0,0,1.2054344597551154,
1746034200,380.8,384,376.82,379.92,,,,375.7284908350485,232.6169278389662,,0,0,0,0,0,0,1.2020696281638286,
1746106200,392.29,403.88,385.88,393.08,,,,,,,0,0,0,0,0,0,1.2423993339329784,
1746120600,393.175,394.8,381.02,381.91,,,,,,,0,0,0,0,0,0,1.2060269923591465,
1746192600,393.875,397.72,387.5,396.4,,,,,,,0,0,0,0,0,0,1.2501373397194608,
1746207000,396.48,401.7,391.5,394.205,,,,,,,0,0,0,0,0,0,1.241624485342805,
1746451800,383.3,387.56,374.2,383.04,,,,,,,0,0,0,0,0,0,1.205109585725312,
1746466200,382.8,391.93,382.29,386.22,,,,,,,0,0,0,0,0,0,1.2134206155285918,
1746538200,378.43,387.8,377.77,382.71,,,,,,,0,0,0,0,0,0,1.2010714876863449,
1746552600,383.04,387.62,382.17,385.235,,,,,,,0,0,0,0,0,0,1.207969149070679,
1746624600,393.8,396.34,389.39,392.2,,,,,,,0,0,0,0,0,0,1.2285840049441656,
1746639000,392,394.15,388.25,392.46,,,,,,,0,0,0,0,0,0,1.2285418733378786,
1746711000,408.01,423.15,404.41,421.79,,,,,,,0,0,0,0,0,0,1.31872386604083,
1746725400,421.78,422.08,413.28,414.55,,,,,,,0,0,0,0,0,0,1.2946635006251153,
1746797400,420.1,430.17,406.22,410.84,,,,,,,0,0,0,0,0,0,1.2819444588436826,
1746811800,411.02,416.41,410.55,416.01,,,,,,,0,0,0,0,0,0,1.2975036031118812,
1747056600,420.54,422.04,401.41,410.44,,,,,,,0,0,0,0,0,0,1.279774791887382,
1747071000,410.38,411.74,400.85,404.93,,,,,,,0,0,0,0,0,0,1.2624025717840905,
1747143000,412.385,419.64,404.05,415.92,,,,,,,0,0,0,0,0,0,1.2959657017658213,
1747157400,415.85,422.55,414.67,421.69,,,,,,,0,0,0,0,0,0,1.312747946758572,
1747229400,420.22,425.97,410.44,413.44,,,,,,,0,0,0,0,0,0,1.2861282798722644,
1747243800,413.35,418.59,413.18,416.67,,,,,,,0,0,0,0,0,0,1.2952229318204447,
1747315800,411.21,415.36,394.56,406.61,,,,,,,0,0,0,0,0,0,1.2631029706329717,
1747330200,406.27,407.77,394.14,397.06,,,,,,,0,0,0,0,0,0,1.232881665552029,
1747402200,399.01,406.85,389.09,406,,,,,,,0,0,0,0,0,0,1.25932297732128,
1747416600,406.09,406.66,397.57,399.83,,,,,,,0,0,0,0,0,0,1.2382937728401242,
1747661400,392.81,414.59,392.555,411.02,,,,,,,0,0,0,0,0,0,1.2713367084328493,
1747675800,410.93,414.11,408.58,413.4,,,,,,,0,0,0,0,0,0,1.2767988627828284,
1747747800,413.395,415.66,407.76,415.28,,,,,,,0,0,0,0,0,0,1.2805807937351241,
1747762200,415.46,417.85,406.1,417.45,,,,,,,0,0,0,0,0,0,1.2851936204652954,
1747834200,415.8,423.34,398.8,399.43,,,,,,,0,0,0,0,0,0,1.2282954754558246,
1747848600,399.22,404.99,395.58,402.67,,,,,,,0,0,0,0,0,0,1.2367334536172816,
1747920600,413.2,426.32,403.91,405.8,,,,,,,0,0,0,0,0,0,1.2447314518459867,
1747935000,405.92,407,398.92,399.51,,,,,,,0,0,0,0,0,0,1.22418218482657,
1748007000,391.5,392.21,367.5,378.23,,,,,,,0,0,0,0,0,0,1.1579653653189614,
1748021400,378.27,382.12,368.82,369.23,,,,,,,0,0,0,0,0,0,1.129687010375415,
1748352600,380.88,381.36,364.2,371.95,,,,,,,1,0,0,0,0,0,1.1374526848507966,
1748367000,371.9,375.73,369.26,372.23,,,,,,,1,0,0,0,0,0,1.13776010599912,
1748439000,368.54,370.69,358.53,364.05,,,,,,,1,0,0,0,0,0,1.1124117913254639,
1748453400,364.01,366.93,363.12,364.23,,,,,,,1,0,0,0,0,0,1.1124773474888558,
1748525400,370.5,373.86,362.74,372.92,,,,,,,1,0,0,0,0,0,1.1382020328004043,
1748539800,372.95,373.6,364.71,370.64,,,,,,,1,0,0,0,0,0,1.1302612228435958,
1748611800,369.35,372.5,359.08,362.05,,,,,,,1,0,0,0,0,0,1.1032743120822621,
1748626200,362.16,369.9,361.73,369.04,,,,,,,1,0,0,0,0,0,1.123972996132789,
1748871000,367.885,378.4,367.2,373.47,,,,,,,1,0,0,0,0,0,1.1364436806358824,
1748885400,373.48,374.26,370.79,372.47,,,,,,,1,0,0,0,0,0,1.1325045318542124,
1748957400,379.4,390.88,371.44,390.46,,,,,,,1,0,0,0,0,0,1.1859064357164144,
1748971800,390.46,390.53,385.04,387.42,,,,,,,1,0,0,0,0,0,1.175198633679747,
1749043800,385.41,386.12,375.65,385.1,,,,,,,1,0,0,0,0,0,1.1666605262280934,
1749058200,385,385.75,377.91,378.21,,,,,,,1,0,0,0,0,0,1.1445906338407459,
1749130200,383.76,385.15,370.65,375.11,,,,,,,1,0,0,0,0,0,1.1341405525902075,
1749144600,375.06,376.29,364.39,368.9,,,,,,,1,0,0,0,0,0,1.1143046258369902,
1749216600,377.72,380.6,369.775,375.15,,,,,,,1,0,0,0,0,0,1.1320777308157424,
1749231000,375.27,376.82,371.95,374.49,,,,,,,1,0,0,0,0,0,1.1293360995729527,
1749475800,380.74,390.27,377.6,389.6,,,,,,,1,0,0,0,0,0,1.1737164711266193,
1749490200,389.54,394.79,388.71,392,,,,,,,1,0,0,0,0,0,1.179504078325593,
1749562200,393.435,394,383.59,389.83,,,,,,,1,0,0,0,0,0,1.1717038777817195,
1749576600,389.86,392.78,387.93,391.03,,,,,,,1,0,0,0,0,0,1.1738727459203522,
1749648600,391.48,392.77,386.8,388.73,,,,,,,1,0,0,0,0,0,1.1653888515543396,
1749663000,388.8,388.91,380.52,386.74,,,,,,,1,0,0,0,0,0,1.1580024999224872,
1749735000,378.4,390.93,374,390.22,,,,,,,1,0,0,0,0,0,1.166925724752496,
1749749400,390.3,391.22,379.15,379.77,,,,,,,1,0,0,0,0,0,1.1341658990996417,
1749821400,375.235,381.45,370.58,377.61,,,,,,,1,0,0,0,0,0,1.1260255005470008,
1749835800,377.74,383.55,374,383.15,,,,,,,1,0,0,0,0,0,1.1406255686850544,
1750080600,387.63,388.15,377.48,381.37,,,,,,,1,0,0,0,0,0,1.1331743195066064,
1750095000,381.38,383.1,378.14,382.15,,,,,,,1,0,0,0,0,0,1.1326075265604645,
1750167000,375.255,378.48,367.12,371.11,,,,,,,1,0,0,0,0,0,1.0973562802092494,
1750181400,371.04,376.63,367.5,375.2,,,,,,,1,0,0,0,0,0,1.1068426939122984,
1750253400,371.44,374.77,367.77,369.7,,,,,,,1,0,0,0,0,0,1.0884197784374796,
1750267800,369.69,372.15,367.43,369.09,,,,,,,1,0,0,0,0,0,1.0843071380504117,
1750426200,372.5,376.1,366.16,367.66,,,,,,,1,0,0,0,0,0,1.0774965462793833,
1750440600,367.57,371.45,365.11,369.92,,,,,,,1,0,0,0,0,0,1.0816399774570302,
1750685400,362.47,370.3,358.8,368.055,,,,,,,1,0,0,0,0,0,1.0739047206344876,
1750699800,368.27,370,365.96,367.23,,,,,,,0,0,0,0,0,0,1.0692532707467892,
1750771800,373.665,384.22,371,380.39,,,,,,,0,0,0,0,0,0,1.1048907345237302,
1750786200,380.51,383.25,375.7,377.13,,,,,,,0,0,0,0,0,0,1.0931003860202437,
1750858200,384.915,388.6,379.37,384.81,,,,,,,0,0,0,0,0,0,1.1130723256139008,
1750872600,384.71,389.49,382.73,388.52,,,,,,,0,0,0,0,0,0,1.121799645263736,
1750944600,386.19,392.68,384.39,386.22,,,,,,,0,0,0,0,0,0,1.1135481872831499,
1750959000,386.17,388.44,384.15,386.49,,,,,,,0,0,0,0,0,0,1.1125867775601832,
1751031000,385.225,397.98,383.4,394.18,,,,,,,0,0,0,0,0,0,1.1328302047016665,
1751045400,394.09,395.14,383.69,383.69,,,,,,,0,0,0,0,0,0,1.1009404522186315,
1751290200,389.6,405.18,384.33,402.41,,,,,,,0,0,0,0,0,0,1.1521858096360071,
1751304600,402.47,407.37,399.53,404.33,,,,,,,0,0,0,0,0,0,1.1542631393557923,
1751376600,395.7,397.81,376.81,380.3,,,,,,,0,0,0,0,0,0,1.0828443481858985,
1751391000,380.41,382.14,372.93,373.21,,,,,,,0,0,0,0,0,0,1.0600851860794016,
1751463000,382.98,398.025,379.9,396.74,,,,,,,0,0,0,0,0,0,1.1241134618887667,
1751477400,396.79,405.26,394.41,402.28,,,,,,,0,0,0,0,0,0,1.1369632301342465,
1751549400,400.61,414.66,400.28,403.92,,,,,,,0,0,0,0,0,0,1.1386633587600918,
1751895000,402.67,405.61,396.1,402.14,,,,,,,0,0,0,0,0,0,1.1307070190900697,
1751909400,402.11,403.2,395.33,395.75,,,,,,,0,0,0,0,0,0,1.1100795941976271,
1751981400,399.49,402.19,393.17,397.58,,,,,,,0,0,0,0,0,0,1.11304199250102,
1751995800,397.43,399.49,395.3,396.8,,,,,,,0,0,0,0,0,0,1.1088701771453644,
1752067800,401.71,406,396,401.97,,,,,,,0,0,0,0,0,0,1.1210881790592955,
1752082200,401.71,416.35,401.3,415.54,,,,,,,0,0,0,0,0,0,1.1564132045985993,
1752154200,412.5,419.5,411.26,419.47,,,,,,,0,0,0,0,0,0,1.1644590405629134,
1752168600,419.34,422.4,416.88,421.74,,,,,,,0,0,0,0,0,0,1.1678649679635145,
1752240600,430.74,438.85,423.41,431.76,,,,,,,0,0,0,0,0,0,1.192736942286922,
1752255000,431.77,435,425.92,434.58,,,,,,,0,0,0,0,0,0,1.1977446236105047,
1752499800,447.07,456.44,440.65,448.7,,,,,,,0,0,0,0,0,0,1.2333610158361294,
1752514200,448.82,451.98,445,451.24,,,,,,,0,0,0,0,0,0,1.2370688016073959,
1752586200,445.05,456.66,441.04,448.13,,,,,,,0,0,0,0,0,0,1.2252630490850323,
1752600600,448.15,451.3,441.25,441.91,,,,,,,0,0,0,0,0,0,1.2053202914263,
1752672600,448.48,455.04,445.6,453.5,,,,,,,0,0,0,0,0,0,1.2342205276460658,
1752687000,453.59,457.22,450.45,455.86,,,,,,,0,0,0,0,0,0,1.2380289740091763,
1752759000,451.57,456.03,446.6,450.53,,,,,,,0,0,0,0,0,0,1.2211588148321724,
1752773400,450.68,455.38,448.82,451.47,,,,,,,0,0,0,0,0,0,1.2213643397431042,
1752845400,451.88,454.34,426.41,428.54,,,,,,,0,0,0,0,0,0,1.1572686079541494,
1752859800,428.52,429.77,422.31,423.12,,,,,,,0,0,0,0,0,0,1.1407678626561666,
1753104600,430,437,425.55,431.2,,,,,,,0,0,0,0,0,0,1.1603196243422682,
1753119000,431.37,433.86,425.02,425.96,,,,,,,0,0,0,0,0,0,1.1442034492230453,
1753191000,428.845,433.9,413.6,422.46,,,,,,,0,0,0,0,0,0,1.1322531147581802,
1753205400,422.4,430.2,422.21,426.23,,,,,,,0,0,0,0,0,0,1.1396626293697996,
1753277400,422.83,423.97,406.1,409.82,,,,,,,0,0,0,0,0,0,1.0935132980041975,
1753291800,409.765,413.21,407.58,412.8,,,,,,,0,0,0,0,0,0,1.0991085546629746,
1753363800,414.39,415.4,406.15,413.63,,,,,,,0,0,0,0,0,0,1.0991856144478214,
1753378200,413.68,419.95,413.39,414.87,,,,,,,0,0,0,0,0,0,1.1004273888211515,
1753450200,405.7,408.02,402.22,406.23,,,,,,,0,0,0,0,0,0,1.0757226435869467,
1753464600,406.12,410.9,405.31,405.74,,,,,,,0,0,0,0,0,0,1.0727294963810343,
1753709400,416.7,417.06,404.57,406.21,,,,,,,0,0,0,0,0,0,1.0716986007206097,
1753723800,406.14,407.42,403.47,403.75,,,,,,,0,0,0,0,0,0,1.0630107504964186,
1753795800,405.93,407.09,390.49,395.75,,,,397.77666666666664,397.77666666666664,,0,1,0,0,0,0,1.0399145097158993,
1753810200,395.72,400.8,393.32,394.65,,,,398.70239671677956,395.833062766712,,0,0,0,0,0,0,1.0352437184645478,
1753882200,396.38,403.77,394.38,402.39,,,,401.10116517734645,395.22157426858024,,0,0,0,0,0,0,1.0531883286231203,
1753896600,402.49,404.36,392.58,395.07,,,,400.6848257530347,395.2905436344065,,0,0,0,0,0,0,1.0318168748034355,
1753968600,398.84,410.53,397.03,406.52,,,,406.2488810345131,393.418416685213,,0,0,0,0,0,0,1.0589764966093664,
1753983000,406.31,410.8,401.65,401.72,,,,407.49269570058027,393.7248531043716,,0,0,0,0,0,0,1.0436005665952655,
1754055000,390.39,392.58,373.59,374.72,,,,413.9117461145027,374.4383501159644,,0,0,0,0,0,0,0.9717579743486721,
1754069400,374.64,376.24,365.73,366.59,,,,415.6483317818217,362.20778582738404,,0,0,0,0,0,0,0.949551318371235,
1754314200,372.77,387.72,366.21,385.86,,,,413.27286217155455,362.1132159342821,,0,0,0,0,0,0,0.9975723825552806,
1754328600,385.67,390.01,384.18,389.19,,,,412.51988875020305,362.8779145945513,,0,0,0,0,0,0,1.0042281177613657,
1754400600,384.05,388.31,375.1,377.49,,,,411.343760096726,362.95477258088454,,0,0,0,0,0,0,0.9727308130466172,
1754415000,377.23,378.79,373.35,375.39,,,,410.7819336744803,362.56048184135756,,0,0,0,0,0,0,0.966103134385592,
1754487000,374.75,380.74,373.03,380.24,,,,409.759026280015,362.39907229105523,,0,0,0,0,0,0,0.9773824060984663,
1754501400,380.28,384.42,379.5,383.38,,,,409.2108570367302,362.67158323135493,,0,0,0,0,0,0,0.9842780106400063,
1754573400,387.93,406.25,387.14,400.51,,,,410.5041986018768,364.10444114315607,,0,0,0,0,0,0,1.0267371710262179,
1754587800,400.85,405,396.7,402.18,,,,411.65956528907265,364.7288678611405,,0,0,0,0,0,0,1.0294583807943563,
1754659800,397.61,409.65,389.05,393.75,,,,412.0639780967,366.14074313727895,,0,0,0,0,0,0,1.0066111208376192,
1754674200,393.69,395.73,391.12,395.3,,,,411.8919249120954,366.68650000237017,,0,0,0,0,0,0,1.0091836427969367,
1754919000,403.77,414.15,402.83,405.5,,,,413.76321020658656,366.80073107849773,,0,0,0,0,0,0,1.0336353944782055,
1754933400,405.3,406.62,398.94,400.25,,,,414.04174366592645,367.10211167519094,,0,0,0,0,0,0,1.018861553649011,
1755005400,400.61,401.6,390.12,394.2,,,,413.8324711728428,367.688806240115,,0,0,0,0,0,0,1.0021559120777577,
1755019800,394.225,395.68,391.3,394.56,,,,413.6787507146476,367.96588571224123,,0,0,0,0,0,0,1.001810101513114,
1755091800,397.5,399.48,383.5,388.64,,,,413.08076124629963,368.5353857611093,,0,0,0,0,0,0,0.9860255538528675,
1755106200,388.56,390.57,384.1,389.99,,,,412.75339209848556,368.7343884154521,,0,0,0,0,0,0,0.9886905296393144,
1755178200,380,380.98,365,371.49,,,,412.6519797969162,366.34226443905743,,0,0,0,0,0,0,0.9414442919995479,
1755192600,371.4,375.54,367.57,373.01,,,,412.5147943068769,365.22086239196307,,0,0,0,0,0,0,0.9448735061319529,
1755264600,372.02,372.6,360.01,365.11,,,,412.8672139556781,362.2985581648973,,0,0,0,0,0,0,0.9245806270370488,
1755279000,365.23,368.99,364.92,366.4,,,,412.8536687331064,361.0726788495761,,0,0,0,0,0,0,0.9276006182153015,
1755523800,359.71,367.55,358.01,366.89,,,,412.9373542326842,359.68670747962796,,0,0,0,0,0,0,0.9288716269306693,
1755538200,367.04,367.52,362.05,363.53,,,,412.94193926517,359.19974675882196,,0,0,0,0,0,0,0.9204431451409699,
1755610200,363.34,364.85,336.14,339.76,,,,415.7454938941397,351.6635966431803,,0,0,0,0,0,0,0.8605109310205458,
1755624600,339.68,342.21,333.41,336.81,,,,417.70076407834495,346.7508313444438,,0,0,0,0,0,0,0.8534917302255587,
1755696600,339.39,342.94,325.57,339.07,,,,419.82960847108546,340.32223811500734,,0,0,0,0,0,0,0.8598056793700608,
1755711000,339.12,345.5,337.81,344.37,,,,420.02461338193604,338.8800212499992,,0,0,0,0,0,0,0.8737770626717347,
1755783000,340.05,343.33,334.89,335.51,,,,420.48024080894044,336.55702985980685,,0,0,0,0,0,0,0.8519266171522885,
1755797400,335.46,339.69,335.24,337.4,,,,420.7123118481835,335.1825456504056,,0,0,0,0,0,0,0.8573228795143897,
1755869400,335.67,359.54,332.62,356.94,,,,419.91104324354774,332.8614735575924,,0,0,0,0,0,0,0.907511070223737,
1755883800,356.85,359.35,354.55,358.1,,,,419.27081450567044,332.5090955367962,,0,0,0,0,0,0,0.9108160669427781,
1756128600,344.91,351.51,339.2,346.31,,,,418.9511726945318,331.09483861852243,,0,0,0,0,0,0,0.881553166542167,
1756143000,346.32,347.49,342.75,343.19,,,,418.78344996279145,330.3102761704405,,0,0,0,0,0,0,0.8743435575360006,
1756215000,341.62,347.82,340.68,345.63,,,,418.49523249055324,329.2437445321036,,0,0,0,0,0,0,0.8811017223313289,
1756229400,345.69,351.94,345.06,351.5,,,,418.18270001047506,328.81233994223044,,0,0,0,0,0,0,0.8965778725584884,
1756301400,348.68,351.77,343.16,347.23,,,,417.8441154475522,328.1956249691442,,0,0,0,0,0,0,0.8862037265882112,
1756315800,347.29,349.61,341.84,342.17,,,,417.6440204334566,327.6460807963946,,0,0,0,0,0,0,0.8739092375218587,
1756387800,346.26,348.24,338,339.75,,,,417.4118316053323,326.7174768422318,,0,0,0,0,0,0,0.868479088596865,
1756402200,339.82,339.84,336.65,338.84,,,,417.32947266356973,326.0206406405023,,0,0,0,0,0,0,0.8669195282371304,
1756474200,334.73,339.6,332.64,338.06,,,,417.19585268659176,324.54489299921835,,0,0,0,0,0,0,0.8661209535887682,
1756488600,338.11,338.66,333.97,334.49,,,,417.12285739802627,323.72375341584217,,0,0,0,0,0,0,0.8581100590189159,
1756819800,334.7,348.57,331.6,340.76,,,,416.72800356829873,322.60028944484895,,0,0,0,0,0,0,0.8752104540471761,
1756834200,340.75,344.26,339.35,341.72,,,,416.54524370335787,322.2380026110053,,0,0,0,0,0,0,0.878757887159216,
1756906200,342.39,344.49,333.54,335.73,,,,416.31235575011823,321.40889769158224,,0,0,0,0,0,0,0.8644256195028264,
1756920600,335.56,336.41,327.62,330.39,,,,416.27369073668973,320.51201393372963,,0,0,0,0,0,0,0.8517310020624483,
1756992600,329.9,332.5,317.71,327.17,,,,416.43979530169406,318.2589030157675,,0,0,0,0,0,0,0.8446767997978561,
1757007000,327.26,327.64,323.79,327.5,,,,416.46256232831695,317.3333080795287,,0,0,0,0,0,0,0.8468574020592003,
1757079000,335.39,335.78,320,333.45,,,,416.23909335917233,315.48706482784155,,0,0,0,0,0,0,0.8633952151620184,
1757093400,333.28,337.15,330.79,335.91,,,,415.9516689257243,314.7933391929817,,0,0,0,0,0,0,0.8709398257369282,
1757338200,328.11,333.03,321.725,328.86,,,,415.7954372083632,313.5505686593483,,0,0,0,0,0,0,0.8537711353089396,
1757352600,328.92,331.05,327.15,330.08,,,,415.6884364062976,313.06174474270637,,0,0,0,0,0,0,0.8579008991523263,
1757424600,330.44,331.96,324.46,326.24,,,,415.55452975718123,312.2475161579567,,0,0,0,0,0,0,0.8490560256050658,
1757439000,326.27,328.69,325.21,328.51,,,,415.4702983265175,311.7884913401728,,0,0,0,0,0,0,0.8559888692473622,
1757511000,332.8,340,326.22,326.45,,,,415.1213486654416,310.87803500050643,,0,0,0,0,0,0,0.8518322269420209,
1757525400,326.54,327.42,321.96,326.5,,,,415.01674412189266,310.1832739412989,,0,0,0,0,0,0,0.8532108893025995,
1757597400,326.87,329.75,322.77,325.05,,,,414.810082581753,309.16440322533595,,0,0,0,0,0,0,0.8507158717643685,
1757611800,325.22,327.38,323.84,326,,,,414.7122021515404,308.72936423545025,,0,0,0,0,0,0,0.8545216974186529,
1757683800,329.07,336.12,327.7,332.78,,,,414.1347357702604,307.88184520533736,,0,0,0,0,0,0,0.8732779493800521,
1757698200,332.63,334.26,328.86,331.55,,,,413.7879208112446,307.3717622360741,,0,0,0,0,0,0,0.8710990686031677,
1757943000,329.52,331.34,320.46,324.26,,,,413.5186182290675,306.4573752997475,,0,0,0,0,0,0,0.8531248140802438,
1757957400,324.21,328.13,323.2,327.81,,,,413.3632753200125,306.04966600342794,,0,0,0,0,0,0,0.8635157661299679,
1758029400,329.12,332.58,324.9,331.91,,,,413.080590330292,305.6216450571627,,0,0,0,0,0,0,0.8750047729264815,
1758043800,331.95,335.38,330.8,335.04,,,,412.82630510470284,305.41535529124593,,0,0,0,0,0,0,0.8837702233497658,
1758115800,335.42,340.11,330.86,331.15,,,,412.39818256598187,305.09928538000975,,0,0,0,0,0,0,0.8741160938297614,
1758130200,331.16,336.5,323.205,329.63,,,,412.0534585246923,304.6432060735768,,0,0,0,0,0,0,0.8707355407922024,
1758202200,335.86,356.68,334.665,354.56,,,,410.8292639185494,305.15477454804454,,0,0,0,0,0,0,0.936740989585735,
1758216600,354.4,358.3,346.06,349.15,,,,410.20086746531274,305.51210099089576,,0,0,0,0,0,0,0.9226850354896567,
1758288600,347.49,352.91,337.08,340.24,,,,409.34321438132986,305.61740912004655,,0,0,0,0,0,0,0.8996401845264423,
1758303000,340.19,345.87,338.53,344.89,,,,408.91443790695007,305.6664657698593,,0,0,0,0,0,0,0.9123361676400933,
1758547800,337.03,341.62,328.96,336.05,,,,408.55861361633947,305.49704567221136,,0,0,0,0,0,0,0.8893463773021628,
1758562200,336.22,337.91,334.46,335.73,,,,408.3929768578794,305.428921323136,,0,0,0,0,0,0,0.8890051151216284,
1758634200,337.49,339,333.8,334.71,,,,408.12677140555337,305.317631816458,,0,0,0,0,0,0,0.8868914476172554,
1758648600,334.7,334.89,327.79,327.89,,,,407.92814170246953,305.0957113048309,,0,0,0,0,0,0,0.8694829126671195,
1758720600,330.93,337,328.2,329.92,,,,407.644549682277,304.85497349511604,,0,0,1,0,0,0,0.8757730271340545,
1758735000,330.01,330.24,323.17,323.3,,,,407.52655551402626,304.6104569073902,,0,0,0,0,0,0,0.8591436612020128,
1758807000,316.65,317,297.19,298.64,,,,408.07271469940497,301.60070542410926,,0,0,0,0,0,0,0.7947898384989702,
1758821400,298.66,303.5,292.34,300.83,,,,408.72003795132343,298.6241854025702,,0,0,0,0,0,0,0.8016833602904234,
1758893400,301.2,306.84,297.69,306.59,,,,408.8805501827588,297.06466023450406,,0,0,0,0,0,0,0.8179968622033209,
1758907800,306.58,310,305.43,309.18,,,,408.85673250487343,296.04695003919846,,0,0,0,0,0,0,0.8257559616636017,
1759152600,313.81,326.25,311,323.53,,,,408.4934568375458,295.4440808321389,,0,0,0,0,0,0,0.8648511004799381,
1759167000,323.63,327.99,323.15,326.4,,,,408.2027804201334,295.23639971717273,,0,0,0,0,0,0,0.8732473497455578,
1759239000,320.68,324.36,316.18,317.41,,,,408.0506740695386,294.9727565236662,,0,0,0,0,0,0,0.8502550451465041,
1759253400,317.14,322.77,316.73,322.23,,,,407.9249699721122,294.7937135375662,,0,0,0,0,0,0,0.8642085535029324,
1759325400,331.78,343.7,331.17,337.14,,,,407.3242953595664,294.9203793000751,,0,0,0,0,0,0,0.9050217069118778,
1759339800,337,339.64,333,338.44,,,,407.075177127401,294.9700051411258,,0,0,0,0,0,0,0.9093396599843977,
1759411800,348.69,353.2,341.25,347.11,,,,406.42690852920504,295.4603294362259,,0,0,0,0,0,0,0.9333080528665912,
1759426200,347.18,353.23,346.26,352.45,,,,405.9987423611111,295.87945957546833,,0,0,0,0,0,0,0.9482302614935265,
1759498200,351.18,358.54,344.88,352.36,,,,405.4644323000342,296.4533744227323,,0,0,0,0,0,0,0.9486115068546452,
1759512600,352.21,353.03,344.44,351.87,,,,405.24070278978803,296.6585522653134,,0,0,0,0,0,0,0.9477516164518253,
1759757400,363.13,365.16,355.23,359.58,,,,405.08034316822346,297.0098731973382,,0,0,0,0,0,0,0.9688218203366386,
1759771800,359.62,360,354.71,359.695,,,,404.979834976006,297.1890767199098,,0,0,0,0,0,0,0.9695269530970139,
1759843800,358.83,359.45,329.44,333.85,,,,404.39504066552,297.41807311840705,,0,0,0,0,0,0,0.9006082054302347,
1759858200,333.9,336.42,328.22,328.24,,,,404.0330066476187,297.32874303883995,,0,0,0,0,0,0,0.8863060101578911,
1759930200,335.68,336.35,322.33,329.7,,,,403.5004465612248,297.13960735902145,,0,0,0,0,0,0,0.8908909414974034,
1759944600,329.71,331.57,327.01,330.62,,,,403.29214811802944,297.0743500845027,,0,0,0,0,0,0,0.8940717398442298,
1760016600,327.29,328.95,318.86,319.43,,,,402.95896513653213,296.6864016087018,,0,0,0,0,0,0,0.8645696966458578,
1760031000,319.7,322.9,318.22,320.47,,,,402.80284188052747,296.4578630962527,,0,0,0,0,0,0,0.8681215971612117,
1760103000,323.175,323.32,303.46,310.87,,,,402.6441231943668,295.68742055421865,,0,0,0,0,0,0,0.8429527808518883,
1760117400,311,312.38,304.65,304.67,,,,402.61978726916243,295.12377374579887,,0,0,0,0,0,0,0.827085018704224,
1760362200,306.5,313.8,300.67,308.71,,,,402.56071123893565,294.34269532436684,,0,0,0,0,0,0,0.838924330068779,
1760376600,308.59,315.95,308.3,315.37,,,,402.4874502891589,294.10488330285716,,0,0,0,0,0,0,0.857802924514603,
1760448600,301.055,312.69,297.31,312.4,,,,402.42943774848686,293.4859648863643,,0,0,0,0,0,0,0.8507395831530655,
1760463000,312.51,312.55,300.38,300.65,,,,402.42036187641554,293.06479931493743,,0,0,0,0,0,0,0.8198431573798203,
1760535000,303.59,308.88,294.67,296.33,,,,402.48420470890585,292.1804600102661,,0,0,0,0,0,0,0.809322748791575,
1760549400,296.38,300.35,295.64,296.64,,,,402.53952828357075,291.664296952897,,0,0,0,0,0,0,0.8114831630639198,
1760621400,300.015,301.51,285.53,292.91,,,,402.77355723282983,290.2396771381806,,0,0,0,0,0,0,0.8026011808748102,
1760635800,292.79,293.49,282.17,283.83,,,,403.0347772399188,289.1621032211604,,0,0,0,0,0,0,0.7791351148881007,
1760707800,279.02,290.16,278.97,287.36,,,,403.44810216694464,287.41595733620727,,0,0,0,0,0,0,0.7903203641086378,
1760722200,287.49,292.8,286.89,289.73,,,,,,,0,0,0,1,0,0,0.7981692360889381,
1760967000,297.48,306.16,294.4,300.63,,,,,,,0,0,0,0,0,0,0.8296982497024469,
1760981400,300.68,300.68,296.4,296.51,,,,,,,0,0,0,0,0,0,0.8199016507997733,
1761053400,293.675,305.95,291.62,302,,,,,,,0,0,0,0,0,0,0.8362505782607546,
1761067800,302.08,303.16,299.96,301.92,,,,,,,0,0,0,0,0,0,0.8370951630143092,
1761139800,293.76,297.96,283.22,283.71,,,,,,,0,0,0,0,0,0,0.7882002214486111,
1761154200,283.63,284.4,276.68,280.805,,,,,,,0,0,0,0,0,0,0.7818318581288932,
1761226200,285.5,288.22,278.71,285.66,,,,,,,0,0,0,0,0,0,0.7970425541911283,
1761240600,285.86,289,283.09,284.905,,,,,,,0,0,0,0,0,0,0.796617122236763,
1761312600,290.55,292.14,286.09,288.24,,,,,,,0,0,0,0,0,0,0.8075081273249737,
1761327000,288.13,290.33,287.6,289.06,,,,,,,0,0,0,0,0,0,0.8113968585837508,
1761571800,299.51,299.835,293.02,296.89,,,,,,,0,0,0,0,0,0,0.8348864176415988,
1761586200,296.71,299.2,294.86,295.665,,,,,,,0,0,0,0,0,0,0.8330482466624415,
1761658200,294.89,297.25,289.51,290.36,,,,,,,0,0,0,0,0,0,0.8199670124234505,
1761672600,290.25,291.27,284.24,284.49,,,,,,,0,0,0,0,0,0,0.8053709110202582,
1761744600,284.375,286.42,278.32,280.9,,,,,,,0,0,0,0,0,0,0.7972586731258671,
1761759000,280.78,282.76,274.02,275.335,,,,,,,0,0,0,0,0,0,0.7837087206823755,
1761831000,269.985,271.34,262.15,264.62,,,,,,,0,0,0,0,0,0,0.7555679387309143,
1761845400,264.54,264.94,254.05,254.34,,,,,,,0,0,0,0,0,0,0.7288249667018025,
1761917400,269.98,276.29,263.01,269.84,,,,,,,0,0,0,0,0,0,0.7758429356383629,
1761931800,269.93,271.56,265.5,269.57,,,,,,,0,0,0,0,0,0,0.7776423599088087,
1762180200,264.19,270.3,259.83,264.39,,,,,,,0,0,0,0,0,0,0.7652275672724841,
1762194600,264.5,269.72,263.98,264.7,,,,,,,0,0,0,0,0,0,0.7688353031046775,
1762266600,255.07,258.21,248.54,250.17,,,,,,,0,0,0,0,0,0,0.7294437355098063,
1762281000,250.13,253.38,245.87,246.84,,,,,,,0,0,0,0,0,0,0.722502580251706,
1762353000,250.2,253.2,247.05,249.54,,,,,,,0,0,0,0,0,0,0.7332013665528191,
1762367400,249.52,255.36,248.72,255.01,,,,,,,0,0,0,0,0,0,0.7517462318355328,
1762439400,252.1,252.37,236.87,239.91,,,,,,,0,0,0,0,0,0,0.7097057271167401,
1762453800,239.92,243.43,235.05,237.04,,,,,,,0,0,0,0,0,0,0.7038237318201174,
1762525800,222.58,235.86,219.75,235.81,,,,,,,0,0,0,0,0,0,0.7027313342802282,
1762540200,235.75,243.73,235.16,241.97,,,,,,,0,0,0,0,0,0,0.7235995931828123,
1762785000,249.675,249.84,234.6,241.93,,,,,,,0,0,0,0,0,0,0.7260616641691195,
1762799400,241.98,242.16,238.11,238.8,,,,,,,0,0,0,0,0,0,0.7190491393954679,
1762871400,236.455,239.21,233.28,236.86,,,,,,,0,0,0,0,0,0,0.7156536380094691,
1762885800,236.95,237.33,230.5,231.27,,,,,,,0,0,0,0,0,0,0.7012566900338368,
1762957800,233.86,234.77,222.35,222.56,,,,,,,0,0,0,0,0,0,0.677394647752054,
1762972200,222.54,225.13,219.81,224.6,,,,,,,0,0,0,0,0,0,0.6860505389052814,
1763044200,224.1,226,211.68,212.14,,,,,,,0,0,0,0,0,0,0.6504726216717057,
1763058600,212.17,213.32,207.06,208.47,,,,,,,0,0,0,0,0,0,0.64172978885854,
1763130600,200.58,208.78,194.56,202.72,,,,,,,0,0,0,0,0,0,0.6265310421649677,
1763145000,202.62,202.77,197.08,199.6,,,,,,,0,0,0,0,0,0,0.6193105051079908,
1763389800,196.795,204.1,191.41,191.45,,,,,,,0,0,0,0,0,0,0.5964491530099433,
1763404200,191.44,195.89,189.59,195.5,,,,,,,0,0,0,0,0,0,0.6116099626878063,
1763476200,196.5,213.83,196,210,,,,,,,0,0,0,0,0,0,0.6594355656999912,
1763490600,210,212.92,206.625,206.68,,,,,,,0,0,0,0,0,0,0.6516484608442686,
1763562600,202.09,203.54,182.51,182.9,,,,,,,0,0,0,0,0,0,0.5792500000255408,
1763577000,182.83,188.11,181.7,186.485,,,,,,,0,0,0,0,0,0,0.5928841006286731,
1763649000,192.44,193.49,173,175.74,,,,,,,0,0,0,0,0,0,0.5609187307529554,
1763663400,175.59,180.255,171.47,177.14,,,,,,,0,0,0,0,0,0,0.5678276822587122,
1763735400,172.74,181.19,166.31,170.97,,,,,,,0,0,0,0,0,0,0.5505341045140918,
1763749800,170.92,174.49,169.57,170.49,,,,,,,0,0,0,0,0,0,0.5513595087370391,
1763994600,171.62,177.02,166.01,175.3,,,,,,,0,0,0,0,0,0,0.5692915487604715,
1764009000,175.17,179.79,175,179.1,,,,,,,0,0,0,0,0,0,0.584093665391054,
1764081000,173.995,176.56,170.4,173.53,,,,,,,0,0,0,0,0,0,0.5684382332758426,
1764095400,173.54,174.04,167.01,172.185,,,,,,,0,0,0,0,0,0,0.5667672309030684,
1764167400,173.5,180.39,169.69,179.99,,,,,,,0,0,0,0,0,0,0.5952670651905928,
1764181800,180.05,180.61,175.5,175.57,,,,,,,0,0,0,0,0,0,0.5833648721026538,
1764340200,182.94,187.28,175.08,177.09,,,,,,,0,0,0,0,0,0,0.5911807321552702,
1764599400,168.24,168.28,155.61,162.35,,,,,,,0,0,0,0,0,0,0.5448272614442304,
1764613800,162.355,172.17,160.83,171.5,,,,,,,0,0,0,0,0,0,0.5783981640087623,
1764685800,178.06,184.99,176.9,184.05,,,,,,,0,0,0,0,0,0,0.6235754368842379,
1764700200,184.02,188.37,181.26,181.32,,,,,,,0,0,0,0,0,0,0.6172028443343082,
1764772200,183.255,190.38,179.03,185.97,,,,,,,0,0,0,0,0,0,0.6358612804667882,
1764786600,186,189.47,183.85,188.37,,,,,,,0,0,0,0,0,0,0.6469445878228883,
1764858600,186.34,190.99,183.74,187.42,,,,,,,0,0,0,0,0,0,0.6463179194641698,
1764873000,187.35,187.73,182.38,186.01,,,,,,,0,0,0,0,0,0,0.644135426493365,
1764945000,183.56,185.38,176.35,180.03,,,,,,,0,0,0,0,0,0,0.6260157740903842,
1764959400,180.02,181.09,177.62,179.06,,,,,,,0,0,0,0,0,0,0.6252706974495499,
1765204200,181.96,185.55,178.01,182.76,,,,,,,0,0,0,0,0,0,0.6408493440285588,
1765218600,182.71,184.01,180.9,183.7,,,,,,,0,0,0,0,0,0,0.6467766960497068,
1765290600,181.49,198.38,179.93,193.35,,,,,,,0,0,0,0,1,0,0.6830242573121833,
1765305000,193.4,194.72,188.27,188.94,,,,,,,0,0,0,0,1,0,0.669702533180469,
1765377000,189.33,189.33,184.26,186.7,,,,,,,0,0,0,0,1,0,0.6640766945073948,
1765391400,186.55,191.07,182.2,184.54,,,,,,,0,0,0,0,1,0,0.6588101056228503,
1765463400,179.9,180.85,171.42,177.185,,,,,,,0,0,0,0,1,0,0.6348677693764218,
1765477800,177.16,183.51,176.28,183.34,,,,,,,0,0,0,0,1,0,0.6592695064567011,
1765549800,183.09,185.23,177.13,182,,,,,,,0,0,0,0,1,0,0.6571179194728893,
1765564200,181.89,182.64,176.22,176.46,,,,,,,0,0,0,0,1,0,0.6398226827998806,
1765809000,176.02,176.45,161.61,161.9,,,,,,,0,0,0,0,0,0,0.5895732151986288,
1765823400,161.86,165.43,160.55,162.1,,,,,,,0,0,0,0,0,0,0.5928237313529678,
1765895400,165,171.45,161.99,164,,,,,,,0,0,0,0,1,0,0.6023536816084503,
1765909800,164,168.6,163.24,167.47,,,,,,,0,0,0,0,1,0,0.6177926648418536,
1765981800,167.745,171.1,163.55,164.12,,,,,,,0,0,0,0,1,0,0.608084624030513,
1765996200,164.1,164.37,160.31,160.41,,,,,,,0,0,0,0,0,0,0.5969321683214004,
1766068200,167.62,169.51,159.79,161.57,,,,,,,0,0,0,0,0,0,0.6038319392082373,
1766082600,161.64,162.83,157.44,158.29,,,,,,,0,0,0,0,0,0,0.5941602417233321,
1766154600,163.39,167.74,161.64,164.6,,,,,,,0,0,0,0,1,0,0.6204518819660394,
1766169000,164.5,166.11,162.8,164.43,,,,,,,0,0,0,0,1,0,0.6223850713443746,
1766413800,168.93,170.63,164.92,166.23,,,,,,,0,0,0,0,1,0,0.63189140325647,
1766428200,166.27,166.46,163.69,164.24,,,,,,,0,0,0,0,0,0,0.6270561377960864,
1766500200,162.25,162.73,156.72,158.36,,,,,,,0,0,0,0,0,0,0.6072598148616832,
1766514600,158.39,159.19,156.51,157.88,,,,,,,0,0,0,0,0,0,0.608014096573054,
1766586600,157.2,159.28,155.09,158.69,,,,,,,0,0,0,0,0,0,0.6137024820606992,
1766759400,159.89,159.89,154.13,157.23,,,,,,,0,0,0,0,0,0,0.6106504418891523,
1766773800,157.32,159.26,156.87,158.82,,,,,,,0,0,0,0,0,0,0.6195365763425923,
1767018600,157.9,162.92,155.86,156.7,,,,,,,0,0,0,0,0,0,0.6140361300036987,
1767033000,156.72,157.27,155.33,155.33,,,,,,,0,0,0,0,0,0,0.6113497144377783,
1767105000,155.89,159.38,154.16,157.24,,,,,,,0,0,0,0,0,0,0.621595179896922,
1767119400,157.27,157.65,155.5,155.5,,,,,,,0,0,0,0,0,0,0.6174052304424518,
1767191400,156.17,156.74,152.53,154.215,,,,,,,0,0,0,0,0,0,0.6150492157476498,
1767205800,154.18,154.68,151.43,151.86,,,,,,,0,0,0,0,0,0,0.608389951846102,
1767364200,154.6,160.76,149.79,157.67,,,,,,,0,0,0,0,0,0,0.6344347897420773,
1767378600,157.63,158.44,155.9,157.27,,,,,,,0,0,0,0,0,0,0.6355936456931468,
1767623400,163.16,167.68,160.98,161.52,,,,,,,0,0,0,0,1,0,0.6555811901544462,
1767637800,161.5,166.17,161.14,164.67,,,,,,,0,0,0,0,1,0,0.6713217243580041,
1767709800,166.805,167.1,154.95,155.46,,,,,,,0,0,0,0,0,0,0.6367236410435893,
1767724200,155.45,159.65,154.06,158.03,,,,,,,0,0,0,0,1,0,0.6501052670691565,
1767796200,163.51,170.12,158.47,161.34,,,,,,,0,0,0,0,1,0,0.6666674664213019,
1767810600,161.37,162.65,159.84,161.5,,,,,,,0,0,0,0,1,0,0.6703740209011012,
1767882600,158.635,170.6,156.2,169.4,,,,,,,0,0,0,0,0,0,0.7062993580038228,
1767897000,169.39,170.4,165.18,166.86,,,,,,,0,0,0,0,0,0,0.6987972413189373,
1767969000,166.72,167.2,155.47,158.77,,,,,,,0,0,0,0,0,0,0.6680007128062595,
1767983400,158.78,159.87,156.81,157.31,,,,,,,0,0,0,0,0,0,0.6654207734589817,
1768228200,156.15,161.98,154.69,160.83,,,,,,,0,0,0,0,0,0,0.6838247486917682,
1768242600,160.82,163.82,159.93,162.24,,,,,,,0,0,0,0,0,0,0.6932046117160215,
1768314600,164.445,169.9,160.73,169.86,,,,,,,0,0,0,0,0,0,0.7292813455763378,
1768329000,169.88,173.76,168.95,173.22,,,,,,,0,0,0,0,0,0,0.7470768074960612,
1768401000,178.43,190.2,176.8,179.17,,,,,,,0,0,0,0,0,0,0.7761194321831888,
1768415400,179.18,180.54,176.12,179.22,,,,,,,0,0,0,0,0,0,0.7797242667568611,
1768487400,179.125,179.22,170.1,175.32,,,,,,,0,0,0,0,0,0,0.7660372289707003,
1768501800,175.325,175.75,170.79,170.9,,,,,,,0,0,0,0,0,0,0.7500870375066173,
1768573800,171.96,173.88,167.62,171.82,,,,,,,0,0,0,0,0,0,0.757373608137129,
1768588200,171.89,173.86,170.7,173.72,,,,,,,0,0,0,0,0,0,0.7684787465108359,
1768919400,165.17,165.72,158.85,160.97,,,,,,,0,0,0,0,0,0,0.7149307393698527,
1768933800,160.99,163.03,159.45,160.27,,,,,,,0,0,0,0,0,0,0.7148187670841266,
1769005800,161.27,164.16,156.02,158.97,,,,,,,0,0,0,0,0,0,0.7120985236736885,
1769020200,158.98,165.73,158.245,163.91,,,,,,,0,0,0,0,0,0,0.7376296804922361,
1769092200,163.725,164.64,159.47,162.62,,,,,,,0,0,0,0,0,0,0.7353209519110001,
1769106600,162.54,163.67,160.67,160.82,,,,,,,0,0,0,0,0,0,0.7305189500579605,
1769178600,160.94,168.95,158.72,167.47,,,,,,,0,0,0,0,0,0,0.7641922715097391,
1769193000,167.46,167.82,162.51,163.16,,,,,,,0,0,0,0,0,0,0.7483580896625306,
1769437800,159.41,163.12,158.62,161.62,,,,,,,0,0,0,0,0,0,0.7451937485600622,
1769452200,161.6,163.9,160.29,160.52,,,,,,,0,0,0,0,0,0,0.7442528568016359,
1769524200,160.32,160.99,156.98,158.45,,,,,,,0,0,0,0,0,0,0.7389434535517715,
1769538600,158.5,161.64,157.72,161.62,,,,,,,0,0,0,0,0,0,0.7580775211439117,
1769610600,164.46,165.68,159.04,159.63,,,,,,,0,0,0,0,0,0,0.7531246837268377,
1769625000,159.6,160.44,156.99,158.37,,,,,,,0,0,0,0,0,0,0.7517843790517096,
1769697000,155.95,156.005,141.64,142.11,,,,,,,0,0,0,0,0,0,0.6791234526906976,
1769711400,142.05,143.24,139.365,143.24,,,,,,,0,0,0,0,0,0,0.6885701242280718,
1769783400,139.995,145.95,139.89,143.64,,,,,,,0,0,0,0,0,0,0.6944688783168204,
1769797800,143.62,151.13,142.8,149.73,,,,,,,0,0,0,0,0,0,0.727999473013095,
1770042600,139.64,147.89,138,142.79,,,,,,,0,0,0,0,0,0,0.6983713624338627,
1770057000,142.7,144.66,139.39,139.7,,,,,,,0,0,0,0,0,0,0.6871555059233388,
1770129000,140.135,140.23,128.62,128.87,,,,,,,0,0,0,0,0,0,0.6377627338786902,
1770143400,128.8,133.46,126.75,133.27,,,,,,,0,0,0,0,0,0,0.6632990383908344,
1770215400,130.01,130.77,121.2,123.94,,,,,,,0,0,0,0,0,0,0.620463370094691,
1770229800,124.03,129.505,123.11,128.77,,,,,,,0,0,0,0,0,0,0.6484114701097272,
1770301800,120.31,122,109.84,110.31,,,,,,,0,0,0,0,0,0,0.5591826629680096,
1770316200,110.33,111.46,104.17,106.96,,,,,,,0,0,0,0,0,0,0.5458684513269386,
1770388200,114.95,133.82,114.68,131.1,,,,,,,0,0,0,0,0,0,0.672822576880173,
1770402600,131.17,135.6,131.1,134.9,,,,,,,0,0,0,0,0,0,0.6960450645862709,
1770647400,127.4,139.56,125.11,137.69,,,,,,,0,0,0,0,0,0,0.7142197393771192,
1770661800,137.73,138.84,135.56,138.43,,,,,,,0,0,0,0,0,0,0.7217897124534219,
1770733800,133.64,139.16,133.5,134.2,,,,,,,0,0,0,0,0,0,0.7032739208138108,
1770748200,134.17,135.8,132.67,132.92,,,,,,,0,0,0,0,0,0,0.7002223435183565,
1770820200,133.685,133.8,124.3,125.25,,,,,,,0,0,0,0,0,0,0.6635260365719862,
1770834600,125.25,127.37,123.92,126.16,,,,,,,0,0,0,0,0,0,0.6723561657117882,
1770906600,127.57,128.49,120.64,121.89,,,,,,,0,0,0,0,0,0,0.65352340780861,
1770921000,121.71,124.63,120.9,122.86,,,,,,,0,0,0,0,0,0,0.6628314496612102,
1770993000,127.1,134.39,125.77,132.26,,,,,,,0,0,0,0,0,0,0.7177832935407097,
1771007400,132.3,135.25,132.13,133.89,,,,,,,0,0,0,0,0,0,0.7304611810670253,
1771338600,129.01,131.88,125.93,130.61,,,,,,,0,0,0,0,0,0,0.7163535889511013,
1771353000,130.65,132.12,128.37,128.68,,,,,,,0,0,0,0,0,0,0.7097104194039368,
1771425000,127.68,132.24,126.02,127,,,,,,,0,0,0,0,0,0,0.7044025067210766,
1771439400,126.99,127.33,123.62,125.21,,,,,,,0,0,0,0,0,0,0.6985495258909877,
1771511400,123.45,127.15,121.89,126.77,,,,,,,0,0,0,0,0,0,0.7114084361711562,
1771525800,126.76,130.04,125.93,129.47,,,,,,,0,0,0,0,0,0,0.7309911911041915,
1771597800,130.51,136.15,129.45,131.81,,,,,,,0,0,0,0,0,0,0.7486714005513193,
1771612200,131.75,133.95,130.34,130.945,,,,,,,0,0,0,0,0,0,0.7481286164293984,
1771857000,127.97,130.31,122.84,124.31,,,,,,,0,0,0,0,0,0,0.71443906222886,
1771871400,124.34,125.88,123.35,123.685,,,,,,,0,0,0,0,0,0,0.715015124608085,
1771943400,121.68,124.82,118.4,124.2,,,,,,,0,0,0,0,0,0,0.7220624182095806,
1771957800,124.22,126.67,123.78,124.6,,,,,,,0,0,0,0,0,0,0.7282123561193325,
1772029800,130.045,136.81,129,136.69,,,,,,,0,0,0,0,0,0,0.8024308177791848,
1772044200,136.69,137.86,135.17,135.68,,,,,,,0,0,0,0,0,0,0.8005694860540631,
1772116200,133.7,135.73,128.63,129.72,,,,,,,0,0,0,0,0,0,0.7694995493590565,
1772130600,129.66,134.31,129.55,133.46,,,,,,,0,0,0,0,0,0,0.7956722151876336,
1772202600,128.88,131.12,127.99,128.64,,,,,,,0,0,0,0,0,0,0.7709707429223668,
1772217000,128.57,130.1,127.87,129.63,,,,,,,0,0,0,0,0,0,0.7805420108523371,
1772461800,129.32,140.14,128.94,136.75,,,,,,,0,0,0,0,0,0,0.826950319192972,
1772476200,136.8,138.61,136.09,137.67,,,,,,,0,0,0,0,0,0,0.836163144456339,
1772548200,133.47,136.02,127.82,135.22,,,,,,,0,0,0,0,0,0,0.8251558946259019,
1772562600,135.16,136.44,132.5,132.715,,,,,,,0,0,0,0,0,0,0.8133019148597583,
1772634600,144.03,149.55,142.2,147.33,,,,,,,0,0,0,0,0,0,0.9060790338077229,
1772649000,147.32,148.59,146.13,146.25,,,,,,,0,0,0,0,0,0,0.9026445918672692,
1772721000,144.71,146.4,137.28,139.17,,,,,,,0,0,0,0,0,0,0.8624777871892279,
1772735400,138.92,141.75,138.79,139.75,,,,,,,0,0,0,0,0,0,0.8696250008782063,
1772807400,134.875,136.3,132.6,134.32,,,,,,,0,0,0,0,0,0,0.8393563279188702,
1772821800,134.33,135.01,131.78,133.52,,,,,,,0,0,0,0,0,0,0.8378478440364836,
1773063000,136.2,139.66,135.35,136.93,,,,,,,0,0,0,0,0,0,0.8625401391864326,
1773077400,136.85,140.17,135.48,138.95,,,,,,,0,0,0,0,0,0,0.8782485634378074,
1773149400,141.8,142.46,136.08,140.65,,,,,,,0,0,0,0,0,0,0.8920473644487571,
1773163800,140.61,141,138.22,138.44,,,,,,,0,0,0,0,0,0,0.8806866977450107,
1773235800,139.95,142.67,135.14,139.53,,,,,,,0,0,0,0,0,0,0.8901393274261395,
1773250200,139.53,139.69,136.93,138.32,,,,,,,0,0,0,0,0,0,0.8847652264271592,
1773322200,137.15,138.78,133.4,135.97,,,,,,,0,0,0,0,0,0,0.8720232486019412,
1773336600,135.95,137.6,134.59,137.39,,,,,,,0,0,0,0,0,0,0.8831055464035303,
1773408600,143.85,147.26,139.5,140.51,,,,,,,0,0,0,0,0,0,0.9052243239979905,
1773423000,140.52,140.71,138.44,139.73,234.95961290322583,117.47980645161292,,,,,0,0,0,0,0,1,0.9028361522972075,
1773667800,145.35,148.24,143.32,145.66,234.95961290322583,117.47980645161292,,,,,0,0,0,0,0,0,0.9435516849614853,
1773682200,145.69,148.22,145.39,147.62,233.54600000000002,116.77300000000001,,,,,0,0,0,0,0,0,0.957660106856839,
1773754200,146.01,151.67,145.27,150.5,233.54600000000002,116.77300000000001,,,,,0,0,0,0,0,0,0.9778163226896559,
1773768600,150.51,152.27,149.63,150.35,232.00432258064515,116.00216129032258,,,,,0,0,0,0,0,0,0.977882485835878,
1773840600,144.99,146.75,140.36,141.81,232.00432258064515,116.00216129032258,,,,,0,0,0,0,0,0,0.9237073778335104,
1773855000,141.88,143.45,140.4,140.58,230.48883870967745,115.24441935483873,,,,,0,0,0,0,0,0,0.9168664650869616,
1773927000,135.03,138.53,133.04,135.83,230.48883870967745,115.24441935483873,,,,,0,0,0,0,0,0,0.8871807124532676,
1773941400,135.88,139.78,135.41,138.17,228.90709677419355,114.45354838709677,,,,,0,0,0,0,0,0,0.9038787735034813,
1774013400,139.5,139.53,134.58,135.96,228.90709677419355,114.45354838709677,,,,,0,0,0,0,0,0,0.8910437708159886,
1774027800,135.945,136.79,134.15,135.68,227.18870967741935,113.59435483870968,,,,,0,0,0,0,0,0,0.8906340787469864,
1774272600,138.625,139.93,133.97,134.71,227.18870967741935,113.59435483870968,,,,,0,0,0,0,0,0,0.8856723957402141,
1774287000,134.7,138.72,134.68,138.22,225.53109677419354,112.76554838709677,,,,,0,0,0,0,0,0,0.9103623989449972,
1774359000,138.72,140.05,134.32,134.56,225.53109677419354,112.76554838709677,,,,,0,0,0,0,0,0,0.8878035346046421,
1774373400,134.54,138.18,134.28,136.29,223.82787096774194,111.91393548387097,,,,,0,0,0,0,0,0,0.9007821792669509,
1774445400,140.54,143.85,138.33,139.66,223.82787096774194,111.91393548387097,,,,,0,0,0,0,0,0,0.923949473934012,
1774459800,139.6,140.3,136.8,139.14,222.1810322580645,111.09051612903225,,,,,0,0,0,0,0,0,0.921782462382037,
1774531800,136.49,139.04,133.621,134.19,222.1810322580645,111.09051612903225,,,,,0,0,0,0,0,0,0.890887966804979,
1774546200,134.22,135.61,132.7,132.89,220.52316129032255,110.26158064516127,,,,,0,0,0,0,0,0,0.8840911914936807,
1774618200,129.88,130.59,123.98,125.67,220.52316129032255,110.26158064516127,,,,,0,0,0,0,0,0,0.8382274058450014,
1774632600,125.72,127.35,125.05,126.07,218.93019354838705,109.46509677419353,,,,,0,0,0,0,0,0,0.8431558806162186,
1774877400,129.64,130.3,123.53,123.88,218.93019354838705,109.46509677419353,,,,,0,0,0,0,0,0,0.8307868903599183,
1774891800,123.9,124.82,120.8,121.435,217.3503225806451,108.67516129032255,,,,,0,0,0,0,0,0,0.816671533378775,
1774963800,123.01,124.2,117.75,122.18,217.3503225806451,108.67516129032255,,,,,0,0,0,0,0,0,0.8237494062604933,
1774978200,122.13,125.28,121.4,124.9,215.80967741935478,107.90483870967739,,,,,0,0,0,0,0,0,0.8440764013512542,
1775050200,126.155,126.28,122.1,124.54,215.80967741935478,107.90483870967739,,,,,0,0,0,0,0,0,0.843785378647142,
1775064600,124.53,124.72,121.47,122.78,214.43038709677415,107.21519354838708,,,,,0,0,0,0,0,0,0.8340820578719502,
1775136600,119.61,122.62,116.42,120.45,214.43038709677415,107.21519354838708,,,,,0,0,0,0,0,0,0.8208763929144266,
1775151000,120.34,120.47,118.61,119.86,212.98174193548383,106.49087096774191,,,,,0,0,0,0,0,0,0.8193441119137708,
1775482200,124.57,128.44,123.2,125.27,212.98174193548383,106.49087096774191,,,,,0,0,0,0,0,0,0.8586522809495521,
1775496600,125.23,127.91,124.42,127.76,211.62761290322575,105.81380645161288,,,,,0,0,0,0,0,0,0.8779241713767133,
1775568600,125.24,126.74,121.13,122.89,211.62761290322575,105.81380645161288,,,,,0,0,0,0,0,0,0.8464967373037924,
1775583000,122.93,124.4,121.5,123.77,210.1152903225806,105.0576451612903,,,,,0,0,0,0,0,0,0.8548213714811492,
1775655000,133.665,134.48,126.63,128.42,210.1152903225806,105.0576451612903,,,,,0,0,0,0,0,0,0.8890593102980056,
1775669400,128.46,129.59,126.18,128.28,208.72883870967738,104.36441935483869,,,,,0,0,0,0,0,0,0.8900053332999107,
1775741400,127.86,132.22,125.82,130.83,208.72883870967738,104.36441935483869,,,,,0,0,0,0,0,0,0.908961328247651,
1775755800,130.8,131.72,127.7,128.92,207.29335483870963,103.64667741935482,,,,,0,0,0,0,0,0,0.8970254099440589,
1775827800,130.06,132.25,127.41,128.88,207.29335483870963,103.64667741935482,,,,,0,0,0,0,0,0,0.8981630873423173,
1775842200,128.87,129.11,127.7,128.63,205.91645161290316,102.95822580645158,,,,,0,0,0,0,0,0,0.8979889927082706,
1776087000,126.57,131.61,125.03,131.01,205.91645161290316,102.95822580645158,,,,,0,0,0,0,0,0,0.9159701562217717,
1776101400,131.03,132.48,129.62,132.41,204.58432258064508,102.29216129032254,,,,,0,0,0,0,0,0,0.926929114156731,
1776173400,137.97,143.7,137.3,138.685,204.58432258064508,102.29216129032254,,,,,0,0,0,0,0,0,0.9718614141246075,
1776187800,138.67,138.98,136.32,137.405,203.3133548387096,101.6566774193548,,,,,0,0,0,0,0,0,0.9638016216638164,
1776259800,139.75,140.2,137.04,138.22,203.3133548387096,101.6566774193548,,,,,0,0,0,0,0,0,0.9706770717350286,
1776274200,138.26,143.6,137.88,143.53,202.03541935483864,101.01770967741932,,,,,0,0,0,0,0,0,1.008922969407123,
1776346200,143.18,145.9,139.33,143.85,202.03541935483864,101.01770967741932,,,,,0,0,0,0,0,0,1.012199692073933,
1776360600,143.84,149.14,143.65,149.06,200.86561290322572,100.43280645161286,,,,,0,0,0,0,0,0,1.0495831182126234,
1776432600,154.57,173.15,153.74,163.9,200.86561290322572,100.43280645161286,,,,,0,0,0,0,0,0,1.1537863261934622,
1776447000,163.82,167.25,163.06,166.54,199.82645161290316,99.91322580645158,,,,,0,0,0,0,0,0,1.1719098825602254,
1776691800,162.295,167.27,160.68,166.92,199.82645161290316,99.91322580645158,,,,,0,0,0,0,0,0,1.174145171387772,
1776706200,166.92,171.05,166.61,170.89,198.7615483870967,99.38077419354835,,,,,0,0,0,0,0,0,1.2013261417506735,
1776778200,170.5,172.9,163.91,164.95,198.7615483870967,99.38077419354835,,,,,0,0,0,0,0,0,1.1592467123750076,
1776792600,164.88,169.5,163.75,164,197.69103225806444,98.84551612903222,,,,,0,0,0,0,0,0,1.1521888755756118,
1776864600,174.97,183.25,174.2,177.16,197.69103225806444,98.84551612903222,,,,,0,0,0,0,0,0,1.2434146879316565,
1776879000,177.1,179.96,176.68,179.185,196.72864516129027,98.36432258064514,,,,,0,0,0,0,0,0,1.2563788867612729,
1776951000,175.88,180.92,173.78,175.65,196.72864516129027,98.36432258064514,,,,,0,0,0,0,0,0,1.2304711862997295,
1776965400,175.61,176.68,171.25,172.52,195.73522580645152,97.86761290322576,,,,,0,0,0,0,0,0,1.2075457724766565,
1777037400,176.88,177.26,169.03,171.36,195.73522580645152,97.86761290322576,,,,,0,0,0,0,0,0,1.1983711486397919,
1777051800,171.36,172.66,170.02,171.005,194.73522580645155,97.36761290322578,,,,,0,0,0,0,0,0,1.1951694561405242,
1777296600,170.76,175.76,167.63,171.135,194.73522580645155,97.36761290322578,,,,,0,0,0,0,0,0,1.1953307345653927,
1777311000,171.13,171.76,168.75,169.23,193.68851612903222,96.84425806451611,,,,,0,0,0,0,0,0,1.1816143028096533,
1777383000,163.96,166.49,159.7,165.56,193.68851612903222,96.84425806451611,,,,,0,0,0,0,0,0,1.1559429249295652,
1777397400,165.56,166.84,164.98,165.78,192.64283870967736,96.32141935483868,,,,,0,0,0,0,0,0,1.1569411448476041,
1777469400,165.82,165.82,158.2,159.73,192.64283870967736,96.32141935483868,,,,,0,0,0,0,0,0,1.114634246814939,
1777483800,159.79,160.08,156.4,158.19,191.5015483870967,95.75077419354835,,,,,0,0,0,0,0,0,1.1040443284641568,
1777555800,161.725,166.64,159.03,163.84,191.5015483870967,95.75077419354835,,,,,0,0,0,0,0,0,1.1433565071870608,
1777570200,163.87,166.82,163.87,165.38,190.44180645161285,95.22090322580642,,,,,0,0,0,0,0,0,1.1543123081270263,
1777642200,170.875,178.15,169.43,177.61,190.44180645161285,95.22090322580642,,,,,0,0,0,0,0,0,1.2390749319521595,
1777656600,177.62,180.375,176.41,177.18,189.33245161290318,94.66622580645159,,,,,0,0,0,0,0,0,1.2350517072696874,
1777901400,180.9,186.01,178.5,185.28,189.33245161290318,94.66622580645159,,,,,0,0,0,0,0,0,1.2898911054762556,
1777915800,185.28,185.7,182.13,183.97,188.29406451612894,94.14703225806447,,,,,0,0,0,0,0,0,1.2794413152396564,
1777987800,189.55,190.41,183.75,184.81,188.29406451612894,94.14703225806447,,,,,0,0,0,0,0,0,1.2839829286664686,
1778002200,184.79,187.85,184.12,186.74,187.33258064516122,93.66629032258061,,,,,0,0,0,0,0,0,1.2964108820813727,
1778074200,184.77,188.24,181.85,184.87,187.33258064516122,93.66629032258061,,,,,0,0,0,0,0,0,1.2827593863404538,
1778088600,184.86,187.5,182.85,186.81,186.4231612903225,93.21158064516125,,,,,0,0,0,0,0,0,1.295777314012722,
1778160600,184.75,184.75,175.83,176.41,186.4231612903225,93.21158064516125,,,,,0,0,0,0,0,0,1.2237932890321574,
1778175000,176.43,180.22,175.72,179.83,185.4975483870967,92.74877419354836,,,,,0,0,0,0,0,0,1.2472667872901042,
1778247000,178.68,185.3,177.63,183.23,185.4975483870967,92.74877419354836,,,,,0,0,0,0,0,0,1.2701477608679552,
1778261400,183.26,187.78,183.15,187.55,184.76780645161284,92.38390322580642,,,,,0,0,0,0,0,0,1.2991799862753781,
1778506200,189.15,193.97,182.31,193.79,184.76780645161284,92.38390322580642,,,,,0,0,0,0,0,0,1.3412021790580997,
1778520600,193.7,197.01,193.06,195.94,184.03799999999995,92.01899999999998,,,,,0,0,0,0,0,0,1.3539679776344082,
1778592600,191.325,192.22,179.86,183.71,184.03799999999995,92.01899999999998,,,,,0,0,0,0,0,0,1.268132085912179,
1778607000,183.65,185.36,182.2,184.42,183.12187096774187,91.56093548387094,,,,,0,0,0,0,0,0,1.271591908726844,
1778679000,182.31,182.47,175.57,179.8,183.12187096774187,91.56093548387094,,,,,0,0,0,0,0,0,1.238860909424104,
1778693400,179.88,181.63,177.96,178,182.19167741935476,91.09583870967738,,,,,0,0,0,0,0,0,1.2256205786981451,
1778765400,177.85,193,174.71,189.68,182.19167741935476,91.09583870967738,,,,,0,0,0,0,0,0,1.30437106988694,
1778779800,189.46,192.39,186.34,186.93,181.21464516129024,90.60732258064512,,,,,0,0,0,0,0,0,1.284351310420306,
1778851800,182.2,182.22,173.6,175.5,181.21464516129024,90.60732258064512,,,,,0,0,0,0,0,0,1.2051592912453881,
1778866200,175.67,180.48,175.67,177.36,180.08619354838703,90.04309677419351,,,,,0,0,0,0,0,0,1.217083207064809,
1779111000,168.22,169.05,162.01,165.205,180.08619354838703,90.04309677419351,,,,,0,0,0,0,0,0,1.1334378387518125,
1779125400,165.16,166.79,162.5,166.66,178.8926451612903,89.44632258064514,,,,,0,0,0,0,0,0,1.1430049282444419,
1779197400,163.93,168.49,163.5,167,178.8926451612903,89.44632258064514,,,,,0,0,0,0,0,0,1.1450641695995523,
1779211800,166.91,167.27,164.46,164.66,177.63419354838706,88.81709677419353,,,,,0,0,0,0,0,0,1.1287683955640564,
1779283800,165.86,168.75,163.3,168.3,177.63419354838706,88.81709677419353,,,,,0,0,0,0,0,0,1.1532146690550413,
1779298200,168.42,169.22,165.5,165.89,176.58522580645155,88.29261290322577,,,,,0,0,0,0,0,0,1.1355073161382514,
1779370200,164.36,168.7,162,168.06,176.58522580645155,88.29261290322577,,,,,0,0,0,0,0,0,1.1491013389044553,
1779384600,168.03,168.22,164.04,164.83,175.51458064516123,87.75729032258062,,,,,0,0,0,0,0,0,1.125963895855837,
1779456600,164.32,165.66,159.4,163.69,175.51458064516123,87.75729032258062,,,,,0,0,0,0,0,0,1.1174889658097555,
1779471000,163.9,164.1,159.26,159.87,174.47974193548384,87.23987096774192,,,,,0,0,0,0,0,0,1.0905899299826458,
1779802200,161,166.98,160.78,161.39,174.47974193548384,87.23987096774192,,,,,0,0,0,0,0,0,1.0999089837841634,
1779816600,161.4,161.63,159.28,159.96,173.54516129032257,86.77258064516128,,,,,0,0,0,0,0,0,1.0886749927220558,
1779888600,156.52,157.5,154.33,154.71,173.54516129032257,86.77258064516128,,,,,0,0,0,0,0,0,1.0519535895538326,
1779903000,154.74,155.6,153.84,154.15,172.50470967741933,86.25235483870966,,,,,0,0,0,0,0,0,1.0467586438937448,
1779975000,148.98,152.33,144.3,152.3,172.50470967741933,86.25235483870966,,,,,0,0,0,0,0,0,1.033131184224404,
1779989400,152.32,153.64,150.69,151.61,171.5432258064516,85.7716129032258,,,,,0,0,0,0,0,0,1.0265949987702463,
1780061400,149.96,162.07,148.2,161.24,171.5432258064516,85.7716129032258,,,,,0,0,0,0,0,0,1.0892196791900643,
1780075800,161.26,161.855,157.79,159.21,170.6550322580645,85.32751612903225,,,,,0,0,0,0,0,0,1.0741904901197739,
1780320600,148.46,153.36,144.3,153.08,170.6550322580645,85.32751612903225,,,,,0,0,0,0,0,0,1.0320146629122091,
1780335000,153.16,153.87,149.43,149.76,169.79012903225805,84.89506451612903,,,,,0,0,0,0,0,0,1.0091025634894994,
1780407000,142.685,142.85,134.13,137.66,169.79012903225805,84.89506451612903,,,,,0,0,0,0,0,0,0.9276022230491799,
1780421400,137.61,138,134.13,136.1,168.79793548387096,84.39896774193548,,,,,0,0,0,0,0,0,0.9170146414577293,
1780493400,134.46,138.18,129.85,130.95,168.79793548387096,84.39896774193548,,,,,0,0,0,0,0,0,0.8823905328839338,
1780507800,130.91,132.06,126.36,126.53,167.70074193548385,83.85037096774192,,,,,0,0,0,0,0,0,0.8525594628725187,
1780579800,126.9,131.47,125.65,127.22,167.70074193548385,83.85037096774192,,,,,0,0,0,0,0,0,0.8571691869257471,
1780594200,127.26,131.34,126.275,129.33,166.5875806451613,83.29379032258065,,,,,0,0,0,0,0,0,0.8711039941596573,
1780666200,124.19,125.3,115.8,117.17,166.5875806451613,83.29379032258065,,,,,0,0,0,0,0,0,0.7893953316126716,
1780680600,117.18,121.13,114.31,120.57,165.55293548387098,82.77646774193549,,,,,0,0,0,0,0,0,0.8127146936917068,
1780925400,125.73,128.99,123.16,127.11,165.55293548387098,82.77646774193549,,,,,0,0,0,0,0,0,0.857050946594751,
1780939800,127.12,128.75,126.35,127.195,164.53538709677423,82.26769354838711,,,,,0,0,0,0,0,0,0.8577514898449076,
1781011800,122.98,125.55,114.21,117.28,164.53538709677423,82.26769354838711,,,,,0,0,0,0,0,0,0.7912812114023292,
1781026200,117.24,118.5,115.64,117.02,163.4253225806452,81.7126612903226,,,,,0,0,0,0,0,0,0.7898701389755299,
1781098200,116.32,120.79,115.45,117.5,163.4253225806452,81.7126612903226,,,,,0,0,0,0,0,0,0.7933764555490278,
1781112600,117.51,117.69,115.245,115.35,162.26222580645165,81.13111290322583,,,,,0,0,0,0,0,0,0.7792470144500155,
1781184600,116.28,118.8,113.28,115.1,162.26222580645165,81.13111290322583,,,,,0,0,0,0,0,0,0.7780454293401686,
1781199000,116.03,121.1,114.74,120.2,161.20100000000005,80.60050000000003,,,,,0,0,0,0,0,0,0.8129316831516837,
1781271000,119.43,128.6,117.28,123.401,161.20100000000005,80.60050000000003,,,,,0,0,0,0,0,0,0.8348553632551643,
1781285400,123.46,124.24,122.52,123.97,160.22429032258069,80.11214516129034,,,,,0,0,0,0,0,0,0.8387173144634172,
1781530200,133.22,136.25,130.62,133.54,160.22429032258069,80.11214516129034,,,,,0,0,0,0,0,0,0.9030745555372501,
1781544600,133.59,134.86,130.88,131.16,159.42796774193553,79.71398387096777,,,,,0,0,0,0,0,0,0.8867103620430841,
1781616600,129.28,131.69,124.15,124.275,159.42796774193553,79.71398387096777,,,,,0,0,0,0,0,0,0.8401760622493469,
1781631000,124.2,126.05,122.52,122.86,158.4815161290323,79.24075806451614,,,,,0,0,0,0,0,0,0.8311111291503125,
1781703000,123.01,125.31,120.61,124.27,158.4815161290323,79.24075806451614,,,,,0,0,0,0,0,0,0.8410681832501942,
1781717400,124.3,124.32,116.41,116.44,157.52596774193555,78.76298387096777,,,,,0,0,0,0,0,0,0.7885314337136528,
1781789400,117.68,117.86,107.85,109.02,157.52596774193555,78.76298387096777,,,,,0,0,0,0,0,0,0.7390723843594521,
1781803800,108.99,113.81,108.3,112.41,156.6584838709678,78.3292419354839,,,,,0,0,0,0,0,0,0.7625953263306445,
1782135000,116.15,120,109.44,109.72,156.6584838709678,78.3292419354839,,,,,0,0,0,0,0,0,0.7449954312267881,
1782149400,109.71,110.64,107.33,109.45,155.71951612903231,77.85975806451616,,,,,0,0,0,0,0,0,0.7440519592319302,
1782221400,106.65,107.75,104.82,105.75,155.71951612903231,77.85975806451616,,,,,0,0,0,0,0,0,0.7199068400032658,
1782235800,105.77,106.2,103.52,103.88,154.85912903225815,77.42956451612908,,,,,0,0,0,0,0,0,0.7081513135878329,
1782307800,102.55,102.95,92.81,93.45,154.85912903225815,77.42956451612908,,,,,0,0,0,0,0,0,0.6381518943151115,
1782322200,93.41,96.4,92.28,94.16,153.90558064516136,76.95279032258068,,,,,0,0,0,0,0,0,0.6445101117272152,
1782394200,94.62,94.76,85,86.31,153.90558064516136,76.95279032258068,,,,,0,0,0,0,0,0,0.5923460393105892,
1782408600,86.35,87.9,85.32,85.34,152.91493548387106,76.45746774193553,,,,,0,0,0,0,0,0,0.5870882222584979,
1782480600,83.23,87.67,82.33,85.02,152.91493548387106,76.45746774193553,,,,,0,0,0,0,0,0,0.586311018505896,
1782495000,85.05,85.17,81.81,82.16,151.95338709677426,75.97669354838713,,,,,0,0,0,0,0,0,0.5679059384941295,
1782739800,85.55,93.4,82.74,92.65,151.95338709677426,75.97669354838713,,,,,0,0,0,0,0,0,0.6415842084886092,
1782754200,92.62,94.37,91.47,92.57,151.10222580645168,75.55111290322584,,,,,0,0,0,0,0,0,0.6423031638165269,
1782826200,86.2,88.25,83.42,85.24,151.10222580645168,75.55111290322584,,,,,0,0,0,0,0,0,0.5928689162078716,
1782840600,85.25,87.83,84.55,86.925,150.31764516129041,75.15882258064521,,,,,0,0,0,0,0,0,0.6060496401700094,
1782912600,87.695,98.46,86.23,98.3,150.31764516129041,75.15882258064521,,,,,0,0,0,0,0,0,0.686596941841839,
1782927000,98.29,98.51,93.37,93.39,149.6314516129033,74.81572580645165,,,,,0,0,0,0,0,0,0.6536611041196257,
1782999000,99.84,104.1,97.6,100.75,149.6314516129033,74.81572580645165,,,,,0,0,0,0,0,0,0.7063740598773608,
1783013400,100.71,101.5,99.09,100.77,149.020806451613,74.5104032258065,,,,,0,0,0,0,0,0,0.7076409968802243,
1783344600,95.135,104.74,94.62,103.36,149.020806451613,74.5104032258065,,,,,0,0,0,0,0,0,0.7269496216851764,
1783359000,103.39,103.54,100.01,100.75,148.33674193548393,74.16837096774196,,,,,0,0,0,0,0,0,0.709873718960057,
1783431000,101.1,103.56,96.96,101.57,148.33674193548393,74.16837096774196,,,,,0,0,0,0,0,0,0.7168949154141547,
1783445400,101.69,102.09,97.23,97.32,147.76164516129037,73.88082258064519,,,,,0,0,0,0,0,0,0.6884131899357482,
1783517400,93.755,94.91,91.85,94.86,147.76164516129037,73.88082258064519,,,,,0,0,0,0,0,0,0.6726314311605762,
1783531800,94.9,95.03,93.64,93.83,147.2244838709678,73.6122419354839,,,,,0,0,0,0,0,0,0.6670572604742869,
1783603800,93.73,96.79,92.86,95.01,147.2244838709678,73.6122419354839,,,,,0,0,0,0,0,0,0.677164921297807,
1783618200,95.05,96.18,93.84,93.85,146.73022580645164,73.36511290322582,,,,,0,0,0,0,0,0,0.6703756476964502,
1783690200,98.6,100.12,93.59,94.12,146.73022580645164,73.36511290322582,,,,,0,0,0,0,0,0,0.6737468134236362,
1783704600,94.11,94.95,93.36,94.62,146.18570967741937,73.09285483870968,,,,,0,0,0,0,0,0,0.6786175526615615,
1783949400,91.49,93.66,90.02,91.52,146.18570967741937,73.09285483870968,,,,,0,0,0,0,0,0,0.6578041603460706,
1783963800,91.55,92.75,91.13,92.12,145.66900000000004,72.83450000000002,,,,,0,0,0,0,0,0,0.6634654572196836,
1784035800,94.91,98.04,93.6,95.7,145.66900000000004,72.83450000000002,,,,,0,0,0,0,0,0,0.6905320874784773,
1784050200,95.74,97.98,95.625,97.6,145.16538709677423,72.58269354838711,,,,,0,0,0,0,0,0,0.7054604306787431,
1784122200,100.09,101.94,96.8,98.69,145.16538709677423,72.58269354838711,,,,,0,0,0,0,0,0,0.714656428628192,
1784136600,98.73,98.97,96.37,97.4,144.6511290322581,72.32556451612905,,,,,0,0,0,0,0,0,0.7065415961213174,
1784208600,95.99,96.6,93.45,94.24,144.6511290322581,72.32556451612905,,,,,0,0,0,0,0,0,0.6849668688683188,
1784223000,94.26,95.56,93.6,94.03,144.15183870967746,72.07591935483873,,,,,0,0,0,0,0,0,0.684906014775246,
1784295000,91.19,95.88,90.06,95.22,144.15183870967746,72.07591935483873,,,,,0,0,0,0,0,0,0.6950083163569399,
1784309400,95.21,95.47,93.69,94.83,143.5939032258065,71.79695161290326,,,,,0,0,0,0,0,0,0.6934469986343501,
1784554200,95.42,100.01,94.87,99.74,143.5939032258065,71.79695161290326,,,,,0,0,0,0,0,0,0.7304939562737489,
1784568600,99.77,100.7,96.96,97.79,143.00958064516132,71.50479032258066,,,,,0,0,0,0,0,0,0.7171569538242135,
1784640600,101.3,104.6,100.32,101.44,143.00958064516132,71.50479032258066,,,,,0,0,0,0,0,0,0.7447926873211731,
1784655000,101.45,102.08,99.95,101.93,142.46725806451616,71.23362903225808,,,,,0,0,0,0,0,0,0.7491693138344736,
1784727000,100.06,101.95,98.12,99.95,142.46725806451616,71.23362903225808,,,,,0,0,0,0,0,0,0.7353658063076206,
1784741400,99.96,100.42,99.3,99.98,141.95770967741936,70.97885483870968,,,,,0,0,0,0,0,0,0.7363624760907547,
1784813400,97.12,97.51,92.33,94.07,141.95770967741936,70.97885483870968,,,,,0,0,0,0,0,0,0.6938511997691486,
1784827800,94.01,95.16,93.33,93.64,141.37667741935485,70.68833870967742,,,,,0,0,0,0,0,0,0.6916966474000782,
1784899800,93.25,93.67,89.76,93.23,141.37667741935485,70.68833870967742,,,,,0,0,0,0,0,0,0.6896392590104596,
1784914200,93.22,93.44,91.62,91.7,140.74880645161295,70.37440322580647,,,,,0,0,0,0,0,0,0.6792535460633644,
1785159000,94.59,98.74,94.07,98.2,140.74880645161295,70.37440322580647,,,,,0,0,0,0,0,0,0.7281550146874816,
1785173400,98.15,99.14,97.55,98.66,140.1940322580645,70.09701612903226,,,,,0,0,0,0,0,0,0.7324983884106201,
1785245400,95.46,98.365,93.14,97.5,140.1940322580645,70.09701612903226,,,,,0,0,0,0,0,0,0.7249367596111147,
1785259800,97.45,97.45,95.45,96.17,139.63183870967742,69.81591935483871,,,,,0,0,0,0,0,0,0.7159655610687573,
1785331800,96.43,98.15,94.66,96.09,139.63183870967742,69.81591935483871,,,,,0,0,0,0,0,0,0.7163223251591004,
1785346200,96.04,100.05,93.28,93.39,139.0955806451613,69.54779032258065,,,,,0,0,0,0,0,0,0.6973695316366127,
1785418200,95.07,97.39,94.35,97.03,139.0955806451613,69.54779032258065,,,,,0,0,0,0,0,0,0.7256428964517266,
1785432600,97.01,97.455,96.4,96.4,138.67183870967744,69.33591935483872,,,,,0,0,0,0,0,0,0.7221310201427291,