time,open,high,low,close,S1 fair (MVRV 1.0x),S1 deep (MVRV 0.5x),S1 LOI floor,S3 VWAP upper,S3 VWAP lower,S3 LOI ceiling,S3 Early,S3 Watch,S3 Terminal-probable,S3 Terminal-confirmed,S1 Early,S1 Confirmed,MA
1619789400,70.045,70.475,69.975,70.025,,,,,,,0,0,0,0,0,0,66.53666249999995
1619803800,70.03,70.055,69.685,69.86,,,,,,,0,0,0,0,0,0,66.57143749999994
1620048600,70.2275,70.365,69.5,69.5,,,,,,,0,0,0,0,0,0,66.60378749999995
1620063000,69.48,69.805,69.48,69.655,,,,,,,0,0,0,0,0,0,66.63641249999996
1620135000,69.115,69.15,67.645,68.015,,,,,,,0,0,0,0,0,0,66.66051249999995
1620149400,68.02,68.415,67.875,68.415,,,,,,,0,0,0,0,0,0,66.68511249999995
1620221400,68.92,69.065,68.41,68.7075,,,,,,,0,0,0,0,0,0,66.71162499999996
1620235800,68.725,68.815,68.115,68.25,,,,,,,0,0,0,0,0,0,66.74009999999994
1620307800,68.235,68.76,67.725,68.465,,,,,,,0,0,0,0,0,0,66.77157499999994
1620322200,68.48,68.96,68.17,68.89,,,,,,,0,0,0,0,0,0,66.80389999999994
1620394200,69.615,69.92,69.245,69.37,,,,,,,0,0,0,0,0,0,66.83934999999994
1620408600,69.37,69.64,69.215,69.495,,,,,,,0,0,0,0,0,0,66.87827499999995
1620653400,69.21,69.215,68.42,68.54,,,,,,,0,0,0,0,0,0,66.91034999999994
1620667800,68.515,68.545,67.735,67.735,,,,,,,0,0,0,0,0,0,66.93624999999994
1620739800,66.495,67.62,66.305,67.58,,,,,,,0,0,0,0,0,0,66.96237499999995
1620754200,67.595,67.695,67.26,67.59,,,,,,,0,0,0,0,0,0,66.98467499999995
1620826200,66.525,66.925,65.63,65.84,,,,,,,0,0,0,0,0,0,66.99694999999996
1620840600,65.835,65.99,65.48,65.68,,,,,,,0,0,0,0,0,0,67.00667499999994
1620912600,66.28,67.12,66.235,66.32,,,,,,,0,0,0,0,0,0,67.01907499999994
1620927000,66.31,66.955,66.085,66.535,,,,,,,0,0,0,0,0,0,67.03039999999996
1620999000,67.255,67.96,67.14,67.96,,,,,,,0,0,0,0,0,0,67.04859999999996
1621013400,67.965,68.22,67.875,67.955,,,,,,,0,0,0,0,0,0,67.06787499999994
1621258200,67.595,67.6075,66.96,67.015,,,,,,,0,0,0,0,0,0,67.08242499999996
1621272600,67.03,67.505,66.89,67.495,,,,,,,0,0,0,0,0,0,67.10052499999996
1621344600,67.73,67.825,67.485,67.74,,,,,,,0,0,0,0,0,0,67.11917499999996
1621359000,67.745,67.75,66.905,66.95,,,,,,,0,0,0,0,0,0,67.13027499999997
1621431000,65.82,66.995,65.76,66.92,,,,,,,0,0,0,0,0,0,67.14202499999996
1621445400,66.925,67.235,66.515,67.185,,,,,,,0,0,0,0,0,0,67.15527499999996
1621517400,67.485,68.625,67.445,68.505,,,,,,,0,0,0,0,0,0,67.17762499999995
1621531800,68.51,68.695,68.335,68.435,,,,,,,0,0,0,0,0,0,67.19717499999996
1621603800,68.765,68.885,68.035,68.225,,,,,,,0,0,0,0,0,0,67.21212499999996
1621618200,68.22,68.37,68.0325,68.105,,,,,,,0,0,0,0,0,0,67.22637499999995
1621863000,68.66,69.425,68.63,69.395,,,,,,,0,0,0,0,0,0,67.24799999999996
1621877400,69.395,69.54,69.245,69.3,,,,,,,0,0,0,0,0,0,67.26977499999995
1621949400,69.6,69.74,69.185,69.3925,,,,,,,0,0,0,0,0,0,67.29116249999996
1621963800,69.385,69.42,69.17,69.33,,,,,,,0,0,0,0,0,0,67.31311249999996
1622035800,69.395,69.6175,69.18,69.21,,,,,,,0,0,0,0,0,0,67.33563749999996
1622050200,69.22,69.345,69.095,69.325,,,,,,,0,0,0,0,0,0,67.35698749999995
1622122200,69.265,69.54,69.13,69.285,,,,,,,0,0,0,0,0,0,67.38451249999996
1622136600,69.275,69.3,68.945,68.945,,,,,,,0,0,0,0,0,0,67.40931249999996
1622208600,69.3525,69.595,69.21,69.405,,,,,,,0,0,0,0,0,0,67.43643749999995
1622223000,69.425,69.45,69.165,69.205,,,,,,,0,0,0,0,0,0,67.46061249999995
1622554200,69.51,69.585,68.735,68.945,,,,,,,0,0,0,0,0,0,67.48501249999995
1622568600,68.955,69.17,68.84,68.885,,,,,,,0,0,0,0,0,0,67.51313749999996
1622640600,68.965,69.615,68.885,69.12,,,,,,,0,0,0,0,0,0,67.53496249999995
1622655000,69.125,69.34,69.015,69.33,,,,,,,0,0,0,0,0,0,67.55706249999994
1622727000,68.77,69.05,68.275,68.9675,,,,,,,0,0,0,0,0,0,67.57704999999996
1622741400,68.955,68.985,68.65,68.685,,,,,,,0,0,0,0,0,0,67.59352499999996
1622813400,69.125,69.955,69.115,69.845,,,,,,,0,0,0,0,0,0,67.61709999999995
1622827800,69.845,70.085,69.845,69.99,,,,,,,0,0,0,0,0,0,67.64289999999995
1623072600,69.95,70.075,69.66,69.68,,,,,,,0,0,0,0,0,0,67.66892499999996
1623087000,69.685,70.0275,69.675,69.985,,,,,,,0,0,0,0,0,0,67.69624999999995
1623159000,70.345,70.625,69.805,70.02,,,,,,,0,0,0,0,0,0,67.72109999999995
1623173400,70.01,70.185,69.99,70.02,,,,,,,0,0,0,0,0,0,67.74649999999995
1623245400,70.33,70.455,70.015,70.305,,,,,,,0,0,0,0,0,0,67.77439999999996
1623259800,70.3,70.335,70.01,70.06,,,,,,,0,0,0,0,0,0,67.80283749999995
1623331800,70.165,70.73,69.95,70.475,,,,,,,0,0,0,0,0,0,67.83461249999995
1623346200,70.49,70.59,70.395,70.56,,,,,,,0,0,0,0,0,0,67.86883749999996
1623418200,70.67,70.935,70.59,70.765,,,,,,,0,0,0,0,0,0,67.90043749999995
1623432600,70.765,70.975,70.765,70.97,,,,,,,0,0,0,0,0,0,67.93266249999995
1623677400,71.065,71.345,70.77,71.345,,,,,,,0,0,0,0,0,0,67.95988749999995
1623691800,71.35,71.705,71.3,71.705,,,,,,,0,0,0,0,0,0,67.98933749999995
1623763800,71.6325,71.635,71.295,71.3,,,,,,,0,0,0,0,0,0,68.01348749999994
1623778200,71.295,71.4,71.14,71.285,,,,,,,0,0,0,0,0,0,68.03648749999995
1623850200,71.415,71.53,71.04,71.19,,,,,,,0,0,0,0,0,0,68.05996249999994
1623864600,71.185,71.285,70.185,70.88,,,,,,,0,0,0,0,0,0,68.08226249999994
1623936600,70.69,71.99,70.69,71.76,,,,,,,0,0,0,0,0,0,68.10668749999995
1623951000,71.765,71.915,71.675,71.695,,,,,,,0,0,0,0,0,0,68.13018749999993
1624023000,71.34,71.635,70.965,71.275,,,,,,,0,0,0,0,0,0,68.15123749999994
1624037400,71.26,71.41,70.975,71.03,,,,,,,0,0,0,0,0,0,68.17138749999995
1624282200,70.945,71.63,70.485,71.5,,,,,,,0,0,0,0,0,0,68.19596249999994
1624296600,71.51,71.71,71.49,71.66,,,,,,,0,0,0,0,0,0,68.22533749999994
1624368600,71.695,72.115,71.55,72.06,,,,,,,0,0,0,0,0,0,68.25128749999993
1624383000,72.06,72.36,71.975,72.315,,,,,,,0,0,0,0,0,0,68.28263749999994
1624455000,72.36,72.495,72.085,72.335,,,,,,,0,0,0,0,0,0,68.32108749999993
1624469400,72.3325,72.38,72.205,72.23,,,,,,,0,0,0,0,0,0,68.35993749999994
1624541400,72.73,72.92,72.565,72.66,,,,,,,0,0,0,0,0,0,68.39176249999994
1624555800,72.655,72.755,72.555,72.69,,,,,,,0,0,0,0,0,0,68.42483749999994
1624627800,72.785,72.81,72.5,72.595,,,,,,,0,0,0,0,0,0,68.45341249999993
1624642200,72.595,72.72,72.51,72.61,,,,,,,0,0,0,0,0,0,68.48168749999994
1624887000,72.905,73.46,72.905,73.235,,,,,,,0,0,0,0,0,0,68.51271249999994
1624901400,73.23,73.43,73.23,73.39,,,,,,,0,0,0,0,0,0,68.54583749999993
1624973400,73.405,73.87,73.245,73.795,,,,,,,0,0,0,0,0,0,68.57756249999994
1624987800,73.8,73.945,73.765,73.905,,,,,,,0,0,0,0,0,0,68.60821249999995
1625059800,73.8,74.005,73.61,73.755,,,,,,,0,0,0,0,0,0,68.63796249999994
1625074200,73.755,73.955,73.71,73.825,,,,,,,0,0,0,0,0,0,68.66873749999993
1625146200,73.785,73.925,73.455,73.625,,,,,,,0,0,0,0,0,0,68.69646249999994
1625160600,73.635,73.945,73.635,73.93,,,,,,,0,0,0,0,0,0,68.72421249999994
1625232600,74.32,74.775,74.295,74.75,,,,,,,0,0,0,0,0,0,68.75658749999994
1625247000,74.755,75.005,74.755,74.96,,,,,,,0,0,0,0,0,0,68.78996249999994
1625578200,75.085,75.57,74.495,74.935,,,,,,,0,0,0,0,0,0,68.82396249999994
1625592600,74.945,75.25,74.9,75.2,,,,,,,0,0,0,0,0,0,68.85901249999993
1625664600,75.74,75.78,75.03,75.51,,,,,,,0,0,0,0,0,0,68.89291249999992
1625679000,75.53,75.73,75.46,75.63,,,,,,,0,0,0,0,0,0,68.92628749999993
1625751000,74.425,75.03,74.1,75.01,,,,,,,0,0,0,0,0,0,68.95681249999993
1625765400,75.015,75.115,74.59,74.93,,,,,,,0,0,0,0,0,0,68.98498749999993
1625837400,74.855,75.635,74.725,75.535,,,,,,,0,0,0,0,0,0,69.01648749999993
1625851800,75.54,75.665,75.465,75.58,,,,,,,0,0,0,0,0,0,69.04896249999993
1626096600,75.855,75.935,75.42,75.535,,,,,,,0,0,0,0,0,0,69.08488749999994
1626111000,75.545,75.68,75.48,75.665,,,,,,,0,0,0,0,0,0,69.12101249999994
1626183000,75.52,76.52,75.475,76.08,,,,,,,0,0,0,0,0,0,69.16208749999993
1626197400,76.075,76.095,75.645,75.98,,,,,,,0,0,0,0,0,0,69.20126249999993
1626269400,76.58,76.915,76.195,76.4,,,,,,,0,0,0,0,0,0,69.24383749999994
1626283800,76.41,76.73,76.4,76.59,,,,,,,0,0,0,0,0,0,69.28668749999993
1626355800,76.495,76.5,75.665,75.78,,,,,,,0,0,0,0,0,0,69.33026249999995
1626370200,75.76,75.935,75.495,75.895,,,,,,,0,0,0,0,0,0,69.37701249999995
1626442200,76.05,76.405,75.4,75.71,,,,,,,0,0,0,0,0,0,69.42711249999995
1626456600,75.71,75.73,75.08,75.15,,,,,,,0,0,0,0,0,0,69.47123749999994
1626701400,74.24,74.455,73.715,73.73,,,,,,,0,0,0,0,0,0,69.50536249999995
1626715800,73.73,74.135,73.685,74.135,,,,,,,0,0,0,0,0,0,69.53936249999994
1626787800,74.465,75.435,74.055,75.33,,,,,,,0,0,0,0,0,0,69.58838749999994
1626802200,75.335,75.63,75.195,75.205,,,,,,,1,0,0,0,0,0,69.63948749999994
1626874200,75.165,75.7775,75.045,75.66,,,,,,,1,0,0,0,0,0,69.68676249999994
1626888600,75.66,75.95,75.61,75.93,,,,,,,0,0,0,0,0,0,69.73968749999993
1626960600,76.13,76.555,76.125,76.395,,,,,,,0,0,0,0,0,0,69.78628749999993
1626975000,76.395,76.51,76.35,76.495,,,,,,,0,0,0,0,0,0,69.83173749999993
1627047000,76.895,77.28,76.575,77.23,,,,,,,0,0,0,0,0,0,69.88333749999994
1627061400,77.235,77.295,77.055,77.24,,,,,,,0,0,0,0,0,0,69.93776249999993
1627306200,77.05,77.3,76.805,77.195,,,,,,,0,0,0,0,0,0,69.99663749999995
1627320600,77.2,77.355,77.13,77.23,,,,,,,0,0,0,0,0,0,70.05931249999995
1627392600,77.145,77.15,75.525,75.63,,,,,,,0,0,0,0,0,0,70.12028749999995
1627407000,75.6125,76.505,75.59,76.495,,,,,,,0,0,0,0,0,0,70.18641249999995
1627479000,76.5,76.79,75.675,76.23,,,,,,,0,0,0,0,0,0,70.24656249999994
1627493400,76.205,76.59,76.02,76.385,,,,,,,0,0,0,0,0,0,70.30613749999993
1627565400,76.31,77.005,76.31,76.91,,,,,,,0,0,0,0,0,0,70.36963749999994
1627579800,76.93,76.9675,76.74,76.745,,,,,,,0,0,0,0,0,0,70.43871249999994
1627651800,76.25,76.735,76.25,76.595,,,,,,,0,0,0,0,0,0,70.49526249999994
1627666200,76.595,76.775,76.57,76.705,,,,,,,0,0,0,0,0,0,70.55363749999994
1627911000,77.045,77.145,76.575,76.78,,,,,,,1,0,0,0,0,0,70.61208749999994
1627925400,76.8,76.8,76.32,76.41,,,,,,,1,0,0,0,0,0,70.67013749999995
1627997400,76.595,76.94,75.945,76.82,,,,,,,1,0,0,0,0,0,70.72231249999994
1628011800,76.835,76.955,76.74,76.92,,,,,,,1,0,0,0,0,0,70.77613749999995
1628083800,76.855,77.19,76.62,77.125,,,,,,,1,0,0,0,0,0,70.83376249999995
1628098200,77.13,77.25,77.025,77.065,,,,,,,1,0,0,0,0,0,70.89056249999994
1628170200,77.235,77.515,76.98,77.385,,,,,,,1,0,0,0,0,0,70.94806249999993
1628184600,77.375,77.52,77.32,77.5,,,,,,,1,0,0,0,0,0,71.00356249999994
1628256600,77.225,77.52,77.205,77.355,,,,,,,1,0,0,0,0,0,71.05423749999994
1628271000,77.36,77.43,77.235,77.425,,,,,,,1,0,0,0,0,0,71.10668749999995
1628515800,77.52,77.66,77.11,77.165,,,,,,,1,0,0,0,0,0,71.16213749999994
1628530200,77.155,77.28,77.14,77.18,,,,,,,1,0,0,0,0,0,71.21363749999995
1628602200,77.325,77.39,76.405,76.545,,,,,,,1,0,0,0,0,0,71.26726249999993
1628616600,76.54,76.695,76.43,76.625,,,,,,,1,0,0,0,0,0,71.32553749999992
1628688600,76.9,77.02,76.245,76.695,,,,,,,1,0,0,0,0,0,71.38296249999993
1628703000,76.695,76.695,76.515,76.64,,,,,,,1,0,0,0,0,0,71.44233749999992
1628775000,76.55,77.025,76.24,76.91,,,,,,,1,0,0,0,0,0,71.49648749999992
1628789400,76.925,77.12,76.915,77.07,,,,,,,1,0,0,0,0,0,71.55213749999993
1628861400,77.105,77.49,77.06,77.36,,,,,,,1,0,0,0,0,0,71.60851249999992
1628875800,77.34,77.515,77.295,77.515,,,,,,,1,0,0,0,0,0,71.66851249999993
1629120600,77.315,77.645,76.655,77.385,,,,,,,1,0,0,0,0,0,71.72871249999993
1629135000,77.38,77.855,77.375,77.845,,,,,,,1,0,0,0,0,0,71.79428749999992
1629207000,77.355,77.495,76.725,76.975,,,,,,,1,0,0,0,0,0,71.85673749999992
1629221400,76.97,77.2,76.725,77.195,,,,,,,1,0,0,0,0,0,71.91926249999992
1629293400,76.995,77.355,76.81,76.93,,,,,,,1,0,0,0,0,0,71.97541249999993
1629307800,76.915,77.135,76.05,76.145,,,,,,,1,0,0,0,0,0,72.02461249999992
1629379800,75.67,77.16,75.605,76.905,,,,,,,1,0,0,0,0,0,72.07868749999993
1629394200,76.895,77.14,76.48,76.89,,,,,,,1,0,0,0,0,0,72.13316249999993
1629466200,77.17,77.93,76.995,77.735,,,,,,,1,0,0,0,0,0,72.19483749999992
1629480600,77.74,77.935,77.63,77.86,,,,,,,1,0,0,0,0,0,72.25698749999992
1629725400,78.07,78.86,78.07,78.77,,,,,,,1,0,0,0,0,0,72.31733749999992
1629739800,78.77,78.985,78.735,78.875,,,,,,,0,0,0,0,0,0,72.37971249999993
1629811800,78.975,79.06,78.72,78.79,,,,,,,0,0,0,0,0,0,72.43681249999992
1629826200,78.785,78.885,78.7275,78.78,,,,,,,0,0,0,0,0,0,72.49211249999992
1629898200,78.965,79.16,78.615,78.6775,,,,,,,0,0,0,0,0,0,72.53989999999993
1629912600,78.68,78.86,78.62,78.725,,,,,,,0,0,0,0,0,0,72.58794999999992
1629984600,78.645,78.805,78.18,78.535,,,,,,,0,0,0,0,0,0,72.63702499999994
1629999000,78.53,78.615,78.24,78.25,,,,,,,0,0,0,0,0,0,72.68402499999992
1630071000,78.325,78.98,78.18,78.97,,,,,,,0,0,0,0,0,0,72.73402499999993
1630085400,78.955,79.055,78.925,78.985,,,,,,,0,0,0,0,0,0,72.78284999999993
1630330200,79.235,79.89,79.235,79.88,,,,,,,0,0,0,0,0,0,72.83234999999992
1630344600,79.8875,79.935,79.83,79.85,,,,,,,0,0,0,0,0,0,72.88049999999993
1630416600,79.9,79.92,79.285,79.505,,,,,,,0,0,0,0,0,0,72.92537499999993
1630431000,79.5,79.645,79.36,79.43,,,,,,,0,0,0,0,0,0,72.96822499999993
1630503000,79.705,80.065,79.64,79.845,,,,,,,0,0,0,0,0,0,73.01417499999994
1630517400,79.8475,79.87,79.385,79.445,,,,,,,0,0,0,0,0,0,73.05862499999994
1630589400,79.745,79.84,79.235,79.255,,,,,,,0,0,0,0,0,0,73.09992499999993
1630603800,79.245,79.41,79.05,79.4,,,,,,,0,0,0,0,0,0,73.14087499999994
1630675800,79.265,79.89,79.265,79.815,,,,,,,0,0,0,0,0,0,73.18544999999993
1630690200,79.825,79.855,79.665,79.7,,,,,,,0,0,0,0,0,0,73.23159999999993
1631021400,79.795,79.87,79.325,79.82,,,,,,,0,0,0,0,0,0,73.27257499999992
1631035800,79.815,79.8625,79.695,79.72,,,,,,,0,0,0,0,0,0,73.31279999999994
1631107800,79.695,79.71,78.84,79.265,,,,,,,0,0,0,0,0,0,73.35142499999994
1631122200,79.275,79.405,79.205,79.405,,,,,,,0,0,0,0,0,0,73.39022499999993
1631194200,79.445,79.72,79.12,79.185,,,,,,,0,0,0,0,0,0,73.43189999999994
1631208600,79.21,79.3,79.03,79.075,,,,,,,0,0,0,0,0,0,73.47199999999994
1631280600,79.545,79.72,78.575,79.04,,,,,,,0,0,0,0,0,0,73.51634999999993
1631295000,79.045,79.11,78.2375,78.32,,,,,,,0,0,0,0,0,0,73.55579999999993
1631539800,78.91,79.11,77.865,78.095,,,,,,,0,0,0,0,0,0,73.59192499999993
1631554200,78.095,78.34,77.83,78.34,,,,78.17,78.17,,0,1,0,0,0,0,73.62799999999994
1631626200,78.685,78.835,78.215,78.465,,,,,,,0,0,0,0,0,0,73.66622499999994
1631640600,78.46,78.565,78.03,78.24,,,,,,,0,0,0,0,0,0,73.70587499999993
1631712600,78.53,78.705,78.075,78.67,,,,,,,0,0,0,0,0,0,73.74247499999994
1631727000,78.68,78.98,78.665,78.93,,,,,,,0,0,0,0,0,0,73.78069999999994
1631799000,78.625,78.805,78.16,78.525,,,,,,,0,0,0,0,0,0,73.81512499999994
1631813400,78.525,79.045,78.435,78.975,,,,,,,0,0,0,0,0,0,73.85132499999995
1631885400,78.77,78.77,77.685,77.815,,,,,,,0,0,0,0,0,0,73.88307499999995
1631899800,77.82,77.9,77.6275,77.74,,,,,,,0,0,0,0,0,0,73.91427499999995
1632144600,76.365,76.855,75.47,75.77,,,,,,,0,0,0,0,0,0,73.93862499999994
1632159000,75.76,76.25,75.175,76.19,,,,,,,0,0,0,0,0,0,73.96509999999994
1632231000,76.69,76.84,75.925,76.26,,,,,,,0,0,0,0,0,0,73.99367499999995
1632245400,76.27,76.69,76.185,76.2,,,,,,,0,0,0,0,0,0,74.02057499999995
1632317400,76.64,77.415,76.3,77.155,,,,,,,0,0,0,0,0,0,74.05622499999996
1632331800,77.15,77.555,76.8,77.265,,,,,,,0,0,0,0,0,0,74.09324999999995
1632403800,77.65,78.4,77.43,78.4,,,,,,,0,0,0,0,0,0,74.13774999999995
1632418200,78.405,78.485,78.28,78.295,,,,,,,0,0,0,0,0,0,74.18094999999995
1632490200,77.815,78.295,77.79,78.295,,,,,,,0,0,0,0,0,0,74.23234999999994
1632504600,78.3,78.485,78.135,78.37,,,,,,,0,0,0,0,0,0,74.28212499999994
1632749400,77.7,77.87,77.11,77.615,,,,,,,0,0,0,0,0,0,74.32666249999994
1632763800,77.62,77.76,77.515,77.595,,,,,,,0,0,0,0,0,0,74.37338749999995
1632835800,76.565,76.77,75.335,75.625,,,,,,,0,0,0,0,0,0,74.40918749999994
1632850200,75.62,75.905,75.235,75.285,,,,,,,0,0,0,0,0,0,74.44116249999995
1632922200,75.585,76,75.09,75.3,,,,,,,0,0,0,0,0,0,74.47081249999995
1632936600,75.28,75.825,75.075,75.2,,,,,,,0,0,0,0,0,0,74.49933749999995
1633008600,75.64,75.965,74.7,74.9,,,,,,,0,0,0,0,0,0,74.53113749999994
1633023000,74.9,75.44,74.625,74.65,,,,,,,0,0,0,0,0,0,74.56571249999996
1633095000,74.935,75.23,74.17,75.155,,,,,,,0,0,0,0,0,0,74.60358749999995
1633109400,75.145,75.945,75.145,75.75,,,,,,,0,0,0,0,0,0,74.64438749999995
1633354200,75.35,75.435,73.445,73.58,,,,,,,0,0,0,0,0,0,74.68308749999996
1633368600,73.585,74.125,73.585,74.005,,,,,,,0,0,0,0,0,0,74.72471249999995
1633440600,74.18,75.425,74.11,75.375,,,,,,,0,0,0,0,0,0,74.76998749999996
1633455000,75.385,75.51,75.005,75.04,,,,,,,0,0,0,0,0,0,74.81251249999995
1633527000,74.22,75.13,73.98,74.905,,,,,,,0,0,0,0,0,0,74.84723749999995
1633541400,74.905,75.63,74.895,75.565,,,,,,,0,0,0,0,0,0,74.88528749999995
1633613400,76.21,76.855,76.14,76.755,,,,,,,0,0,0,0,0,0,74.93398749999994
1633627800,76.755,76.755,76.16,76.265,,,,,,,0,0,0,0,0,0,74.97783749999995
1633699800,76.555,76.615,75.86,75.9,,,,,,,0,0,0,0,0,0,75.01863749999995
1633714200,75.885,76.265,75.865,75.98,,,,,,,0,0,0,0,0,0,75.06378749999995
1633959000,75.64,76.57,75.51,75.965,,,,,,,0,0,0,0,0,0,75.10901249999995
1633973400,75.965,76.145,75.54,75.555,,,,,,,0,0,0,0,0,0,75.15086249999995
1634045400,75.82,75.945,75.185,75.29,,,,,,,0,0,0,0,0,0,75.18478749999994
1634059800,75.285,75.615,75.045,75.175,,,,,,,0,0,0,0,0,0,75.21848749999995
1634131800,75.495,75.79,75.01,75.42,,,,,,,0,0,0,0,0,0,75.25446249999996
1634146200,75.43,75.685,75.32,75.635,,,,,,,0,0,0,0,0,0,75.29211249999994
1634218200,76.45,77.215,76.29,77.095,,,,,,,0,0,0,0,0,0,75.33061249999996
1634232600,77.11,77.37,77.11,77.33,,,,,,,0,0,0,0,0,0,75.37076249999994
1634304600,77.585,77.77,77.37,77.73,,,,,,,0,0,0,0,0,0,75.41244999999995
1634319000,77.74,77.965,77.74,77.94,,,,,,,0,0,0,0,0,0,75.45549999999994
1634563800,77.52,78.48,77.305,78.455,,,,,,,0,0,0,0,0,0,75.50172499999994
1634578200,78.46,78.655,78.405,78.61,,,,,,,0,0,0,0,0,0,75.54814999999994
1634650200,78.825,79.395,78.67,79.355,,,,,,,0,0,0,0,0,0,75.59849999999994
1634664600,79.345,79.39,79.165,79.385,,,,,,,0,0,0,0,0,0,75.65069999999993
1634736600,79.48,79.585,78.835,78.96,,,,,,,0,0,0,0,0,0,75.69847499999995
1634751000,78.96,79.18,78.905,79.175,,,,,,,0,0,0,0,0,0,75.74832499999994
1634823000,78.94,79.24,78.775,79.125,,,,,,,0,0,0,0,0,0,75.79922499999994
1634837400,79.14,79.515,79.075,79.455,,,,,,,0,0,0,0,0,0,75.85207499999994
1634909400,79.4,79.78,78.88,79.275,,,,,,,0,0,0,0,0,0,75.90284999999994
1634923800,79.275,79.545,79.13,79.19,,,,,,,0,0,0,0,0,0,75.95214999999993
1635168600,79.505,79.745,79.155,79.68,,,,,,,0,0,0,0,0,0,76.00571249999993
1635183000,79.685,79.71,79.355,79.485,,,,,,,0,0,0,0,0,0,76.05971249999995
1635255000,80.005,80.33,79.655,79.81,,,,,,,0,0,0,0,0,0,76.10953749999994
1635269400,79.83,79.995,79.67,79.675,,,,,,,0,0,0,0,0,0,76.15796249999995
1635341400,79.815,80.21,79.55,80.185,,,,,,,0,0,0,0,0,0,76.21048749999994
1635355800,80.2,80.23,79.575,79.585,,,,,,,0,0,0,0,0,0,76.25848749999994
1635427800,80.06,80.48,79.955,80.105,,,,,,,0,0,0,0,0,0,76.30891249999995
1635442200,80.115,80.455,80.115,80.4,,,,,,,0,0,0,0,0,0,76.36081249999995
1635514200,79.605,80.64,79.535,80.575,,,,,,,0,0,0,0,0,0,76.41216249999994
1635528600,80.58,80.815,80.485,80.765,,,,,,,0,0,0,0,0,0,76.46568749999994
1635773400,80.765,80.805,80.235,80.43,,,,,,,0,0,0,0,0,0,76.51546249999994
1635787800,80.41,80.755,80.36,80.695,,,,,,,0,0,0,0,0,0,76.56613749999994
1635859800,80.755,81.55,80.755,81.34,,,,,,,0,0,0,0,0,0,76.61901249999994
1635874200,81.345,81.445,81.175,81.385,,,,,,,0,0,0,0,0,0,76.67108749999994
1635946200,81.4725,81.515,81.025,81.27,,,,,,,0,0,0,0,0,0,76.72071249999995
1635960600,81.275,82,81.195,81.855,,,,,,,0,0,0,0,0,0,76.77146249999994
1636032600,82.14,83.015,81.995,82.935,,,,,,,0,0,0,0,0,0,76.82963749999995
1636047000,82.94,83.31,82.845,83.135,,,,,,,0,0,0,0,0,0,76.88888749999995
1636119000,83.735,84.01,83.04,83.045,,,,,,,0,0,0,0,0,0,76.94816249999994
1636133400,83.035,83.645,83.035,83.485,,,,,,,0,0,0,0,0,0,77.01118749999995
1636381800,83.84,84.035,83.615,83.995,,,,,,,0,0,0,0,0,0,77.07236249999995
1636396200,83.99,84.13,83.82,83.99,,,,,,,0,0,0,0,0,0,77.13383749999996
1636468200,84.175,84.2,83.32,83.35,,,,,,,0,0,0,0,0,0,77.19421249999995
1636482600,83.36,83.71,83.22,83.645,,,,,,,0,0,0,0,0,0,77.25728749999995
1636554600,83.015,83.41,82.41,82.555,,,,,,,0,0,0,0,0,0,77.31256249999996
1636569000,82.54,82.62,82.015,82.245,,,,,,,0,0,0,0,0,0,77.36548749999996
1636641000,82.84,82.845,82.515,82.72,,,,,,,0,0,0,0,0,0,77.41878749999995
1636655400,82.72,82.89,82.57,82.67,,,,,,,0,0,0,0,0,0,77.47056249999996
1636727400,82.925,83.725,82.795,83.595,,,,,,,0,0,0,0,0,0,77.52686249999995
1636741800,83.615,83.79,83.54,83.66,,,,,,,0,0,0,0,0,0,77.58401249999996
1636986600,84.025,84.11,83.1,83.44,,,,,,,0,0,0,0,0,0,77.63791249999996
1637001000,83.45,83.58,83.26,83.57,,,,,,,0,0,0,0,0,0,77.69231249999996
1637073000,83.485,84.385,83.42,84.31,,,,,,,0,0,0,0,0,0,77.75088749999995
1637087400,84.305,84.565,84.305,84.47,,,,,,,0,0,0,0,0,0,77.81018749999996
1637159400,84.26,84.725,83.945,84.265,,,,,,,0,0,0,0,0,0,77.86533749999995
1637173800,84.26,84.345,84.125,84.185,,,,,,,0,0,0,0,0,0,77.91931249999995
1637245800,84.685,85.035,84.07,84.865,,,,,,,0,0,0,0,0,0,77.97466249999995
1637260200,84.865,85.1525,84.75,85,,,,,,,0,0,0,0,0,0,78.03013749999995
1637332200,85.315,85.975,85.065,85.675,,,,,,,0,0,0,0,0,0,78.08973749999996
1637346600,85.67,85.765,85.515,85.67,,,,,,,0,0,0,0,0,0,78.14896249999997
1637591400,86.005,87.12,85.315,85.595,,,,,,,0,0,0,0,0,0,78.20881249999996
1637605800,85.605,85.91,84.655,84.71,,,,,,,0,0,0,0,0,0,78.26271249999995
1637677800,84.375,84.775,83.44,83.67,,,,,,,0,0,0,0,0,0,78.30731249999995
1637692200,83.67,84.575,83.505,84.51,,,,,,,0,0,0,0,0,0,78.35506249999996
1637764200,83.995,84.765,83.59,84.69,,,,,,,0,0,0,0,0,0,78.40383749999995
1637778600,84.705,85.14,84.375,85.115,,,,,,,0,0,0,0,0,0,78.45341249999996
1637937000,83.885,84.53,82.665,82.96,,,,,,,0,0,0,0,0,0,78.49066249999996
1638196200,84.24,85.165,83.97,85.075,,,,,,,0,0,0,0,0,0,78.53788749999995
1638210600,85.08,85.295,85.01,85.055,,,,,,,0,0,0,0,0,0,78.58811249999997
1638282600,84.75,85.525,83.645,84.12,,,,,,,0,0,0,0,0,0,78.63406249999996
1638297000,84.12,84.645,84.015,84.365,,,,,,,0,0,0,0,0,0,78.67821249999996
1638369000,85.36,85.895,84.765,85.145,,,,,,,0,0,0,0,0,0,78.72603749999996
1638383400,85.145,85.155,83.13,83.195,,,,,,,0,0,0,0,0,0,78.76433749999997
1638455400,82.435,84.215,82.305,83.72,,,,,,,0,0,0,0,0,0,78.80461249999996
1638469800,83.74,84.355,83.62,83.98,,,,,,,0,0,0,0,0,0,78.84411249999997
1638541800,84.2625,84.465,81.74,81.995,,,,,,,0,0,0,0,0,0,78.87418749999996
1638556200,81.99,82.615,81.525,82.56,,,,,,,0,0,0,0,0,0,78.90498749999998
1638801000,82.805,83.485,81.96,83.455,,,,,,,0,0,0,0,0,0,78.93931249999996
1638815400,83.47,83.595,83.245,83.36,,,,,,,0,0,0,0,0,0,78.97721249999996
1638887400,85.03,86.365,85,86.22,,,,,,,0,0,0,0,0,0,79.02883749999997
1638901800,86.22,86.31,85.745,86.255,,,,,,,0,0,0,0,0,0,79.08156249999996
1638973800,86.29,86.485,85.705,86.27,,,,,,,0,0,0,0,0,0,79.13716249999996
1638988200,86.29,86.715,86.2,86.635,,,,,,,0,0,0,0,0,0,79.20168749999995
1639060200,86.41,86.99,86.11,86.26,,,,,,,0,0,0,0,0,0,79.26231249999995
1639074600,86.255,86.385,85.655,85.725,,,,,,,0,0,0,0,0,0,79.31428749999995
1639146600,86.62,87.24,86.3675,87.005,,,,,,,0,0,0,0,0,0,79.37328749999995
1639161000,87,87.545,86.865,87.47,,,,,,,0,0,0,0,0,0,79.43233749999996
1639405800,87.61,87.79,86.445,86.665,,,,,,,0,0,0,0,0,0,79.48601249999996
1639420200,86.69,86.87,86.015,86.125,,,,,,,0,0,0,0,0,0,79.53466249999995
1639492200,85.1,85.63,83.705,84.115,,,,,,,0,0,0,0,0,0,79.57276249999995
1639506600,84.1,85,83.885,84.72,,,,,,,0,0,0,0,0,0,79.61021249999995
1639578600,84.785,85.055,84.06,84.345,,,,,,,0,0,0,0,0,0,79.64573749999995
1639593000,84.345,87.055,84,86.975,,,,,,,0,0,0,0,0,0,79.69463749999996
1639665000,87.295,87.43,84.695,85.035,,,,,,,0,0,0,0,0,0,79.73366249999995
1639679400,85.01,85.17,84.015,84.535,,,,,,,0,0,0,0,0,0,79.77818749999996
1639751400,83.595,84.75,83.145,84.235,,,,,,,0,0,0,0,0,0,79.81688749999995
1639765800,84.245,84.515,83.755,83.905,,,,,,,0,0,0,0,0,0,79.85526249999995
1640010600,82.49,83.045,82.18,82.36,,,,,,,0,0,0,0,0,0,79.88513749999994
1640025000,82.355,82.9,82.27,82.79,,,,,,,0,0,0,0,0,0,79.91453749999994
1640097000,83.735,84.265,82.91,84.245,,,,,,,0,0,0,0,0,0,79.95203749999995
1640111400,84.265,84.95,84.265,84.87,,,,,,,0,0,0,0,0,0,79.99341249999995
1640183400,84.805,85.7,84.545,85.47,,,,,,,0,0,0,0,0,0,80.03723749999995
1640197800,85.485,86.045,85.24,85.985,,,,,,,0,0,0,0,0,0,80.08326249999995
1640269800,86.135,86.68,86.095,86.595,,,,,,,0,0,0,0,0,0,80.13418749999995
1640284200,86.595,86.81,86.44,86.455,,,,,,,0,0,0,0,0,0,80.18236249999994
1640615400,86.81,88.0125,86.795,87.995,,,,,,,0,0,0,0,0,0,80.23773749999995
1640629800,87.98,88.345,87.965,88.345,,,,,,,0,0,0,0,0,0,80.29383749999994
1640701800,88.5,88.5,87.73,87.895,,,,,,,0,0,0,0,0,0,80.34798749999995
1640716200,87.905,88.095,87.65,87.885,,,,,,,0,0,0,0,0,0,80.40048749999994
1640788200,87.955,88.285,87.4875,87.745,,,,,,,0,0,0,0,0,0,80.45171249999994
1640802600,87.745,88.145,87.72,87.93,,,,,,,0,0,0,0,0,0,80.50458749999996
1640874600,87.975,88.27,87.695,87.94,,,,,,,0,0,0,0,0,0,80.55716249999995
1640889000,87.94,87.99,87.255,87.39,,,,,,,0,0,0,0,0,0,80.60828749999995
1640961000,87.265,87.475,86.955,87.215,,,,,,,0,0,0,0,0,0,80.65846249999994
1640975400,87.2,87.28,86.895,86.94,,,,,,,0,0,0,0,0,0,80.71043749999994
1641220200,87.07,87.835,86.685,87.5,,,,,,,0,0,0,0,0,0,80.76481249999995
1641234600,87.51,87.795,87.47,87.77,,,,,,,0,0,0,0,0,0,80.82018749999993
1641306600,87.99,88,86.26,86.45,,,,,,,0,0,0,0,0,0,80.86923749999994
1641321000,86.42,87.095,86.175,86.84,,,,,,,0,0,0,0,0,0,80.91888749999994
1641393000,86.31,86.39,85.49,85.735,,,,,,,0,0,0,0,0,0,80.96221249999994
1641407400,85.745,86.005,84.13,84.135,,,,,,,0,0,0,0,0,0,80.99608749999994
1641479400,83.51,84.595,83.235,83.825,,,,,,,0,0,0,0,0,0,81.02763749999994
1641493800,83.835,84.27,83.535,83.74,,,,,,,0,0,0,0,0,0,81.05941249999994
1641565800,83.695,84.065,82.425,83.07,,,,,,,0,0,0,0,0,0,81.08553749999993
1641580200,83.065,83.435,82.855,82.925,,,,,,,0,0,0,0,0,0,81.11528749999994
1641825000,81.705,82.05,80.645,81.765,,,,,,,0,0,0,0,0,0,81.13813749999994
1641839400,81.775,83.08,81.72,82.985,,,,,,,0,0,0,0,0,0,81.16841249999995
1641911400,82.755,83.98,82.155,83.78,,,,,,,0,0,0,0,0,0,81.20658749999996
1641925800,83.785,84.095,83.665,83.995,,,,,,,0,0,0,0,0,0,81.24203749999994
1641997800,84.585,85.175,83.95,84.45,,,,,,,0,0,0,0,0,0,81.27983749999994
1642012200,84.44,84.555,84.17,84.36,,,,,,,0,0,0,0,0,0,81.31296249999995
1642084200,84.805,85.045,82.87,83.205,,,,,,,0,0,0,0,0,0,81.33968749999995
1642098600,83.17,83.415,81.98,82.225,,,,,,,0,0,0,0,0,0,81.35696249999995
1642170600,81.67,82.925,81.66,82.015,,,,,,,0,0,0,0,0,0,81.37266249999995
1642185000,81.99,82.93,81.88,82.875,,,,,,,0,0,0,0,0,0,81.39308749999995
1642516200,81.675,82.14,81.005,81.095,,,,,,,0,0,0,0,0,0,81.40466249999996
1642530600,81.08,81.465,80.67,80.885,,,,,,,0,0,0,0,0,0,81.41569999999996
1642602600,81.175,82.125,80.335,81.11,,,,,,,0,0,0,0,0,0,81.42762499999996
1642617000,81.105,81.185,79.68,79.765,,,,,,,0,0,0,0,0,0,81.43377499999995
1642689000,80.415,81.365,80.355,80.62,,,,,,,0,0,0,0,0,0,81.44562499999995
1642703400,80.615,80.8,78.625,78.715,,,,,,,0,0,0,0,0,0,81.44434999999997
1642775400,78.54,79.43,77.69,78.11,,,,,,,0,0,0,0,0,0,81.43997499999996
1642789800,78.085,78.53,77.175,77.175,,,,,,,0,0,0,0,0,0,81.42644999999996
1643034600,75.88,76.29,73.125,74.795,,,,,,,0,0,0,0,0,0,81.40117499999995
1643049000,74.785,77.615,74.75,77.585,,,,,,,0,0,0,0,0,0,81.39157499999996
1643121000,76.035,76.305,74.905,75.86,,,,,,,0,0,0,0,0,0,81.37372499999995
1643135400,75.855,77.205,75.575,75.78,,,,,,,0,0,0,0,0,0,81.35339999999995
1643207400,77.95,78.33,77.125,77.98,,,,,,,0,0,0,0,0,0,81.34607499999996
1643221800,77.965,78.735,75.325,76.135,,,,,,,0,0,0,0,0,0,81.33047499999995
1643293800,77.415,77.84,75.465,75.495,,,,,,,0,0,0,0,0,0,81.31094999999996
1643308200,75.505,76.4,75.42,75.705,,,,,,,0,0,0,0,0,0,81.29039999999995
1643380200,76.705,78.125,75.495,77.705,,,,,,,0,0,0,0,0,0,81.28042499999995
1643394600,77.725,79.02,76.8,78.985,,,,,,,0,0,0,0,0,0,81.27624999999995
1643639400,79.02,80.44,78.64,80.075,,,,,,,0,0,0,0,0,0,81.27802499999994
1643653800,80.095,81.09,79.94,80.975,,,,,,,0,0,0,0,0,0,81.28657499999994
1643725800,81.09,81.175,80.04,80.715,,,,,,,0,0,0,0,0,0,81.29312499999995
1643740200,80.7,81.325,80.285,81.195,,,,,,,0,0,0,0,0,0,81.30317499999994
1643812200,81.435,81.905,80.82,81.36,,,,,,,0,0,0,0,0,0,81.31459999999994
1643826600,81.33,81.985,81.255,81.84,,,,,,,0,0,0,0,0,0,81.32859999999994
1643898600,80.695,81.24,80.03,80.45,,,,,,,0,0,0,0,0,0,81.33924999999995
1643913000,80.455,80.59,79.1875,79.475,,,,,,,0,0,0,0,0,0,81.34614999999994
1643985000,79.065,80.08,78.725,79.905,,,,,,,0,0,0,0,0,0,81.35397499999993
1643999400,79.935,80.495,79.74,79.785,,,,,,,0,0,0,0,0,0,81.36057499999994
1644244200,79.95,80.335,79.26,79.85,,,,,,,0,0,0,0,0,0,81.36862499999994
1644258600,79.865,80.095,78.97,79.31,,,,,,,0,0,0,0,0,0,81.37182499999993
1644330600,79.065,80.315,78.84,79.98,,,,,,,0,0,0,0,0,0,81.37707499999993
1644345000,79.975,80.465,79.65,80.22,,,,,,,0,0,0,0,0,0,81.38554999999994
1644417000,81.295,81.685,80.955,81.635,,,,,,,0,0,0,0,0,0,81.39884999999994
1644431400,81.64,82.055,81.4875,82.03,,,,,,,0,0,0,0,0,0,81.41992499999994
1644503400,80.385,81.765,80.335,80.345,,,,,,,0,0,0,0,0,0,81.43294999999993
1644517800,80.335,80.535,79.475,79.86,,,,,,,0,0,0,0,0,0,81.45339999999993
1644589800,79.995,80.315,78.755,78.755,,,,,,,0,0,0,0,0,0,81.46622499999994
1644604200,78.745,78.755,77.15,77.445,,,,,,,0,0,0,0,0,0,81.47214999999994
1644849000,77.22,78.04,77.065,77.64,,,,,,,0,0,0,0,0,0,81.47934999999995
1644863400,77.635,77.64,76.525,77.4,,,,,,,0,0,0,0,0,0,81.48057499999994
1644935400,78.605,79.15,78.31,79.065,,,,,,,0,0,0,0,0,0,81.48957499999995
1644949800,79.07,79.505,78.865,79.445,,,,,,,0,0,0,0,0,0,81.49479999999994
1645021800,78.915,78.955,78.055,78.445,,,,,,,0,0,0,0,0,0,81.49554999999994
1645036200,78.44,79.645,78.25,79.385,,,,,,,0,0,0,0,0,0,81.50099999999993
1645108200,78.61,78.7,77.615,77.695,,,,,,,0,0,0,0,0,0,81.49762499999994
1645122600,77.685,77.775,76.855,77.025,,,,,,,0,0,0,0,0,0,81.49467499999994
1645194600,77.27,77.365,75.645,75.77,,,,,,,0,0,0,0,0,0,81.48554999999995
1645209000,75.755,76.955,75.735,76.225,,,,,,,0,0,0,0,0,0,81.48854999999995
1645540200,75.445,76.725,75.115,75.205,,,,,,,0,0,0,0,0,0,81.48814999999995
1645554600,75.24,76.275,74.705,75.525,,,,,,,0,0,0,0,0,0,81.48927499999995
1645626600,76.3,76.505,74.58,74.61,,,,,,,0,0,0,0,0,0,81.48632499999994
1645641000,74.615,74.88,73.545,73.655,,,,,,,0,0,0,0,0,0,81.48009999999995
1645713000,71.075,73.99,70.86,73.465,,,,,,,0,0,0,0,0,0,81.47417499999995
1645727400,73.48,76.195,73.46,76.13,,,,,,,0,0,0,0,0,0,81.47904999999994
1645799400,76.255,77.16,75.355,76.87,,,,,,,0,0,0,0,0,0,81.48464999999995
1645813800,76.89,77.2,76.55,77.175,,,,,,,0,0,0,0,0,0,81.50262499999994
1646058600,76.375,77.36,76.16,76.415,,,,,,,0,0,0,0,0,0,81.51467499999995
1646073000,76.42,77.055,75.72,77.005,,,,,,,0,0,0,0,0,0,81.52282499999995
1646145000,76.72,77.135,75.33,75.33,,,,,,,0,0,0,0,0,0,81.52427499999995
1646159400,75.33,76,74.905,75.485,,,,,,,0,0,0,0,0,0,81.52717499999996
1646231400,75.985,77.33,75.475,77.215,,,,,,,0,0,0,0,0,0,81.53542499999996
1646245800,77.245,77.45,77.025,77.135,,,,,,,0,0,0,0,0,0,81.53732499999995
1646317800,77.785,77.785,76.03,76.995,,,,,,,0,0,0,0,0,0,81.54097499999995
1646332200,76.995,76.995,75.82,76.215,,,,,,,0,0,0,0,0,0,81.54254999999995
1646404200,75.66,75.93,74.315,74.97,,,,,,,0,0,0,0,0,0,81.53749999999995
1646418600,74.955,75.255,74.285,74.835,,,,,,,0,0,0,0,0,0,81.53184999999996
1646663400,74.825,75.145,72.93,73.04,,,,,,,0,0,0,0,0,0,81.51927499999995
1646677800,73.035,73.365,72.095,72.17,,,,,,,0,0,0,0,0,0,81.50367499999996
1646749800,71.97,74.01,70.73,73.18,,,,,,,0,0,0,0,0,0,81.49369999999995
1646764200,73.205,73.215,71.75,71.77,,,,,,,0,0,0,0,0,0,81.47544999999997
1646836200,73.7,74.67,73.145,74.59,,,,,,,0,0,0,0,0,0,81.47022499999996
1646850600,74.6,74.965,74.175,74.64,,,,,,,0,0,0,0,0,0,81.45794999999995
1646922600,73.285,73.48,72.215,72.625,,,,,,,0,0,0,0,0,0,81.43442499999996
1646937000,72.625,73.525,72.56,73.315,,,,,,,0,0,0,0,0,0,81.41234999999995
1647009000,74.0125,74.06,72.52,73.085,,,,,,,0,0,0,0,0,0,81.38807499999996
1647023400,73.1,73.27,71.92,72.025,,,,,,,0,0,0,0,0,0,81.35592499999996
1647264600,71.715,72.515,70.81,70.82,,,,,,,0,0,0,0,0,0,81.31697499999996
1647279000,70.86,71.11,70.49,70.7,,,,,,,0,0,0,0,0,0,81.27369999999996
1647351000,71.2975,72.66,71.02,72.145,,,,,,,0,0,0,0,0,0,81.23749999999997
1647365400,72.155,73.215,71.95,73.065,,,,,,,0,0,0,0,0,0,81.20802499999996
1647437400,73.99,75.145,73.835,74.01,,,,,,,0,0,0,0,0,0,81.18219999999995
1647451800,74.05,75.4675,72.84,75.45,,,,,,,0,0,0,0,0,0,81.16382499999996
1647523800,75,75.635,74.64,75.51,,,,,,,0,0,0,0,0,0,81.14409999999997
1647538200,75.52,76.03,75.29,76.03,,,,,,,0,0,0,0,0,0,81.12787499999996
1647610200,75.645,77.035,75.34,77.01,,,,,,,0,0,0,0,1,0,81.11697499999995
1647624600,77.005,77.67,76.86,77.525,,,,,,,0,0,0,0,0,0,81.10619999999996
1647869400,77.075,77.65,76.23,76.39,,,,,,,0,0,0,0,0,0,81.09072499999995
1647883800,76.39,77.25,76.37,77.24,,,,,,,0,0,0,0,0,0,81.07787499999995
1647955800,77.335,78.76,77.2,78.255,,,,,,,0,0,0,0,0,0,81.07077499999994
1647970200,78.265,78.535,78.03,78.385,,,,,,,0,0,0,0,0,0,81.06177499999994
1648042200,77.665,78.34,77.075,77.57,,,,,,,0,0,0,0,0,0,81.05169999999994
1648056600,77.545,77.765,77.115,77.15,,,,,,,0,0,0,0,0,0,81.03692499999994
1648128600,77.565,78.53,77.32,78.3975,,,,,,,0,0,0,0,0,0,81.02691249999994
1648143000,78.4,79.17,78.31,79.155,,,,,,,0,0,0,0,0,0,81.01981249999994
1648215000,79.275,79.375,78.13,78.535,,,,,,,0,0,0,0,0,0,81.00866249999994
1648229400,78.575,79.135,78.395,79.075,,,,,,,0,0,0,0,0,0,81.00188749999995
1648474200,78.765,79.765,78.545,79.235,,,,,,,0,0,0,0,0,0,80.99458749999994
1648488600,79.23,80.08,79.19,80.075,,,,,,,0,0,0,0,0,0,80.98826249999995
1648560600,81.025,81.405,80.405,80.9,,,,,,,0,0,0,0,0,0,80.98583749999995
1648575000,80.925,81.825,80.855,81.75,,,,,,,0,0,0,0,0,0,80.98823749999995
1648647000,81.33,81.56,80.745,81.09,,,,,,,0,0,0,0,0,0,80.98441249999995
1648661400,81.09,81.17,80.235,80.655,,,,,,,0,0,0,0,0,0,80.97301249999995
1648733400,80.675,80.795,79.945,80.25,,,,,,,0,0,0,0,0,0,80.95858749999995
1648747800,80.245,80.585,79.345,79.44,,,,,,,0,0,0,0,0,0,80.94056249999996
1648819800,79.595,79.73,78.345,78.465,,,,,,,0,0,0,0,0,0,80.91546249999995
1648834200,78.44,79.3075,78.43,79.215,,,,,,,0,0,0,0,0,0,80.89156249999995
1649079000,79.435,80.585,79.43,80.36,,,,,,,0,0,0,0,0,0,80.87341249999994
1649093400,80.36,80.775,80.225,80.75,,,,,,,0,0,0,0,0,0,80.86041249999995
1649165400,80.42,80.565,79.07,79.44,,,,,,,0,0,0,0,0,0,80.83938749999994
1649179800,79.435,79.445,78.76,79.05,,,,,,,0,0,0,0,0,0,80.82186249999994
1649251800,77.665,77.875,76.6,76.905,,,,,,,0,0,0,0,0,0,80.79516249999995
1649266200,76.93,77.9,76.485,77.03,,,,,,,0,0,0,0,0,0,80.76671249999994
1649338200,76.745,77.64,76.23,76.905,,,,,,,0,0,0,0,0,0,80.73788749999994
1649352600,76.9,77.805,76.735,77.31,,,,,,,0,0,0,0,0,0,80.70646249999994
1649424600,76.945,77.115,76.05,76.665,,,,,,,0,0,0,0,0,0,80.67148749999994
1649439000,76.675,76.68,76.075,76.23,,,,,,,0,0,0,0,0,0,80.63543749999994
1649683800,75.245,75.335,74.31,74.735,,,,,,,0,0,0,0,0,0,80.59126249999994
1649698200,74.755,74.93,74.185,74.295,,,,,,,0,0,0,0,0,0,80.54118749999995
1649770200,75.375,75.76,74.535,74.685,,,,,,,0,0,0,0,0,0,80.49226249999994
1649784600,74.705,74.765,73.675,73.985,,,,,,,0,0,0,0,0,0,80.44086249999994
1649856600,73.98,75.1,73.73,74.945,,,,,,,0,0,0,0,0,0,80.39466249999995
1649871000,74.95,75.37,74.665,75.115,,,,,,,0,0,0,0,0,0,80.34591249999994
1649943000,75.305,75.355,73.84,73.905,,,,,,,0,0,0,0,0,0,80.29043749999994
1649957400,73.93,74.245,73.285,73.35,,,,,,,0,0,0,0,0,0,80.22881249999995
1650288600,72.945,74.03,72.94,73.305,,,,,,,0,0,0,0,0,0,80.16698749999995
1650303000,73.29,73.945,73.05,73.575,,,,,,,0,0,0,0,0,0,80.10688749999996
1650375000,73.415,74.81,73.11,74.435,,,,,,,0,0,0,0,0,0,80.05551249999996
1650389400,74.435,75.07,74.335,74.95,,,,,,,0,0,0,0,0,0,80.01191249999995
1650461400,75.655,75.85,74.78,75.19,,,,,,,0,0,0,0,0,0,79.96531249999995
1650475800,75.17,75.41,74.65,74.875,,,,,,,0,0,0,0,0,0,79.91623749999995
1650547800,75.585,76.305,74.37,74.745,,,,,,,0,0,0,0,0,0,79.86438749999995
1650562200,74.775,74.855,73.38,73.58,,,,,,,0,0,0,0,0,0,79.81748749999996
1650634200,73.605,73.95,72.385,72.415,,,,,,,0,0,0,0,0,0,79.75418749999996
1650648600,72.42,72.465,71.445,71.575,,,,,,,0,0,0,0,0,0,79.68678749999995
1650893400,71.21,72.01,70.78,71.595,,,,,,,0,0,0,0,0,0,79.62416249999995
1650907800,71.585,72.66,71.25,72.6,,,,,,,0,0,0,0,0,0,79.56533749999996
1650979800,71.955,72.05,70.39,70.52,,,,,,,0,0,0,0,0,0,79.49221249999997
1650994200,70.505,70.965,69.875,69.875,,,,,,,0,0,0,0,0,0,79.42561249999996
1651066200,70.555,72.305,70.535,71.925,,,,,,,0,0,0,0,0,0,79.36663749999995
1651080600,71.935,72.08,70.805,70.945,,,,,,,0,0,0,0,0,0,79.30146249999996
1651152600,72.05,73.625,71.68,73.56,,,,,,,0,0,0,0,0,0,79.25928749999997
1651167000,73.585,74.205,73.45,73.83,,,,,,,0,0,0,0,0,0,79.21563749999996
1651239000,72.98,73.83,71.86,72.065,,,,,,,0,0,0,0,0,0,79.15868749999996
1651253400,72.09,72.255,70.5775,70.735,,,,,,,0,0,0,0,0,0,79.09556249999996
1651498200,70.695,71.525,70.245,70.33,,,,,,,0,0,0,0,0,0,79.01611249999996
1651512600,70.37,71.875,69.83,71.83,,,,,,,0,0,0,0,0,0,78.94398749999996
1651584600,71.81,72.275,71.25,72.095,,,,,,,0,0,0,0,0,0,78.87311249999995
1651599000,72.08,72.345,71.41,71.92,,,,,,,0,0,0,0,0,0,78.79953749999996
1651671000,72.14,72.33,70.995,72.12,,,,,,,0,0,0,0,0,0,78.72883749999997
1651685400,72.115,74.565,71.23,74.46,,,,,,,0,0,0,0,0,0,78.67251249999995
1651757400,73.345,73.43,70.63,71.055,,,,,,,0,0,0,0,0,0,78.59276249999996
1651771800,71.025,71.265,70.01,70.93,,,,,,,0,0,0,0,0,0,78.51006249999996
1651843800,70.225,71.405,69.23,70.75,,,,,,,0,0,0,0,0,0,78.43048749999996
1651858200,70.735,70.91,69.54,70.305,,,,,,,0,0,0,0,0,0,78.35138749999996
1652103000,69.005,69.455,67.645,68.125,,,,,,,0,0,0,0,0,0,78.27143749999996
1652117400,68.15,68.305,67.255,67.635,,,,,,,0,0,0,0,0,0,78.18601249999996
1652189400,69.18,69.435,67.585,68.555,,,,,,,0,0,0,0,0,0,78.10706249999996
1652203800,68.585,69.56,68.505,68.585,,,,,,,0,0,0,0,0,0,78.01511249999996
1652275800,67.995,69.255,67.11,67.175,,,,,,,0,0,0,0,0,0,77.92581249999995
1652290200,67.17,67.39,66.225,66.44,,,,,,,0,0,0,0,0,0,77.83533749999997
1652362200,65.445,66.7,64.745,65.22,,,,,,,0,0,0,0,0,0,77.74026249999996
1652376600,65.185,65.805,64.215,65.775,,,,,,,0,0,0,0,0,0,77.64961249999996
1652448600,66.63,68.26,66.21,67.8,,,,,,,0,0,0,0,0,0,77.57681249999997
1652463000,67.825,68.19,67.04,67.89,,,,,,,0,0,0,0,0,0,77.50231249999997
1652707800,67.42,67.83,66.77,67.795,,,,,,,0,0,0,0,0,0,77.42006249999997
1652722200,67.805,68.235,67.16,67.365,,,,,,,0,0,0,0,0,0,77.33253749999996
1652794200,68.825,69.16,68,68.82,,,,,,,0,0,0,0,0,0,77.24928749999997
1652808600,68.82,69.385,68.28,69.31,,,,,,,0,0,0,0,0,0,77.16591249999996
1652880600,68.27,68.535,66.515,66.58,,,,,,,0,0,0,0,0,0,77.06583749999996
1652895000,66.565,66.695,65.865,66.14,,,,,,,0,0,0,0,0,0,76.96426249999995
1652967000,65.61,66.505,65.085,65.495,,,,,,,0,0,0,0,0,0,76.85176249999995
1652981400,65.51,66.355,65.27,65.38,,,,,,,0,0,0,0,0,0,76.73693749999995
1653053400,66.27,66.47,63.55,63.55,,,,,,,0,0,0,0,0,0,76.61521249999994
1653067800,63.535,65.605,63.525,65.505,,,,,,,0,0,0,0,0,0,76.50331249999995
1653312600,65.775,67.12,65.53,66.6,,,,,,,0,0,0,0,0,0,76.39758749999994
1653327000,66.575,67.07,66.525,66.985,,,,,,,0,0,0,0,0,0,76.29286249999994
1653399000,66.13,66.42,64.895,65.495,,,,,,,0,0,0,0,0,0,76.18063749999995
1653413400,65.485,66.385,65.37,66.08,,,,,,,0,0,0,0,0,0,76.07408749999995
1653485400,65.605,66.66,65.565,66.095,,,,,,,0,0,0,0,0,0,75.96848749999995
1653499800,66.085,67.3,65.85,66.8,,,,,,,0,0,0,0,0,0,75.86778749999995
1653571800,66.385,68.69,66.285,68.41,,,,,,,0,0,0,0,0,0,75.77233749999996
1653586200,68.415,68.71,68.2,68.375,,,,,,,0,0,0,0,0,0,75.67536249999995
1653658200,69.19,70.375,69.19,70.205,,,,,,,0,0,0,0,0,0,75.59413749999995
1653672600,70.215,70.74,70.09,70.71,,,,,,,0,0,0,0,0,0,75.51348749999995
1654003800,70.46,70.91,69.545,70.465,,,,,,,0,0,0,0,0,0,75.43713749999995
1654018200,70.465,70.875,70.045,70.275,,,,,,,0,0,0,0,0,0,75.36783749999996
1654090200,70.97,71.45,69.5,69.8,,,,,,,0,0,0,0,0,0,75.29771249999995
1654104600,69.77,70.605,69.67,70.01,,,,,,,0,0,0,0,0,0,75.22906249999996
1654176600,69.5,71.16,69.21,71.105,,,,,,,0,0,0,0,0,0,75.16923749999995
1654191000,71.095,71.71,71.055,71.71,,,,,,,0,0,0,0,0,0,75.11316249999996
1654263000,70.35,70.835,69.67,70.125,,,,,,,0,0,0,0,0,0,75.05496249999995
1654277400,70.11,70.28,69.76,69.985,,,,,,,0,0,0,0,0,0,74.98996249999996
1654522200,70.875,71.315,69.79,70.025,,,,,,,0,0,0,0,0,0,74.92118749999995
1654536600,70.015,70.435,69.655,69.975,,,,,,,0,0,0,0,0,0,74.85108749999996
1654608600,69.255,70.685,69.11,70.54,,,,,,,0,0,0,0,0,0,74.78153749999996
1654623000,70.53,70.97,70.415,70.81,,,,,,,0,0,0,0,0,0,74.71378749999995
1654695000,70.625,70.965,69.965,70.045,,,,,,,0,0,0,0,0,0,74.64798749999996
1654709400,70.02,70.26,69.835,70.06,,,,,,,0,0,0,0,0,0,74.58716249999996
1654781400,69.525,70.2,69.38,69.685,,,,,,,0,0,0,0,0,0,74.52551249999996
1654795800,69.625,69.685,68.155,68.165,,,,,,,0,0,0,0,0,0,74.45196249999995
1654867800,66.99,67.2,65.63,65.955,,,,,,,0,0,0,0,0,0,74.37626249999995
1654882200,65.955,66.41,65.525,65.545,,,,,,,0,0,0,0,0,0,74.29956249999995
1655127000,63.48,64.08,62.94,63.295,,,,,,,0,0,0,0,0,0,74.21048749999996
1655141400,63.315,63.705,62.41,62.665,,,,,,,0,0,0,0,0,0,74.12498749999996
1655213400,63.11,63.455,62.545,63.23,,,,,,,0,0,0,0,0,0,74.03803749999996
1655227800,63.18,63.31,62.45,63.04,,,,,,,0,0,0,0,0,0,73.95966249999996
1655299800,63.82,64.17,63.61,63.905,,,,,,,0,0,0,0,0,0,73.88863749999996
1655314200,63.905,65.315,62.965,64.38,,,,,,,0,0,0,0,0,0,73.82466249999996
1655386200,62.73,62.775,61.58,62.035,,,,,,,0,0,0,0,0,0,73.76086249999996
1655400600,62.015,62.105,61.235,61.7775,,,,,,,0,0,0,0,0,0,73.68182499999995
1655472600,61.735,62.9,61.3,62.675,,,,,,,0,0,0,0,0,0,73.61589999999995
1655487000,62.685,62.85,62.215,62.3,,,,,,,0,0,0,0,0,0,73.54849999999996
1655818200,63.055,64.18,63.055,63.82,,,,,,,0,0,0,0,0,0,73.47769999999996
1655832600,63.835,63.995,63.63,63.73,,,,,,,0,0,0,0,0,0,73.41567499999995
1655904600,63.035,64.335,62.86,63.96,,,,,,,0,0,0,0,0,0,73.35799999999996
1655919000,63.965,64.265,63.37,63.445,,,,,,,0,0,0,0,0,0,73.29669999999996
1655991000,64.005,64.425,63.42,63.615,,,,,,,0,0,0,0,0,0,73.22624999999995
1656005400,63.615,64.53,63.535,64.405,,,,,,,0,0,0,0,0,0,73.15334999999996
1656077400,65.15,66.355,65.145,66.02,,,,,,,0,0,0,0,0,0,73.08307499999997
1656091800,65.99,66.74,65.895,66.74,,,,,,,0,0,0,0,0,0,73.01189999999995
1656336600,66.94,67.14,66.07,66.48,,,,,,,0,0,0,0,0,0,72.94072499999997
1656351000,66.475,66.515,65.985,66.27,,,,,,,0,0,0,0,0,0,72.86609999999996
1656423000,66.335,66.995,64.7,64.94,,,,,,,0,0,0,0,0,0,72.78399999999996
1656437400,64.885,64.995,64.26,64.3,,,,,,,0,0,0,0,0,0,72.69629999999997
1656509400,64.21,64.805,63.69,64.245,,,,,,,0,0,0,0,0,0,72.61527499999997
1656523800,64.245,64.655,64.17,64.41,,,,,,,0,0,0,0,0,0,72.53994999999996
1656595800,63.565,64.36,62.555,63.935,,,,,,,0,0,0,0,0,0,72.46009999999997
1656610200,63.95,64.26,63.15,63.575,,,,,,,0,0,0,0,0,0,72.37904999999996
1656682200,63.205,63.865,62.615,62.995,,,,,,,0,0,0,0,0,0,72.29477499999996
1656696600,63,63.79,62.99,63.68,,,,,,,0,0,0,0,0,0,72.21662499999996
1657027800,62.84,63.77,62.49,63.715,,,,,,,0,0,0,0,0,0,72.13529999999996
1657042200,63.735,64.515,63.64,64.495,,,,,,,0,0,0,0,0,0,72.05667499999996
1657114200,64.645,65.055,64.325,64.805,,,,,,,0,0,0,0,0,0,71.97252499999996
1657128600,64.8,65.58,64.62,65.065,,,,,,,0,0,0,0,0,0,71.88769999999995
1657200600,65.45,66.28,65.385,66.125,,,,,,,0,0,0,0,0,0,71.81659999999997
1657215000,66.135,66.55,66.115,66.375,,,,,,,0,0,0,0,0,0,71.74917499999997
1657287000,65.695,66.645,65.49,66.16,,,,,,,0,0,0,0,0,0,71.68619999999996
1657301400,66.175,66.61,66.1,66.45,,,,,,,0,0,0,0,0,0,71.63122499999997
1657546200,65.805,65.995,65.08,65.985,,,,,,,0,0,0,0,0,0,71.57294999999996
1657560600,65.97,66.145,65.365,65.525,,,,,,,0,0,0,0,0,0,71.51357499999996
1657632600,65.76,66.135,64.875,65.265,,,,,,,0,0,0,0,0,0,71.44457499999997
1657647000,65.275,65.39,64.25,64.635,,,,,,,0,0,0,0,0,0,71.37052499999997
1657719000,63.36,64.87,63.135,64.59,,,,,,,0,0,0,0,0,0,71.30124999999997
1657733400,64.59,64.79,64.27,64.445,,,,,,,0,0,0,0,0,0,71.22654999999996
1657805400,63.815,64.535,63.12,64.515,,,,,,,0,0,0,0,0,0,71.16064999999996
1657819800,64.51,65.275,64.4,65.045,,,,,,,0,0,0,0,0,0,71.10074999999996
1657891800,65.67,66.18,65.4,65.885,,,,,,,0,0,0,0,0,0,71.05132499999996
1657906200,65.875,66.215,65.765,66.17,,,,,,,0,0,0,0,0,0,71.00104999999996
1658151000,66.84,67.08,66.61,66.73,,,,,,,0,0,0,0,0,0,70.95867499999997
1658165400,66.73,66.74,65.305,65.545,,,,,,,0,0,0,0,0,0,70.90877499999996
1658237400,66.27,67.175,65.885,67.135,,,,,,,0,0,0,0,0,0,70.87139999999995
1658251800,67.135,67.615,67.135,67.505,,,,,,,0,0,0,0,0,0,70.84064999999995
1658323800,67.565,68.89,67.39,68.335,,,,,,,0,0,0,0,0,0,70.81499999999996
1658338200,68.29,68.795,68.14,68.61,,,,,,,0,0,0,0,0,0,70.77739999999996
1658410200,68.69,69.45,67.98,69.245,,,,,,,0,0,0,0,0,0,70.73927499999995
1658424600,69.255,69.58,69.065,69.57,,,,,,,0,0,0,0,0,0,70.70124999999996
1658496600,69.51,69.82,68.36,68.42,,,,,,,0,0,0,0,0,0,70.66127499999995
1658511000,68.385,68.65,68.215,68.63,74.55093548387093,37.275467741935465,,,,,0,0,0,0,0,0,70.61939999999996
1658755800,68.58,68.585,67.665,68.18,74.55093548387093,37.275467741935465,,,,,0,0,0,0,0,0,70.58364999999995
1658770200,68.1925,68.23,67.725,68.17,74.43774193548384,37.21887096774192,,,,,0,0,0,0,0,0,70.54707499999995
1658842200,68.07,68.13,66.93,67.28,74.43774193548384,37.21887096774192,,,,,0,0,0,0,0,0,70.49739999999994
1658856600,67.25,67.345,66.83,67.055,74.30632258064513,37.153161290322565,,,,,0,0,0,0,0,0,70.44699999999995
1658928600,68.175,69.195,68.085,68.85,74.30632258064513,37.153161290322565,,,,,0,0,0,0,0,0,70.40627499999994
1658943000,68.865,70.32,68.745,69.92,74.20190322580642,37.10095161290321,,,,,0,0,0,0,0,0,70.37479999999994
1659015000,70.045,70.74,69.4425,70.735,74.20190322580642,37.10095161290321,,,,,0,0,0,0,0,0,70.35362499999994
1659029400,70.73,71.18,70.715,71.005,74.11348387096771,37.056741935483856,,,,,0,0,0,0,0,0,70.33447499999994
1659101400,71.275,72.01,70.95,71.75,74.11348387096771,37.056741935483856,,,,,0,0,0,0,0,0,70.32802499999994
1659115800,71.75,72.33,71.75,72.115,74.01761290322577,37.008806451612884,,,,,0,0,0,0,0,0,70.32774999999994
1659360600,71.5,72.67,71.285,71.795,74.01761290322577,37.008806451612884,,,,,0,0,0,0,0,0,70.32082499999994
1659375000,71.825,72.155,71.58,71.94,73.93664516129029,36.96832258064514,,,,,0,0,0,0,0,0,70.32167499999996
1659447000,71.335,72.265,70.835,71.775,73.93664516129029,36.96832258064514,,,,,0,0,0,0,0,0,70.30759999999994
1659461400,71.75,71.84,71.34,71.455,73.85603225806447,36.92801612903224,,,,,0,0,0,0,0,0,70.29167499999994
1659533400,71.8,73.395,71.78,73.35,73.85603225806447,36.92801612903224,,,,,0,0,0,0,0,0,70.29529999999994
1659547800,73.355,73.55,73.25,73.355,73.79512903225803,36.897564516129016,,,,,0,0,0,0,0,0,70.29549999999993
1659619800,73.295,73.61,72.85,73.44,73.79512903225803,36.897564516129016,,,,,0,0,0,0,0,0,70.29727499999994
1659634200,73.44,73.715,73.3,73.675,73.72287096774191,36.861435483870956,,,,,0,0,0,0,0,0,70.30552499999993
1659706200,72.5,73.71,72.475,73.37,73.72287096774191,36.861435483870956,,,,,0,0,0,0,0,0,70.31827499999993
1659720600,73.385,73.56,73.085,73.52,73.64235483870965,36.821177419354825,,,,,0,0,0,0,0,0,70.33237499999993
1659965400,73.445,74.01,72.605,72.815,73.64235483870965,36.821177419354825,,,,,0,0,0,0,0,0,70.33572499999993
1659979800,72.805,72.9425,72.49,72.875,73.55470967741932,36.77735483870966,,,,,0,0,0,0,0,0,70.33477499999992
1660051800,72.29,72.425,71.77,72.03,73.55470967741932,36.77735483870966,,,,,0,0,0,0,0,0,70.32487499999992
1660066200,72.02,72.32,71.875,72.155,73.45038709677416,36.72519354838708,,,,,0,0,0,0,0,0,70.30839999999992
1660138200,73.7525,74.04,73.29,73.785,73.45038709677416,36.72519354838708,,,,,0,0,0,0,0,0,70.29977499999993
1660152600,73.785,74.185,73.725,74.13,73.36174193548383,36.68087096774192,,,,,0,0,0,0,0,0,70.29027499999992
1660224600,74.59,75.005,74.035,74.31,73.36174193548383,36.68087096774192,,,,,0,0,0,0,0,0,70.27677499999993
1660239000,74.305,74.345,73.7,73.825,73.27074193548384,36.63537096774192,,,,,0,0,0,0,0,0,70.25827499999993
1660311000,74.295,74.945,74.12,74.94,73.27074193548384,36.63537096774192,,,,,0,0,0,0,0,0,70.25102499999993
1660325400,74.94,75.305,74.925,75.285,73.19296774193545,36.596483870967724,,,,,0,0,0,0,0,0,70.24124999999992
1660570200,74.975,75.735,74.975,75.6825,73.19296774193545,36.596483870967724,,,,,0,0,0,0,0,0,70.22838749999993
1660584600,75.675,75.88,75.58,75.78,73.12099999999997,36.56049999999998,,,,,0,0,0,0,0,0,70.21536249999993
1660656600,75.46,75.71,74.87,75.58,73.12099999999997,36.56049999999998,,,,,0,0,0,0,0,0,70.20541249999992
1660671000,75.595,75.93,75.15,75.58,73.04238709677416,36.52119354838708,,,,,0,0,0,0,0,0,70.19756249999992
1660743000,74.885,75.25,74.495,74.97,73.04238709677416,36.52119354838708,,,,,0,0,0,0,0,0,70.18042499999993
1660757400,74.96,75.6,74.855,75.055,72.96629032258062,36.48314516129031,,,,,0,0,0,0,0,0,70.15992499999992
1660829400,75.11,75.655,74.82,75.515,72.96629032258062,36.48314516129031,,,,,0,0,0,0,0,0,70.14482499999993
1660843800,75.515,75.72,75.335,75.445,72.90993548387094,36.45496774193547,,,,,0,0,0,0,0,0,70.12667499999992
1660915800,74.805,74.9,73.9775,74.09,72.90993548387094,36.45496774193547,,,,,0,0,0,0,0,0,70.10094999999993
1660930200,74.085,74.185,73.89,74.05,72.84748387096772,36.42374193548386,,,,,0,0,0,0,0,0,70.07082499999993
1661175000,73.045,73.065,72.22,72.24,72.84748387096772,36.42374193548386,,,,,0,0,0,0,0,0,70.02752499999993
1661189400,72.225,72.225,71.815,72.01,72.77667741935481,36.388338709677406,,,,,0,0,0,0,0,0,69.97882499999993
1661261400,71.85,72.555,71.75,72.125,72.77667741935481,36.388338709677406,,,,,0,0,0,0,0,0,69.93399999999991
1661275800,72.11,72.15,71.705,71.79,72.70454838709675,36.352274193548375,,,,,0,0,0,0,0,0,69.88967499999991
1661347800,71.75,72.15,71.445,71.675,72.70454838709675,36.352274193548375,,,,,0,0,0,0,0,0,69.84679999999992
1661362200,71.68,72.06,71.67,71.845,72.62629032258063,36.313145161290315,,,,,0,0,0,0,0,0,69.80882499999991
1661434200,72.03,72.725,71.94,72.395,72.62629032258063,36.313145161290315,,,,,0,0,0,0,0,0,69.77847499999993
1661448600,72.415,73.065,72.375,73.035,72.55332258064513,36.276661290322565,,,,,0,0,0,0,0,0,69.74757499999993
1661520600,73.03,73.2,70.8,70.88,72.55332258064513,36.276661290322565,,,,,0,0,0,0,0,0,69.70017499999993
1661535000,70.865,70.865,69.895,69.925,72.47432258064514,36.23716129032257,,,,,0,0,0,0,0,0,69.64604999999992
1661779800,69.185,69.675,68.75,69.33,72.47432258064514,36.23716129032257,,,,,0,0,0,0,0,0,69.59549999999992
1661794200,69.34,69.635,68.965,69.015,72.38487096774192,36.19243548387096,,,,,0,0,0,0,0,0,69.54532499999992
1661866200,69.43,69.505,67.78,67.895,72.38487096774192,36.19243548387096,,,,,0,0,0,0,0,0,69.50027499999992
1661880600,67.86,68.44,67.68,68.285,72.3036129032258,36.1518064516129,,,,,0,0,0,0,0,0,69.45654999999992
1661952600,68.705,68.92,67.81,67.895,72.3036129032258,36.1518064516129,,,,,0,0,0,0,0,0,69.41149999999992
1661967000,67.895,68.2375,67.595,67.62,72.22535483870966,36.11267741935483,,,,,0,0,0,0,0,0,69.36304999999992
1662039000,66.97,67.03,65.89,66.45,72.22535483870966,36.11267741935483,,,,,0,0,0,0,0,0,69.3119749999999
1662053400,66.44,67.385,66.205,67.325,72.1516129032258,36.0758064516129,,,,,0,0,0,0,0,0,69.26744999999991
1662125400,68.005,68.38,66.61,66.65,72.1516129032258,36.0758064516129,,,,,0,0,0,0,0,0,69.22702499999991
1662139800,66.63,66.805,66.08,66.43,72.08232258064515,36.04116129032258,,,,,0,0,0,0,0,0,69.18769999999991
1662471000,66.52,66.8,65.55,65.835,72.08232258064515,36.04116129032258,,,,,0,0,0,0,0,0,69.14344999999992
1662485400,65.845,66.23,65.72,66.015,72.00761290322579,36.003806451612896,,,,,0,0,0,0,0,0,69.10359999999991
1662557400,66.115,66.655,65.905,66.445,72.00761290322579,36.003806451612896,,,,,0,0,0,0,0,0,69.06109999999991
1662571800,66.465,67.31,66.465,67.0325,71.95129032258063,35.975645161290316,,,,,0,0,0,0,0,0,69.02068749999991
1662643800,66.525,67.615,66.245,67,71.95129032258063,35.975645161290316,,,,,0,0,0,0,0,0,68.9861624999999
1662658200,66.995,67.275,66.7475,67.27,71.89358064516128,35.94679032258064,,,,,0,0,0,0,0,0,68.9557624999999
1662730200,67.805,68.62,67.71,68.575,71.89358064516128,35.94679032258064,,,,,0,0,0,0,0,0,68.93211249999992
1662744600,68.575,68.78,68.46,68.61,71.8478387096774,35.9239193548387,,,,,0,0,0,0,0,0,68.9072874999999
1662989400,69.1,69.645,69.015,69.61,71.8478387096774,35.9239193548387,,,,,0,0,0,0,0,0,68.88316249999991
1663003800,69.62,69.73,69.41,69.71,71.7878387096774,35.8939193548387,,,,,0,0,0,0,0,0,68.85696249999992
1663075800,67.71,68.09,66.805,67.17,71.7878387096774,35.8939193548387,,,,,0,0,0,0,0,0,68.81686249999991
1663090200,67.155,67.185,65.825,66.0175,71.69116129032257,35.845580645161284,,,,,0,0,0,0,0,0,68.77257499999992
1663162200,66.315,66.725,65.855,66.305,71.69116129032257,35.845580645161284,,,,,0,0,0,0,0,0,68.73037499999991
1663176600,66.31,66.35,65.61,66.265,71.59467741935482,35.79733870967741,,,,,0,0,0,0,0,0,68.69379999999991
1663248600,65.68,66.11,64.625,65.395,71.59467741935482,35.79733870967741,,,,,0,0,0,0,0,0,68.65869999999991
1663263000,65.38,65.41,64.325,64.695,71.48409677419353,35.742048387096766,,,,,0,0,0,0,0,0,68.6242999999999
1663335000,64.11,64.25,63.45,63.725,71.48409677419353,35.742048387096766,,,,,0,0,0,0,0,0,68.58494999999992
1663349400,63.72,64.4875,63.655,64.345,71.38651612903224,35.69325806451612,,,,,0,0,0,0,0,0,68.54367499999995
1663594200,63.6075,64.52,63.52,64.305,71.38651612903224,35.69325806451612,,,,,0,0,0,0,0,0,68.51259999999995
1663608600,64.305,64.78,64.045,64.725,71.2892258064516,35.6446129032258,,,,,0,0,0,0,0,0,68.48684999999995
1663680600,64.125,64.745,63.93,64.06,71.2892258064516,35.6446129032258,,,,,0,0,0,0,0,0,68.44752499999996
1663695000,64.06,64.62,63.785,64.365,71.19290322580643,35.596451612903216,,,,,0,0,0,0,0,0,68.41462499999996
1663767000,64.635,64.995,64.6,64.805,71.19290322580643,35.596451612903216,,,,,0,0,0,0,0,0,68.37084999999996
1663781400,64.825,65.615,63.33,63.34,71.08377419354838,35.54188709677419,,,,,0,0,0,0,0,0,68.31839999999995
1663853400,62.98,63.275,62.335,62.675,71.08377419354838,35.54188709677419,,,,,0,0,0,0,0,0,68.27144999999996
1663867800,62.67,63.38,62.46,62.69,70.95899999999999,35.479499999999994,,,,,0,0,0,0,0,0,68.23122499999995
1663939800,62.095,62.21,61.4,61.535,70.95899999999999,35.479499999999994,,,,,0,0,0,0,0,0,68.18724999999996
1663954200,61.525,61.915,61.055,61.9025,70.84277419354838,35.42138709677419,,,,,0,0,0,0,0,0,68.13761249999996
1664199000,61.72,62.71,61.37,61.4775,70.84277419354838,35.42138709677419,,,,,0,0,0,0,0,0,68.08452499999997
1664213400,61.47,61.94,61.265,61.45,70.73951612903225,35.36975806451613,,,,,0,0,0,0,0,0,68.03217499999997
1664285400,62.26,62.84,60.95,61.225,70.73951612903225,35.36975806451613,,,,,0,0,0,0,0,0,67.97769999999996
1664299800,61.195,61.69,61.0225,61.545,70.63693548387096,35.31846774193548,,,,,0,0,0,0,0,0,67.91312499999997
1664371800,61.13,61.945,60.65,61.83,70.63693548387096,35.31846774193548,,,,,0,0,0,0,0,0,67.86699999999996
1664386200,61.795,62.465,61.59,62.125,70.5254193548387,35.26270967741935,,,,,0,0,0,0,0,0,67.82297499999996
1664458200,61.27,61.42,60.17,60.295,70.5254193548387,35.26270967741935,,,,,0,0,0,0,0,0,67.77069999999995
1664472600,60.29,60.595,59.835,60.55,70.40396774193547,35.20198387096774,,,,,0,0,0,0,0,0,67.72192499999996
1664544600,60.305,61.205,60.235,60.42,70.40396774193547,35.20198387096774,,,,,0,0,0,0,0,0,67.68339999999996
1664559000,60.425,60.445,59.365,59.4725,70.29035483870966,35.14517741935483,,,,,0,0,0,0,0,0,67.64258749999996
1664803800,59.865,61.035,59.635,61,70.29035483870966,35.14517741935483,,,,,0,0,0,0,0,0,67.60481249999997
1664818200,61.02,61.595,61.0025,61.23,70.1936451612903,35.09682258064515,,,,,0,0,0,0,0,0,67.56803749999996
1664890200,62.47,63.35,62.46,62.875,70.1936451612903,35.09682258064515,,,,,0,0,0,0,0,0,67.54653749999996
1664904600,62.88,63.305,62.835,63.285,70.11474193548385,35.057370967741925,,,,,0,0,0,0,0,0,67.53076249999997
1664976600,62.42,63.52,62.065,63.3775,70.11474193548385,35.057370967741925,,,,,0,0,0,0,0,0,67.52154999999998
1664991000,63.37,63.955,63.145,63.56,70.04938709677417,35.024693548387084,,,,,0,0,0,0,0,0,67.51047499999997
1665063000,63.33,64.025,63.035,63.5,70.04938709677417,35.024693548387084,,,,,0,0,0,0,0,0,67.48897499999997
1665077400,63.48,63.485,62.905,62.97,69.9644516129032,34.9822258064516,,,,,0,0,0,0,0,0,67.46437499999996
1665149400,61.69,61.77,60.43,60.53,69.9644516129032,34.9822258064516,,,,,0,0,0,0,0,0,67.42804999999997
1665163800,60.51,60.635,60.06,60.39,69.85612903225804,34.92806451612902,,,,,0,0,0,0,0,0,67.39317499999997
1665408600,60.385,60.485,58.78,59.08,69.85612903225804,34.92806451612902,,,,,0,0,0,0,0,0,67.34447499999996
1665423000,59.0725,59.82,59.065,59.385,69.74216129032256,34.87108064516128,,,,,0,0,0,0,0,0,67.29484999999995
1665495000,59.03,59.435,58.2,58.99,69.74216129032256,34.87108064516128,,,,,0,0,0,0,0,0,67.25689999999996
1665509400,58.995,59.18,58.03,58.475,69.63225806451611,34.816129032258054,,,,,0,0,0,0,0,0,67.21857499999996
1665581400,58.495,58.9025,58.18,58.62,69.63225806451611,34.816129032258054,,,,,0,0,0,0,0,0,67.18419999999996
1665595800,58.635,58.7875,58.26,58.28,69.51064516129028,34.75532258064514,,,,,0,0,0,0,0,0,67.14869999999996
1665667800,56.705,60.22,56.485,59.925,69.51064516129028,34.75532258064514,,,,,0,0,0,0,0,0,67.13057499999996
1665682200,59.94,60.4025,59.65,60.085,69.40664516129029,34.70332258064514,,,,,0,0,0,0,0,0,67.10347499999997
1665754200,60.585,60.71,58.57,58.795,69.40664516129029,34.70332258064514,,,,,0,0,0,0,0,0,67.06444999999997
1665768600,58.775,58.93,58.305,58.435,69.30035483870964,34.65017741935482,,,,,0,0,0,0,0,0,67.02169999999997
1666013400,59.8,60.48,59.67,60.095,69.30035483870964,34.65017741935482,,,,,0,0,0,0,0,0,66.99469999999997
1666027800,60.1,60.315,60.055,60.165,69.22322580645158,34.61161290322579,,,,,0,0,0,0,0,0,66.96512499999997
1666099800,61.715,61.94,59.99,60.765,69.22322580645158,34.61161290322579,,,,,0,0,0,0,0,0,66.93847499999997
1666114200,60.7275,61.045,59.92,60.7,69.15164516129029,34.575822580645145,,,,,0,0,0,0,0,0,66.90797499999996
1666186200,60.16,61.09,59.905,60.125,69.15164516129029,34.575822580645145,,,,,0,0,0,0,0,0,66.86654999999996
1666200600,60.105,60.5475,59.99,60.53,69.06061290322577,34.53030645161289,,,,,0,0,0,0,0,0,66.82732499999996
1666272600,60.515,61.84,60.515,60.82,69.06061290322577,34.53030645161289,,,,,0,0,0,0,0,0,66.78039999999996
1666287000,60.815,60.815,60.255,60.54,68.97822580645159,34.489112903225795,,,,,0,0,0,0,0,0,66.72954999999996
1666359000,60.36,61.685,60.195,61.605,68.97822580645159,34.489112903225795,,,,,0,0,0,0,0,0,66.68524999999995
1666373400,61.6,62.2975,61.58,62.185,68.91461290322577,34.45730645161289,,,,,0,0,0,0,0,0,66.64479999999996
1666618200,62.435,62.895,61.675,62.555,68.91461290322577,34.45730645161289,,,,,0,0,0,0,0,0,66.60857499999996
1666632600,62.535,63.26,62.49,63,68.86516129032256,34.43258064516128,,,,,0,0,0,0,0,0,66.57352499999996
1666704600,63.185,64.125,63.185,63.875,68.86516129032256,34.43258064516128,,,,,0,0,0,0,0,0,66.53737499999997
1666719000,63.875,64.275,63.785,64.245,68.80816129032256,34.40408064516128,,,,,0,0,0,0,0,0,66.50004999999996
1666791000,62.66,64.13,62.52,62.93,68.80816129032256,34.40408064516128,,,,,0,0,0,0,0,0,66.46407499999995
1666805400,62.94,63.26,62.725,62.815,68.72661290322577,34.363306451612885,,,,,0,0,0,0,0,0,66.42822499999996
1666877400,63.15,63.425,62.09,62.28,68.72661290322577,34.363306451612885,,,,,0,0,0,0,0,0,66.38949999999996
1666891800,62.295,62.32,61.95,62.13,68.63699999999997,34.318499999999986,,,,,0,0,0,0,0,0,66.35027499999995
1666963800,62.435,64.7,62.435,64.605,68.63699999999997,34.318499999999986,,,,,0,0,0,0,0,0,66.3206
1666978200,64.605,64.92,64.505,64.785,68.55477419354837,34.277387096774184,,,,,0,0,0,0,0,0,66.290475
1667223000,64.155,64.32,63.55,64.23,68.55477419354837,34.277387096774184,,,,,0,0,0,0,0,0,66.26140000000001
1667237400,64.225,64.29,63.815,63.95,68.46890322580643,34.234451612903214,,,,,0,0,0,0,0,0,66.23085
1667309400,64.73,64.845,63.125,63.31,68.46890322580643,34.234451612903214,,,,,0,0,0,0,0,0,66.198975
1667323800,63.305,63.655,63.15,63.395,68.37241935483868,34.18620967741934,,,,,0,0,0,0,0,0,66.17512500000001
1667395800,63.38,63.44,62.565,62.745,68.37241935483868,34.18620967741934,,,,,0,0,0,0,0,0,66.159075
1667410200,62.76,64.165,61.19,61.19,68.26958064516127,34.134790322580635,,,,,0,0,0,0,0,0,66.13730000000001
1667482200,60.37,60.465,59.465,59.9,68.26958064516127,34.134790322580635,,,,,0,0,0,0,0,0,66.12032500000001
1667496600,59.885,59.995,59.365,59.41,68.14219354838708,34.07109677419354,,,,,0,0,0,0,0,0,66.10405
1667568600,60.6,60.81,59.14,59.34,68.14219354838708,34.07109677419354,,,,,0,0,0,0,0,0,66.0846
1667583000,59.35,60.52,59.11,60.49,68.02209677419351,34.01104838709676,,,,,0,0,0,0,0,0,66.07185
1667831400,60.6,60.96,60.175,60.87,68.02209677419351,34.01104838709676,,,,,0,0,0,0,0,0,66.056675
1667845800,60.9,61.605,60.79,61.51,67.90245161290319,33.951225806451596,,,,,0,0,0,0,0,0,66.04232499999999
1667917800,62.01,62.835,61.725,62.09,67.90245161290319,33.951225806451596,,,,,0,0,0,0,0,0,66.0426
1667932200,62.095,62.47,61.185,62.09,67.77564516129029,33.88782258064514,,,,,0,0,0,0,0,0,66.0441625
1668004200,61.54,61.545,60.845,60.89,67.77564516129029,33.88782258064514,,,,,0,0,0,0,0,0,66.0352375
1668018600,60.865,60.865,60.395,60.47,67.6454516129032,33.8227258064516,,,,,0,0,0,0,0,0,66.02608749999999
1668090600,63.495,64.56,63.145,64.46,67.6454516129032,33.8227258064516,,,,,0,0,0,0,0,0,66.02928750000005
1668105000,64.475,65.515,64.375,65.43,67.55503225806451,33.77751612903226,,,,,0,0,0,0,0,0,66.03778750000005
1668177000,65.375,66.515,65.075,66.5,67.55503225806451,33.77751612903226,,,,,0,0,0,0,0,0,66.05048750000005
1668191400,66.5025,66.78,66.315,66.6,67.47335483870968,33.73667741935484,,,,,0,0,0,0,0,0,66.06626250000005
1668436200,66.025,66.735,65.685,66.715,67.47335483870968,33.73667741935484,,,,,0,0,0,0,0,0,66.08176250000004
1668450600,66.72,66.8225,65.94,66,67.37829032258065,33.68914516129033,,,,,0,0,0,0,0,0,66.08973750000004
1668522600,67.495,67.755,66.52,66.59,67.37829032258065,33.68914516129033,,,,,0,0,0,0,0,0,66.09258750000005
1668537000,66.61,67.085,66.14,66.78,67.29935483870968,33.64967741935484,,,,,0,0,0,0,0,0,66.09278750000004
1668609000,66.285,66.48,65.62,66.165,67.29935483870968,33.64967741935484,,,,,0,0,0,0,0,0,66.09121250000004
1668623400,66.185,66.205,65.75,65.88,67.22658064516129,33.613290322580646,,,,,0,0,0,0,0,0,66.08926250000005
1668695400,64.84,66.265,64.82,66.17,67.22658064516129,33.613290322580646,,,,,0,0,0,0,0,0,66.09541250000005
1668709800,66.175,66.265,65.51,65.99,67.1535806451613,33.57679032258065,,,,,0,0,0,0,0,0,66.10386250000005
1668781800,66.725,66.725,65.49,65.865,67.1535806451613,33.57679032258065,,,,,0,0,0,0,0,0,66.11196250000005
1668796200,65.865,66.275,65.615,66.065,67.08803225806452,33.54401612903226,,,,,0,0,0,0,0,0,66.12023750000004
1669041000,65.635,65.92,65.21,65.49,67.08803225806452,33.54401612903226,,,,,0,0,0,0,0,0,66.12801250000004
1669055400,65.5,65.635,65.315,65.335,67.03029032258065,33.51514516129033,,,,,0,0,0,0,0,0,66.13681250000005
1669127400,65.625,66.2,65.155,66.18,67.03029032258065,33.51514516129033,,,,,0,0,0,0,0,0,66.15273750000004
1669141800,66.18,66.63,66.155,66.59,66.98283870967742,33.49141935483871,,,,,0,0,0,0,0,0,66.16728750000004
1669213800,66.495,67.39,66.42,66.865,66.98283870967742,33.49141935483871,,,,,0,0,0,0,0,0,66.18303750000004
1669228200,66.905,67.365,66.855,67.19,66.93151612903227,33.46575806451614,,,,,0,0,0,0,0,0,66.19651250000005
1669386600,66.735,67,66.615,66.795,66.88945161290323,33.444725806451615,,,,,0,0,0,0,0,0,66.20646250000006
1669645800,66.045,66.47,65.605,65.73,66.88945161290323,33.444725806451615,,,,,0,0,0,0,0,0,66.20978750000005
1669660200,65.725,65.735,65.11,65.35,66.83661290322581,33.41830645161291,,,,,0,0,0,0,0,0,66.20591250000005
1669732200,65.31,65.465,64.47,64.505,66.83661290322581,33.41830645161291,,,,,0,0,0,0,0,0,66.19656250000006
1669746600,64.505,64.96,64.49,64.74,66.77074193548388,33.38537096774194,,,,,0,0,0,0,0,0,66.18946250000005
1669818600,64.725,65.2,64.635,65.01,66.77074193548388,33.38537096774194,,,,,0,0,0,0,0,0,66.18226250000005
1669833000,65.005,67.98,64.875,67.96,66.72629032258067,33.36314516129033,,,,,0,0,0,0,0,0,66.19213750000006
1669905000,68.045,68.395,67.24,67.84,66.72629032258067,33.36314516129033,,,,,0,0,0,0,0,0,66.20371250000005
1669919400,67.865,68.35,67.83,68.075,66.69064516129035,33.345322580645174,,,,,0,0,0,0,0,0,66.21776250000005
1669991400,66.86,67.435,66.68,67.185,66.69064516129035,33.345322580645174,,,,,0,0,0,0,0,0,66.23051250000006
1670005800,67.195,67.905,67.08,67.68,66.6657419354839,33.33287096774195,,,,,0,0,0,0,0,0,66.24596250000006
1670250600,67.16,67.53,66.5,66.59,66.6657419354839,33.33287096774195,,,,,0,0,0,0,0,0,66.25668750000006
1670265000,66.6125,66.695,66.125,66.555,66.62664516129036,33.31332258064518,,,,,0,0,0,0,0,0,66.26688750000005
1670337000,66.535,66.585,65.12,65.1275,66.62664516129036,33.31332258064518,,,,,0,0,0,0,0,0,66.26730000000005
1670351400,65.135,65.285,64.71,65.135,66.59580645161293,33.297903225806465,,,,,0,0,0,0,0,0,66.26355000000005
1670423400,64.835,65.285,64.345,64.965,66.59580645161293,33.297903225806465,,,,,0,0,0,0,0,0,66.25752500000006
1670437800,64.945,64.965,64.61,64.805,66.55616129032262,33.27808064516131,,,,,0,0,0,0,0,0,66.24790000000006
1670509800,65.1925,65.93,64.77,65.87,66.55616129032262,33.27808064516131,,,,,0,0,0,0,0,0,66.24952500000006
1670524200,65.9,66.035,65.435,65.855,66.50503225806455,33.25251612903227,,,,,0,0,0,0,0,0,66.24312500000005
1670596200,65.6,66.37,65.225,66.0225,66.50503225806455,33.25251612903227,,,,,0,0,0,0,0,0,66.23571250000005
1670610600,66,66.135,65.415,65.45,66.47112903225809,33.235564516129045,,,,,0,0,0,0,0,0,66.22128750000006
1670855400,65.61,66.275,65.545,66.08,66.47112903225809,33.235564516129045,,,,,0,0,0,0,0,0,66.20863750000005
1670869800,66.095,66.88,66.07,66.87,66.43951612903228,33.21975806451614,,,,,0,0,0,0,0,0,66.19676250000006
1670941800,69.375,69.665,66.995,67.555,66.43951612903228,33.21975806451614,,,,,0,0,0,0,0,0,66.18668750000005
1670956200,67.59,67.87,67.14,67.67,66.41219354838712,33.20609677419356,,,,,0,0,0,0,0,0,66.18293750000005
1671028200,67.58,68.385,67.565,68.1025,66.41219354838712,33.20609677419356,,,,,0,0,0,0,0,0,66.18030000000005
1671042600,68.125,68.3925,66.33,67.095,66.36490322580649,33.18245161290324,,,,,0,0,0,0,0,0,66.17487500000006
1671114600,66.025,66.24,64.3875,64.49,66.36490322580649,33.18245161290324,,,,,0,0,0,0,0,0,66.15647500000006
1671129000,64.4725,64.91,64.35,64.6,66.32451612903228,33.16225806451614,,,,,0,0,0,0,0,0,66.14307500000005
1671201000,64.3,64.745,63.425,63.44,66.32451612903228,33.16225806451614,,,,,0,0,0,0,0,0,66.12500000000006
1671215400,63.435,64.165,63.415,63.74,66.28229032258066,33.14114516129033,,,,,0,0,0,0,0,0,66.09945000000005
1671460200,63.56,63.655,62.5275,62.755,66.28229032258066,33.14114516129033,,,,,0,0,0,0,0,0,66.06362500000006
1671474600,62.735,62.785,62.2975,62.735,66.25096774193551,33.125483870967756,,,,,0,0,0,0,0,0,66.02362500000005
1671546600,62.34,63.1,62.085,62.89,66.25096774193551,33.125483870967756,,,,,0,0,0,0,0,0,65.98305000000006
1671561000,62.905,63.05,62.695,62.81,66.21361290322584,33.10680645161292,,,,,0,0,0,0,0,0,65.93835000000007
1671633000,63.125,64.095,62.94,63.81,66.21361290322584,33.10680645161292,,,,,0,0,0,0,0,0,65.89682500000006
1671647400,63.81,64.14,63.675,63.85,66.19693548387099,33.098467741935494,,,,,0,0,0,0,0,0,65.85710000000006
1671719400,63.025,63.11,61.245,61.29,66.19693548387099,33.098467741935494,,,,,0,0,0,0,0,0,65.80385000000007
1671733800,61.29,62.315,61.18,62.24,66.17429032258066,33.08714516129033,,,,,0,0,0,0,0,0,65.75617500000007
1671805800,61.79,62.35,61.34,62.08,66.17429032258066,33.08714516129033,,,,,0,0,0,0,0,0,65.70930000000007
1671820200,62.11,62.32,61.9075,62.295,66.13796774193551,33.068983870967756,,,,,0,0,0,0,0,0,65.65402500000008
1672151400,62.14,62.175,61.355,61.785,66.13796774193551,33.068983870967756,,,,,0,0,0,0,0,0,65.59617500000007
1672165800,61.765,61.935,61.575,61.71,66.1017096774194,33.0508548387097,,,,,0,0,0,0,0,0,65.53752500000007
1672237800,61.58,62.12,60.82,61.2,66.1017096774194,33.0508548387097,,,,,0,0,0,0,0,0,65.47515000000007
1672252200,61.17,61.17,60.645,60.7,66.04645161290325,33.02322580645163,,,,,0,0,0,0,0,0,65.41180000000007
1672324200,61.34,62.48,61.31,62.3,66.04645161290325,33.02322580645163,,,,,0,0,0,0,0,0,65.35570000000007
1672338600,62.31,62.515,62.24,62.295,66.02190322580648,33.01095161290324,,,,,0,0,0,0,0,0,65.30310000000007
1672410600,61.61,61.9,61.275,61.56,66.02190322580648,33.01095161290324,,,,,0,0,0,0,0,0,65.24652500000006
1672425000,61.56,62.25,61.4275,62.22,66.00148387096776,33.00074193548388,,,,,0,0,0,0,0,0,65.19747500000007
1672756200,62.87,63.3,61.215,61.46,66.00148387096776,33.00074193548388,,,,,0,0,0,0,0,0,65.14400000000006
1672770600,61.48,61.77,61.2325,61.625,65.97632258064519,32.988161290322594,,,,,0,0,0,0,0,0,65.08320000000006
1672842600,61.95,62.17,61.125,61.9875,65.97632258064519,32.988161290322594,,,,,0,0,0,0,0,0,65.02248750000007
1672857000,61.995,62.145,61.225,61.79,65.94248387096776,32.97124193548388,,,,,0,0,0,0,0,0,64.95988750000006
1672929000,61.445,61.5,60.63,60.965,65.94248387096776,32.97124193548388,,,,,0,0,0,0,0,0,64.89558750000006
1672943400,60.985,61.12,60.49,60.58,65.90732258064517,32.953661290322586,,,,,0,0,0,0,0,0,64.82378750000007
1673015400,61.155,61.92,60.415,61.89,65.90732258064517,32.953661290322586,,,,,0,0,0,0,0,0,64.75681250000007
1673029800,61.895,62.6425,61.895,62.355,65.87864516129034,32.93932258064517,,,,,0,0,0,0,0,0,64.69017500000007
1673274600,62.9775,64.235,62.92,64.0725,65.87864516129034,32.93932258064517,,,,,0,0,0,0,0,0,64.63163750000007
1673289000,64.065,64.065,62.9275,63.075,65.84429032258066,32.92214516129033,,,,,0,0,0,0,0,0,64.56911250000006
1673361000,62.885,63.565,62.605,63.125,65.84429032258066,32.92214516129033,,,,,0,0,0,0,0,0,64.50683750000006
1673375400,63.085,63.4725,63.085,63.47,65.79751612903227,32.89875806451614,,,,,0,0,0,0,0,0,64.44933750000007
1673447400,63.68,64.325,63.49,64.2275,65.79751612903227,32.89875806451614,,,,,0,0,0,0,0,0,64.39520000000007
1673461800,64.2275,64.5775,64.055,64.565,65.76109677419356,32.88054838709678,,,,,0,0,0,0,0,0,64.34045000000006
1673533800,64.645,65.29,63.91,64.825,65.76109677419356,32.88054838709678,,,,,0,0,0,0,0,0,64.28735000000006
1673548200,64.835,65.35,64.68,65.065,65.72912903225807,32.864564516129036,,,,,0,0,0,0,0,0,64.24222500000006
1673620200,64.445,64.92,64.295,64.815,65.72912903225807,32.864564516129036,,,,,0,0,0,0,0,0,64.19605000000006
1673634600,64.815,65.3325,64.815,65.25,65.68741935483872,32.84370967741936,,,,,0,0,0,0,0,0,64.16110000000006
1673965800,65.155,65.925,65.075,65.54,65.68741935483872,32.84370967741936,,,,,0,0,0,0,0,0,64.12875000000007
1673980200,65.53,65.705,65.405,65.54,65.65867741935485,32.82933870967742,,,,,0,0,0,0,0,0,64.09582500000006
1674052200,65.88,66.26,64.855,65.005,65.65867741935485,32.82933870967742,,,,,0,0,0,0,0,0,64.06190000000007
1674066600,64.995,65.16,64.6575,64.705,65.62445161290324,32.81222580645162,,,,,0,0,0,0,0,0,64.02705000000006
1674138600,64.19,64.485,63.71,63.98,65.62445161290324,32.81222580645162,,,,,0,0,0,0,0,0,63.987725000000054
1674153000,64.0125,64.5325,63.9025,63.94,65.5799677419355,32.78998387096775,,,,,0,0,0,0,0,0,63.94545000000006
1674225000,64.26,65.01,64.035,64.84,65.5799677419355,32.78998387096775,,,,,0,0,0,0,0,0,63.904475000000055
1674239400,64.84,65.715,64.84,65.67,65.5518064516129,32.77590322580645,,,,,0,0,0,0,0,0,63.878425000000064
1674484200,65.935,67.5275,65.82,67.4175,65.5518064516129,32.77590322580645,,,,,0,0,0,0,0,0,63.86588750000006
1674498600,67.425,67.55,66.82,67.1825,65.5453548387097,32.77267741935485,,,,,0,0,0,0,0,0,63.85515000000006
1674570600,66.785,67.365,66.695,67.195,65.5453548387097,32.77267741935485,,,,,0,0,0,0,0,0,63.84605000000007
1674585000,67.17,67.33,66.83,67.135,65.55561290322582,32.77780645161291,,,,,0,0,0,0,0,0,63.842250000000064
1674657000,65.98,66.6675,65.395,66.665,65.55561290322582,32.77780645161291,,,,,0,0,0,0,0,0,63.834150000000065
1674671400,66.675,67.165,66.56,66.9825,65.58370967741936,32.79185483870968,,,,,0,0,0,0,0,0,63.82958750000007
1674743400,67.7,68,66.97,67.385,65.58370967741936,32.79185483870968,,,,,0,0,0,0,0,0,63.82841250000007
1674757800,67.405,68.095,67.4,68.06,65.6161612903226,32.8080806451613,,,,,0,0,0,0,0,0,63.83646250000006
1674829800,67.67,68.54,67.6,68.42,65.6161612903226,32.8080806451613,,,,,0,0,0,0,0,0,63.84193750000006
1674844200,68.44,68.83,68.31,68.335,65.64187096774195,32.820935483870976,,,,,0,0,0,0,0,0,63.85036250000005
1675089000,67.58,67.86,67.1,67.35,65.64187096774195,32.820935483870976,,,,,0,0,0,0,0,0,63.85496250000006
1675103400,67.32,67.34,66.9875,67.045,65.67606451612905,32.83803225806452,,,,,0,0,0,0,0,0,63.86101250000006
1675175400,67.045,67.64,67,67.535,65.67606451612905,32.83803225806452,,,,,0,0,0,0,0,0,63.86861250000006
1675189800,67.555,68.01,67.485,67.995,65.71264516129034,32.85632258064517,,,,,0,0,0,0,0,0,63.876362500000056
1675261800,67.945,68.155,67.695,68,65.71264516129034,32.85632258064517,,,,,0,0,0,0,0,0,63.881200000000064
1675276200,68.04,70.125,67.615,69.58,65.7503870967742,32.8751935483871,,,,,0,0,0,0,0,0,63.89410000000005
1675348200,70.75,71.455,70.445,71.38,65.7503870967742,32.8751935483871,,,,,0,0,0,0,0,0,63.91465000000006
1675362600,71.395,71.875,70.715,71.49,65.80212903225808,32.90106451612904,,,,,0,0,0,0,0,0,63.92922500000005
1675434600,70.175,72.045,70.145,71.115,65.80212903225808,32.90106451612904,,,,,0,0,0,0,0,0,63.941750000000056
1675449000,71.06,71.215,70.66,70.8825,65.84390322580647,32.921951612903236,,,,,0,0,0,0,0,0,63.948112500000065
1675693800,70.16,70.65,69.815,70.0575,65.84390322580647,32.921951612903236,,,,,0,0,0,0,0,0,63.94985000000006
1675708200,70.07,70.31,69.765,70.045,65.86516129032259,32.932580645161295,,,,,0,0,0,0,0,0,63.96422500000006
1675780200,70.14,71.865,70.14,70.725,65.86516129032259,32.932580645161295,,,,,0,0,0,0,0,0,63.98776250000006
1675794600,70.695,72.0325,70.15,71.77,65.90061290322582,32.95030645161291,,,,,0,0,0,0,0,0,64.01508750000006
1675866600,71.835,72.295,70.985,71.175,65.90061290322582,32.95030645161291,,,,,0,0,0,0,0,0,64.03963750000007
1675881000,71.095,71.285,70.765,70.905,65.94329032258065,32.971645161290326,,,,,0,0,0,0,0,0,64.06718750000006
1675953000,71.995,72.115,71.135,71.23,65.94329032258065,32.971645161290326,,,,,0,0,0,0,0,0,64.09986250000006
1675967400,71.235,71.385,70.24,70.555,65.98261290322581,32.99130645161291,,,,,0,0,0,0,0,0,64.13401250000007
1676039400,69.99,70.43,69.53,70.06,65.98261290322581,32.99130645161291,,,,,0,0,0,0,0,0,64.16258750000006
1676053800,70.035,70.2675,69.73,70.1775,66.0253870967742,33.0126935483871,,,,,0,0,0,0,0,0,64.19195000000006
1676298600,70.505,71.555,70.42,71.5,66.0253870967742,33.0126935483871,,,,,0,0,0,0,0,0,64.22582500000007
1676313000,71.51,71.56,71.075,71.405,66.07506451612905,33.03753225806452,,,,,0,0,0,0,0,0,64.26255000000006
1676385000,71.015,72.11,70.63,71.635,66.07506451612905,33.03753225806452,,,,,0,0,0,0,0,0,64.29890000000006
1676399400,71.655,71.955,71.425,71.72,66.12154838709678,33.06077419354839,,,,,0,0,0,0,0,0,64.33347500000008
1676471400,71.23,71.77,71.145,71.65,66.12154838709678,33.06077419354839,,,,,0,0,0,0,0,0,64.37502500000006
1676485800,71.67,72.045,71.595,72.045,66.16661290322581,33.083306451612906,,,,,0,0,0,0,0,0,64.42187500000007
1676557800,71,71.8,70.9,71.54,66.16661290322581,33.083306451612906,,,,,0,0,0,0,0,0,64.46612500000006
1676572200,71.575,71.765,70.755,70.79,66.19493548387096,33.09746774193548,,,,,0,0,0,0,0,0,64.51240000000007
1676644200,70.155,70.37,69.305,69.38,66.19493548387096,33.09746774193548,,,,,0,0,0,0,0,0,64.54978750000006
1676658600,69.39,69.975,69.355,69.925,66.21735483870968,33.10867741935484,,,,,0,0,0,0,0,0,64.59202500000006
1676989800,68.975,69.375,68.445,68.5,66.21735483870968,33.10867741935484,,,,,0,0,0,0,0,0,64.62727500000007
1677004200,68.495,68.55,68.19,68.26,66.23496774193549,33.117483870967746,,,,,0,0,0,0,0,0,64.66245000000008
1677076200,68.41,68.605,67.835,68.545,66.23496774193549,33.117483870967746,,,,,0,0,0,0,0,0,64.69745000000007
1677090600,68.545,68.67,67.835,68.155,66.25770967741937,33.128854838709685,,,,,0,0,0,0,0,0,64.72907500000007
1677162600,69.41,69.525,68.31,68.52,66.25770967741937,33.128854838709685,,,,,0,0,0,0,0,0,64.76105000000007
1677177000,68.5225,69.485,68.455,69.275,66.28883870967744,33.14441935483872,,,,,0,0,0,0,0,0,64.80595000000007
1677249000,68.07,68.34,67.655,67.86,66.28883870967744,33.14441935483872,,,,,0,0,0,0,0,0,64.84250000000006
1677263400,67.845,68.215,67.73,68.07,66.3081935483871,33.15409677419355,,,,,0,0,0,0,0,0,64.88075000000008
1677508200,68.765,69.07,68.335,68.68,66.3081935483871,33.15409677419355,,,,,0,0,0,0,0,0,64.92678750000007
1677522600,68.71,68.795,68.2925,68.4,66.32251612903225,33.161258064516126,,,,,0,0,0,0,0,0,64.96378750000008
1677594600,68.235,68.88,68.09,68.88,66.32251612903225,33.161258064516126,,,,,0,0,0,0,0,0,65.00203750000009
1677609000,68.905,68.915,68.25,68.26,66.34,33.17,,,,,0,0,0,0,0,0,65.02896250000008
1677681000,68.25,68.4,67.555,67.865,66.34,33.17,,,,,0,0,0,0,0,0,65.05186250000008
1677695400,67.84,67.885,67.6075,67.76,66.34135483870969,33.170677419354845,,,,,0,0,0,0,0,0,65.07377500000008
1677767400,67.56,67.905,67.46,67.69,66.34135483870969,33.170677419354845,,,,,0,0,0,0,0,0,65.09442500000009
1677781800,67.69,68.81,67.685,68.61,66.34129032258066,33.17064516129033,,,,,0,0,0,0,0,0,65.11997500000008
1677853800,69.095,69.83,68.97,69.775,66.34129032258066,33.17064516129033,,,,,0,0,0,0,0,0,65.15400000000008
1677868200,69.78,70.0725,69.715,70.06,66.34451612903227,33.172258064516136,,,,,0,0,0,0,0,0,65.20165000000009
1678113000,70.555,71.36,70.48,70.86,66.34451612903227,33.172258064516136,,,,,0,0,0,0,0,0,65.25400000000008
1678127400,70.86,70.87,70.35,70.405,66.35609677419356,33.17804838709678,,,,,0,0,0,0,0,0,65.31062500000009
1678199400,70.405,70.615,69.69,69.885,66.35609677419356,33.17804838709678,,,,,0,0,0,0,0,0,65.36312500000008
1678213800,69.86,69.94,69.36,69.535,66.36483870967744,33.18241935483872,,,,,0,0,0,0,0,0,65.41585000000008
1678285800,69.775,70.165,69.375,69.69,66.36483870967744,33.18241935483872,,,,,0,0,0,0,0,0,65.47192500000007
1678300200,69.67,70.19,69.6,70.115,66.38441935483873,33.19220967741936,,,,,0,0,0,0,0,0,65.52940000000008
1678372200,70.215,71.005,69.985,70.035,66.38441935483873,33.19220967741936,,,,,0,0,0,0,0,0,65.58817500000008
1678386600,70.0025,70.02,68.965,69.12,66.37890322580647,33.189451612903234,,,,,0,0,0,0,0,0,65.63415000000008
1678458600,69.065,69.17,67.86,67.91,66.37890322580647,33.189451612903234,,,,,0,0,0,0,0,0,65.67327500000007
1678473000,67.905,68.245,67.625,67.9,66.35867741935486,33.17933870967743,,,,,0,0,0,0,0,0,65.71880000000009
1678714200,67.46,69.19,67.045,68.425,66.35867741935486,33.17933870967743,,,,,0,0,0,0,0,0,65.76875000000008
1678728600,68.43,69.15,68.2325,68.26,66.33380645161293,33.166903225806465,,,,,0,0,0,0,0,0,65.80957500000008
1678800600,69.175,70.0675,69.13,69.485,66.33380645161293,33.166903225806465,,,,,0,0,0,0,0,0,65.85617500000008
1678815000,69.47,69.905,68.85,69.775,66.32009677419357,33.160048387096786,,,,,0,0,0,0,0,0,65.90122500000008
1678887000,69.135,69.425,68.735,69.285,66.32009677419357,33.160048387096786,,,,,0,0,0,0,0,0,65.94415000000008
1678901400,69.28,69.95,69.03,69.8775,66.30993548387099,33.154967741935494,,,,,0,0,0,0,0,0,65.99291250000007
1678973400,69.625,71.555,69.395,71.3975,66.30993548387099,33.154967741935494,,,,,0,0,0,0,0,0,66.04725000000006
1678987800,71.395,71.9275,71.27,71.84,66.3001612903226,33.1500806451613,,,,,0,0,0,0,0,0,66.10235000000007
1679059800,71.96,72.59,71.335,71.955,66.3001612903226,33.1500806451613,,,,,0,0,0,0,0,0,66.15942500000007
1679074200,71.955,72.105,71.395,71.74,66.28758064516131,33.14379032258066,,,,,0,0,0,0,0,0,66.21010000000007
1679319000,71.5,71.745,70.91,71.545,66.28758064516131,33.14379032258066,,,,,0,0,0,0,0,0,66.25690000000007
1679333400,71.56,71.855,71.445,71.755,66.27632258064519,33.13816129032259,,,,,0,0,0,0,0,0,66.30290000000008
1679405400,72.175,72.415,71.41,71.915,66.27632258064519,33.13816129032259,,,,,0,0,0,0,0,0,66.34747500000007
1679419800,71.92,72.475,71.79,72.34,66.27283870967743,33.136419354838715,,,,,0,0,0,0,0,0,66.38980000000008
1679491800,72.38,72.955,72.28,72.785,66.27283870967743,33.136419354838715,,,,,0,0,0,0,0,0,66.43250000000008
1679506200,72.795,73.775,71.585,71.6,66.26941935483872,33.13470967741936,,,,,0,0,0,0,0,0,66.47585000000008
1679578200,72.55,73.765,72.495,73.17,66.26941935483872,33.13470967741936,,,,,0,0,0,0,0,0,66.52762500000009
1679592600,73.175,73.355,72.105,72.78,66.26080645161292,33.13040322580646,,,,,0,0,0,0,0,0,66.5801250000001
1679664600,72.56,72.765,72.1,72.535,66.26080645161292,33.13040322580646,,,,,0,0,0,0,0,0,66.6321500000001
1679679000,72.555,73.01,72.35,73,66.25529032258065,33.127645161290324,,,,,0,0,0,0,0,0,66.67412500000009
1679923800,73.09,73.35,72.25,72.51,66.25529032258065,33.127645161290324,,,,,0,0,0,0,0,0,66.71275000000009
1679938200,72.53,72.795,72.3075,72.43,66.23664516129034,33.11832258064517,,,,,0,0,0,0,0,0,66.7537500000001
1680010200,72.275,72.315,71.425,71.67,66.23664516129034,33.11832258064517,,,,,0,0,0,0,0,0,66.79235000000008
1680024600,71.69,72.095,71.445,72.08,66.21274193548389,33.106370967741945,,,,,0,0,0,0,0,0,66.83620000000009
1680096600,72.985,73.405,72.88,73.395,66.21274193548389,33.106370967741945,,,,,0,0,0,0,0,0,66.88620000000009
1680111000,73.375,73.75,73.17,73.585,66.19990322580647,33.09995161290323,,,,,0,0,0,0,0,0,66.94040000000008
1680183000,74.325,74.545,74.085,74.125,66.19990322580647,33.09995161290323,,,,,0,0,0,0,0,0,67.00507500000009
1680197400,74.12,74.445,73.94,74.425,66.19606451612906,33.09803225806453,,,,,0,0,0,0,0,0,67.07770000000009
1680269400,74.35,75.185,74.255,75.055,66.19606451612906,33.09803225806453,,,,,0,0,0,0,0,0,67.15592500000008
1680283800,75.055,75.5725,74.94,75.5,,,,,,,0,0,0,0,0,0,67.23672500000008
1680528600,75.055,75.485,74.685,74.735,,,,,,,0,0,0,0,0,0,67.30795000000008
1680543000,74.73,75.455,74.73,75.405,,,,,,,0,0,0,0,0,0,67.38062500000008
1680615000,75.49,75.755,74.975,75.235,,,,,,,0,0,0,0,0,0,67.44925000000008
1680629400,75.235,75.29,74.69,74.985,,,,,,,0,0,0,0,0,0,67.51372500000008
1680701400,74.625,74.685,73.58,73.765,,,,,,,0,0,0,0,0,0,67.57210000000008
1680715800,73.77,74.17,73.76,74.11,,,,,,,0,0,0,0,0,0,67.63820000000008
1680787800,73.56,74.5,73.265,74.38,,,,,,,0,0,0,0,0,0,67.70775000000009
1680802200,74.375,74.63,74.365,74.535,,,,,,,0,0,0,0,0,0,67.75812500000008
1681133400,73.795,74.3375,73.39,74.3375,,,,,,,0,0,0,0,0,0,67.80266250000008
1681147800,74.345,74.505,74.185,74.505,,,,,,,0,0,0,0,0,0,67.84268750000008
1681219800,74.35,74.375,73.67,73.945,,,,,,,0,0,0,0,0,0,67.87941250000009
1681234200,73.945,74.16,73.7075,73.795,,,,,,,0,0,0,0,0,0,67.91481250000008
1681306200,74.26,74.495,73.4925,74.11,,,,,,,0,0,0,0,0,0,67.95536250000008
1681320600,74.12,74.18,73.255,73.365,,,,,,,0,0,0,0,0,0,67.98923750000009
1681392600,73.65,74.475,73.555,74.4475,,,,,,,0,0,0,0,0,0,68.02757500000008
1681407000,74.45,74.855,74.42,74.74,,,,,,,0,0,0,0,0,0,68.07045000000008
1681479000,74.32,74.925,73.7,73.795,,,,,,,0,0,0,0,0,0,68.11002500000008
1681493400,73.79,74.3725,73.675,74.315,,,,,,,0,0,0,0,0,0,68.15075000000007
1681738200,74.415,74.755,74.015,74.205,,,,,,,0,0,0,0,0,0,68.19182500000007
1681752600,74.205,74.6175,74.045,74.595,,,,,,,0,0,0,0,0,0,68.23547500000008
1681824600,75.185,75.36,74.555,74.67,,,,,,,0,0,0,0,0,0,68.27850000000008
1681839000,74.66,74.89,74.505,74.825,,,,,,,0,0,0,0,0,0,68.32517500000007
1681911000,74.16,74.71,74.045,74.65,,,,,,,0,0,0,0,0,0,68.37175000000006
1681925400,74.655,74.725,74.5,74.62,,,,,,,0,0,0,0,0,0,68.41395000000007
1681997400,73.985,74.855,73.93,74.79,,,,,,,0,0,0,0,0,0,68.45495000000008
1682011800,74.795,74.825,73.79,74.14,,,,,,,0,0,0,0,0,0,68.49132500000007
1682083800,73.8,73.915,73.4,73.74,,,,,,,0,0,0,0,0,0,68.52407500000008
1682098200,73.745,74.005,73.68,73.865,,,,,,,0,0,0,0,0,0,68.55942500000009
1682343000,73.6425,73.945,73.01,73.29,,,,,,,0,0,0,0,0,0,68.59722500000008
1682357400,73.295,73.585,73.275,73.565,,,,,,,0,0,0,0,0,0,68.63830000000009
1682429400,73.15,73.335,72.22,72.395,,,,,,,0,0,0,0,0,0,68.67775000000007
1682443800,72.39,72.405,71.96,71.97,,,,,,,0,0,0,0,0,0,68.71390000000008
1682515800,73.22,73.805,72.88,73.435,,,,,,,0,0,0,0,0,0,68.75602500000008
1682530200,73.44,73.45,72.91,73.08,,,,,,,0,0,0,0,0,0,68.78162500000008
1682602200,73.45,74.19,73.22,74.16,,,,,,,0,0,0,0,0,0,68.81322500000009
1682616600,74.16,74.655,74.16,74.595,,,,,,,0,0,0,0,0,0,68.84582500000009
1682688600,74.61,75.315,74.525,75.085,,,,,,,0,0,0,0,0,0,68.88532500000008
1682703000,75.09,75.43,74.89,75.41,,,,,,,0,0,0,0,0,0,68.9239750000001
1682947800,75.33,75.82,75.235,75.72,,,,,,,0,0,0,0,0,0,68.9696250000001
1682962200,75.72,75.8,75.38,75.4525,,,,,,,0,0,0,0,0,0,69.0141125000001
1683034200,75.5,75.635,74.375,74.795,,,,,,,0,0,0,0,0,0,69.06245000000008
1683048600,74.795,75.005,74.675,74.755,,,,,,,0,0,0,0,0,0,69.11055000000009
1683120600,74.79,75.025,74.555,74.905,,,,,,,0,0,0,0,0,0,69.16025000000009
1683135000,74.91,75.325,74.09,74.11,,,,,,,0,0,0,0,0,0,69.20677500000009
1683207000,73.8,74.19,73.475,74.1,,,,,,,0,0,0,0,0,0,69.24792500000008
1683221400,74.125,74.27,73.66,73.78,,,,,,,0,0,0,0,0,0,69.2875500000001
1683293400,74.5,75.485,74.38,75.455,,,,,,,0,0,0,0,0,0,69.33471250000008
1683307800,75.465,75.88,75.465,75.62,,,,,,,0,0,0,0,0,0,69.38556250000009
1683552600,75.475,75.53,75.115,75.455,,,,,,,0,0,0,0,0,0,69.43243750000009
1683567000,75.465,75.645,75.16,75.575,,,,,,,0,0,0,0,0,0,69.4759625000001
1683639000,75.16,75.3,74.985,75.11,,,,,,,0,0,0,0,0,0,69.51373750000009
1683653400,75.12,75.245,74.92,75,,,,,,,1,0,0,0,0,0,69.55038750000008
1683725400,75.665,75.99,75.185,75.21,,,,,,,1,0,0,0,0,0,69.58592500000009
1683739800,75.215,76.09,75.19,75.905,,,,,,,1,0,0,0,0,0,69.6299750000001
1683811800,75.79,75.79,75.05,75.385,,,,,,,1,0,0,0,0,0,69.6844500000001
1683826200,75.375,75.715,75.2,75.565,,,,,,,1,0,0,0,0,0,69.73927500000009
1683898200,75.7,75.815,74.9,75.16,,,,,,,0,0,0,0,0,0,69.79787500000009
1683912600,75.145,75.485,74.89,75.485,,,,,,,0,0,0,0,0,0,69.85660000000009
1684157400,75.6,76.075,75.2775,75.875,,,,,,,0,0,0,0,0,0,69.92220000000009
1684171800,75.865,76.115,75.73,76.115,,,,,,,0,0,0,0,0,0,69.9891000000001
1684243800,75.99,76.595,75.965,76.385,,,,,,,0,0,0,0,0,0,70.0565750000001
1684258200,76.385,76.555,76.175,76.19,,,,,,,0,0,0,0,0,0,70.12347500000008
1684330200,76.48,77.155,76.15,77.14,,,,,,,0,0,0,0,0,0,70.1901250000001
1684344600,77.15,77.325,77,77.23,,,,,,,0,0,0,0,0,0,70.2570250000001
1684416600,77.31,78.675,77.305,78.275,,,,,,,0,0,0,0,0,0,70.34195000000008
1684431000,78.28,78.885,78.09,78.785,,,,,,,0,0,0,0,0,0,70.4246750000001
1684503000,78.8,78.9325,78.47,78.785,,,,,,,0,0,0,0,0,0,70.50820000000009
1684517400,78.79,78.82,78.54,78.73,,,,,,,0,0,0,0,0,0,70.5903750000001
1684762200,78.495,79.02,78.405,78.845,,,,,,,0,0,0,0,0,0,70.6756750000001
1684776600,78.84,79.09,78.805,78.88,,,,,,,0,0,0,0,0,0,70.76152500000009
1684848600,78.51,78.815,78,78.125,,,,,,,0,0,0,0,0,0,70.8461500000001
1684863000,78.115,78.17,77.6975,77.725,,,,,,,0,0,0,0,0,0,70.9312750000001
1684935000,77.11,77.39,76.74,76.915,,,,,,,0,0,0,0,0,0,71.0043500000001
1684949400,76.915,77.465,76.86,77.16,,,,,,,0,0,0,0,0,0,71.07867500000009
1685021400,79.22,80.09,78.8,80.0875,,,,,,,0,0,0,0,0,0,71.1713125000001
1685035800,80.085,80.43,79.8925,80.12,,,,,,,0,0,0,0,0,0,71.26081250000009
1685107800,80.34,82.21,80.31,82.165,,,,,,,0,0,0,0,0,0,71.36433750000009
1685122200,82.17,82.53,82.065,82.4,,,,,,,0,0,0,0,0,0,71.46821250000009
1685453400,83.575,84.015,82.94,82.975,,,,,,,0,0,0,0,0,0,71.57315000000008
1685467800,82.96,83.2175,82.655,82.84,,,,,,,0,0,0,0,0,0,71.67840000000008
1685539800,82.355,83.12,82.1,82.54,,,,,,,0,0,0,0,0,0,71.78627500000009
1685554200,82.535,82.77,82.09,82.145,,,,,,,0,0,0,0,0,0,71.8941000000001
1685626200,81.905,82.97,81.61,82.805,,,,,,,0,0,0,0,0,0,71.99867500000009
1685640600,82.805,83.32,82.775,82.96,,,,,,,0,0,0,0,0,0,72.10170000000008
1685712600,83.425,83.835,82.865,83.465,,,,,,,0,0,0,0,0,0,72.19866250000008
1685727000,83.465,83.5875,83.24,83.465,,,,,,,0,0,0,0,0,0,72.30061250000008
1685971800,83.4,83.95,83.145,83.705,,,,,,,0,0,0,0,0,0,72.40351250000009
1685986200,83.705,83.735,82.825,82.97,,,,,,,0,0,0,0,0,0,72.50101250000009
1686058200,82.77,83.13,82.355,82.715,,,,,,,0,0,0,0,0,0,72.59345000000009
1686072600,82.72,83.06,82.6,82.945,,,,,,,0,0,0,0,0,0,72.68535000000008
1686144600,82.865,83.43,81.695,81.825,,,,,,,0,0,0,0,0,0,72.77035000000008
1686159000,81.825,82.01,81.54,81.71,,,,,,,0,0,0,0,0,0,72.85357500000008
1686231000,81.78,82.715,81.775,82.35,,,,,,,0,0,0,0,0,0,72.94125000000008
1686245400,82.35,82.7,82.09,82.59,,,,,,,0,0,0,0,0,0,73.02795000000009
1686317400,82.88,83.83,82.73,83.17,,,,,,,0,0,0,0,0,0,73.11610000000009
1686331800,83.19,83.375,82.9175,83.02,,,,,,,0,0,0,0,0,0,73.20350000000009
1686576600,83.575,84.19,83.41,84.145,,,,,,,0,0,0,0,0,0,73.29920000000008
1686591000,84.155,84.835,84.14,84.81,,,,,,,0,0,0,0,0,0,73.39972500000007
1686663000,85.505,85.73,84.645,85.245,,,,,,,0,0,0,0,0,0,73.50605000000007
1686677400,85.25,85.39,84.855,85.34,,,,,,,0,0,0,0,0,0,73.61305000000009
1686749400,85.22,86.225,85.17,85.82,,,,,,,0,0,0,0,0,0,73.71795000000009
1686763800,85.8225,86.23,84.935,86.185,,,,,,,0,0,0,0,0,0,73.82052500000009
1686835800,85.86,87.12,85.845,86.965,,,,,,,0,0,0,0,0,0,73.9182625000001
1686850200,86.975,87.7,86.92,87.32,,,,,,,0,0,0,0,0,0,74.01895000000009
1686922200,88.115,88.115,86.98,87.19,,,,,,,0,0,0,0,0,0,74.11892500000009
1686936600,87.19,87.24,86.51,86.615,,,,,,,0,0,0,0,0,0,74.21632500000008
1687267800,85.95,86.435,85.37,85.965,,,,,,,0,0,0,0,0,0,74.31282500000009
1687282200,86.01,86.06,85.72,85.82,,,,,,,0,0,0,0,0,0,74.40701250000009
1687354200,85.52,85.665,84.315,84.7,,,,,,,0,0,0,0,0,0,74.49358750000009
1687368600,84.675,85.16,84.49,84.555,,,,,,,0,0,0,0,0,0,74.57606250000009
1687440600,84.22,85.225,84.165,84.785,,,,,,,0,0,0,0,0,0,74.6578875000001
1687455000,84.785,85.285,84.77,85.28,,,,,,,0,0,0,0,0,0,74.7426125000001
1687527000,84.15,84.82,83.97,84.77,,,,,,,0,0,0,0,0,0,74.8297125000001
1687541400,84.775,84.805,84.195,84.31,,,,,,,0,0,0,0,0,0,74.9160375000001
1687786200,84.325,85.14,83.8375,84.08,,,,,,,0,0,0,0,0,0,74.99876250000011
1687800600,84.0825,84.18,83.66,83.69,,,,,,,0,0,0,0,0,0,75.07723750000011
1687872600,84.08,85.105,83.9725,85.055,,,,,,,0,0,0,0,0,0,75.1625125000001
1687887000,85.06,85.565,85.06,85.36,,,,,,,1,0,0,0,0,0,75.24141250000011
1687959000,84.905,85.88,84.83,85.355,,,,,,,1,0,0,0,0,0,75.3112875000001
1687973400,85.36,85.5125,85.03,85.41,,,,,,,1,0,0,0,0,0,75.38088750000011
1688045400,85.435,85.72,85.05,85.48,,,,,,,1,0,0,0,0,0,75.4527125000001
1688059800,85.48,85.62,85.175,85.58,,,,,,,1,0,0,0,0,0,75.5262000000001
1688131800,86.46,87.085,86.36,86.975,,,,,,,0,0,0,0,0,0,75.6107875000001
1688146200,86.98,87.1475,86.885,86.925,,,,,,,0,0,0,0,0,0,75.6951875000001
1688391000,86.915,86.96,86.305,86.72,,,,,,,0,0,0,0,0,0,75.7751625000001
1688563800,86.105,86.855,86.105,86.28,,,,,,,0,0,0,0,0,0,75.84771250000011
1688578200,86.275,86.385,86.065,86.205,,,,,,,0,0,0,0,0,0,75.92286250000011
1688650200,85.39,85.87,85.1,85.76,,,,,,,0,0,0,0,0,0,75.9971375000001
1688664600,85.77,86.06,85.67,85.98,,,,,,,1,0,0,0,0,0,76.0708875000001
1688736600,85.805,86.625,85.625,86.625,,,,,,,1,0,0,0,0,0,76.1512375000001
1688751000,86.63,86.635,85.555,85.59,,,,,,,1,0,0,0,0,0,76.2288875000001
1688995800,85.335,85.73,84.96,85.6275,,,,,,,1,0,0,0,0,0,76.30613750000009
1689010200,85.63,85.825,85.445,85.825,,,,,,,1,0,0,0,0,0,76.3777625000001
1689082200,86.04,86.09,85.175,85.535,,,,,,,1,0,0,0,0,0,76.4484125000001
1689096600,85.545,86.11,85.37,86.01,,,,,,,1,0,0,0,0,0,76.52028750000011
1689168600,86.915,87.4,86.4,86.96,,,,,,,1,0,0,0,0,0,76.59648750000011
1689183000,86.95,87.145,86.825,86.995,,,,,,,1,0,0,0,0,0,76.6732125000001
1689255000,87.55,87.945,87.415,87.91,,,,,,,1,0,0,0,0,0,76.7525375000001
1689269400,87.91,88.31,87.835,88.125,,,,,,,1,0,0,0,0,0,76.83546250000012
1689341400,88.305,89.035,87.99,88.18,,,,,,,1,0,0,0,0,0,76.9224125000001
1689355800,88.185,88.32,87.74,88.005,,,,,,,0,0,0,0,0,0,77.01553750000011
1689600600,88.105,88.925,88.065,88.825,,,,,,,0,0,0,0,0,0,77.11003750000012
1689615000,88.83,89.3775,88.83,89.125,,,,,,,0,0,0,0,0,0,77.21316250000012
1689687000,88.96,90.17,88.45,90.025,,,,,,,0,0,0,0,0,0,77.32198750000012
1689701400,90.05,90.565,90.015,90.1375,,,,,,,0,0,0,0,0,0,77.42995000000012
1689773400,90.43,90.73,89.695,89.785,,,,,,,0,0,0,0,0,0,77.53810000000011
1689787800,89.75,90.115,89.565,89.89,,,,,,,0,0,0,0,0,0,77.64495000000012
1689859800,89.33,89.705,88.565,88.775,,,,,,,0,0,0,0,0,0,77.74245000000012
1689874200,88.765,88.83,87.835,88.1,,,,,,,0,0,0,0,0,0,77.84365000000012
1689946200,88.66,89.115,88.22,88.495,,,,,,,0,0,0,0,0,0,77.94577500000013
1689960600,88.515,88.675,87.97,88.03,,,,,,,0,0,0,0,0,0,78.04252500000013
1690205400,88.455,88.665,87.88,88.225,,,,,,,0,0,0,0,0,0,78.14165000000011
1690219800,88.23,88.425,88.03,88.225,,,,,,,1,0,0,0,0,0,78.23837500000012
1690291800,88.515,89.345,88.5,89.315,,,,,,,1,0,0,0,0,0,78.34365000000011
1690306200,89.32,89.525,89.165,89.205,,,,,,,1,0,0,0,0,0,78.45035000000011
1690378200,88.3,88.51,87.41,87.685,,,,,,,1,0,0,0,0,0,78.54997500000012
1690392600,87.68,88.415,87.43,88.025,,,,,,,1,0,0,0,0,0,78.65165000000012
1690464600,89.22,89.49,88.565,88.61,,,,,,,1,0,0,0,0,0,78.75165000000011
1690479000,88.595,88.655,87.375,87.755,,,,,,,1,0,0,0,0,0,78.84155000000011
1690551000,88.625,89.235,88.41,88.825,,,,,,,1,0,0,0,0,0,78.9353750000001
1690565400,88.815,89.125,88.535,88.98,,,,,,,1,0,0,0,0,0,79.0259750000001
1690810200,89.025,89.28,88.665,88.935,,,,,,,1,0,0,0,0,0,79.11862500000011
1690824600,88.935,89.185,88.795,89.18,,,,,,,1,0,0,0,0,0,79.2151000000001
1690896600,88.88,89.405,88.655,89.28,,,,,,,1,0,0,0,0,0,79.31382500000012
1690911000,89.285,89.51,89.175,89.345,,,,,,,1,0,0,0,0,0,79.41210000000012
1690983000,88.525,88.525,86.8,87.25,,,,,,,0,0,0,0,0,0,79.49777500000012
1690997400,87.2645,87.455,86.905,87.11,,,,,,,0,0,0,0,0,0,79.58315000000012
1691069400,86.4,87.265,86.35,87.115,,,,86.91000000000001,86.91000000000001,,0,1,0,0,0,0,79.67312500000011
1691083800,87.12,87.155,86.715,86.765,,,,86.9281682391196,86.8658718148194,,0,0,0,0,0,0,79.76740000000012
1691155800,86.43,86.9825,85.65,86.61,,,,87.17940624011321,86.23460296800754,,0,0,0,0,0,0,79.86095000000012
1691170200,86.61,86.73,85.445,85.56,,,,87.29089281190338,85.61552254559072,,0,0,0,0,0,0,79.94662500000011
1691415000,85.945,86.24,85.19,85.44,,,,87.29684851066943,85.32284779908065,,0,0,0,0,0,0,80.03252500000012
1691429400,85.44,85.855,85.34,85.83,,,,87.2702433747096,85.25876463732834,,0,0,0,0,0,0,80.11425000000013
1691501400,85.21,85.27,84.305,84.725,,,,87.45563605287863,84.62246068210744,,0,0,0,0,0,0,80.18900000000012
1691515800,84.715,85.24,84.63,85.155,,,,87.4200868295953,84.46977870143141,,0,0,0,0,0,0,80.26835000000011
1691587800,85.255,85.26,83.7725,84.415,,,,87.44983504747186,84.12285959552138,,0,0,0,0,0,0,80.34103750000011
1691602200,84.43,84.785,83.975,84.045,,,,87.4579824358014,83.8282409760734,,0,0,0,0,0,0,80.40427500000011
1691674200,84.7,85.435,83.96,84.06,,,,87.35853357960616,83.63266558065897,,0,0,0,0,0,0,80.46537500000011
1691688600,84,84.335,83.655,84.07,,,,87.34045572900916,83.4453589605331,,0,0,0,0,0,0,80.52595000000011
1691760600,83.475,83.94,83.165,83.525,,,,87.36548164823725,83.12609102288408,,0,0,0,0,0,0,80.58487500000011
1691775000,83.525,83.73,83.335,83.485,,,,87.36106820595218,82.98949569881144,,0,0,0,0,0,0,80.64457500000012
1692019800,83.35,84.61,83.165,84.52,,,,87.29762244753672,82.9357841488252,,0,0,0,0,0,0,80.70840000000011
1692034200,84.53,84.79,84.285,84.785,,,,87.24296958256753,82.95100734418355,,0,0,0,0,0,0,80.77275000000012
1692106200,84.5075,84.83,83.935,84.41,,,,87.1820338726944,82.94779611971663,,0,0,0,0,0,0,80.8331000000001
1692120600,84.4,84.415,83.75,83.9325,,,,87.14014174170369,82.91257529304407,,0,0,0,0,0,0,80.88883750000011
1692192600,83.865,84.245,83.46,83.61,,,,87.11374154943489,82.86269014962492,,0,0,0,0,0,0,80.94888750000011
1692207000,83.59,84.015,83.14,83.16,,,,87.09634947984149,82.7604353292168,,0,0,0,0,0,0,80.9988375000001
1692279000,83.535,83.665,82.645,82.955,,,,87.09756166665846,82.59831772109976,,0,0,0,0,0,0,81.04971250000011
1692293400,82.935,82.935,82.235,82.355,,,,87.15421600198843,82.27075016420571,,0,0,0,0,0,0,81.09881250000011
1692365400,81.53,82.42,81.475,82.3,,,,87.23128207989294,81.89397891257627,,0,0,0,0,0,0,81.1453125000001
1692379800,82.32,82.815,82.21,82.495,,,,87.22034389602513,81.77321659019606,,0,0,0,0,0,0,81.1952375000001
1692624600,82.935,83.835,82.825,83.75,,,,87.14973784136377,81.75597665996649,,0,0,0,0,0,0,81.25183750000011
1692639000,83.76,84.225,83.715,84.08,,,,87.09438980705232,81.78158913435612,,0,0,0,0,0,0,81.3138875000001
1692711000,84.83,84.86,83.775,83.96,,,,87.03558945225026,81.82206934493882,,0,0,0,0,0,0,81.3732875000001
1692725400,83.96,84.2375,83.79,83.94,,,,86.993391349034,81.8411554928432,,0,0,0,0,0,0,81.42601250000011
1692797400,84.185,85.64,84.175,85.615,,,,86.98864981812842,81.88673300871001,,0,0,0,0,0,0,81.4861625000001
1692811800,85.625,85.725,85.36,85.49,,,,87.00282287193916,81.91536919833133,,0,0,0,0,0,0,81.54298750000011
1692883800,86.55,86.565,83.975,84.115,,,,86.97620225878491,81.97356437382864,,0,0,0,0,0,0,81.5914375000001
1692898200,84.115,84.3275,83.44,83.5,,,,86.93048249293739,81.97747343631485,,0,0,0,0,0,0,81.6336625000001
1692970200,83.825,84.81,83.1,83.79,,,,86.84151624331703,82.00366556846957,,0,0,0,0,0,0,81.6751125000001
1692984600,83.795,84.68,83.625,84.36,,,,86.7990584406354,82.03382167097848,,0,0,0,0,0,0,81.7232375000001
1693229400,84.995,85.225,84.39,85.075,,,,86.78614581166585,82.07024716026177,,0,0,0,0,0,0,81.7715875000001
1693243800,85.095,85.155,84.575,85.03,,,,86.77693990002035,82.09794343525351,,0,0,0,0,0,0,81.8205625000001
1693315800,84.795,86.665,84.715,86.63,,,,86.84409760467209,82.11733891538812,,0,0,0,0,0,0,81.87878750000009
1693330200,86.625,86.835,86.49,86.71,,,,86.9571246044956,82.10420822560026,,0,0,0,0,0,0,81.94351250000008
1693402200,86.735,87.49,86.475,87.34,,,,,,,0,0,0,0,0,0,82.00966250000009
1693416600,87.35,87.49,87.065,87.395,,,,,,,0,0,0,0,0,0,82.07473750000008
1693488600,87.625,88.165,87.51,87.935,,,,87.8700026973983,87.8699973026017,,0,1,0,0,0,0,82.14173750000009
1693503000,87.93,88.12,87.76,87.79,,,,87.9014963491589,87.86217669928895,,0,0,0,0,0,0,82.20900000000009
1693575000,88.4,88.495,87.65,87.895,,,,88.06031495462493,87.80318881919767,,0,0,0,0,0,0,82.27595000000008
1693589400,87.875,88.115,87.735,88.08,,,,88.061282326374,87.81694681102746,,0,0,0,0,0,0,82.34662500000009
1693920600,87.87,88.66,87.595,88.385,,,,88.25930301503949,87.74764636774783,,0,1,0,0,0,0,82.4195750000001
1693935000,88.385,88.69,88.36,88.415,,,,88.52321241175274,87.6528056780606,,0,0,0,0,0,0,82.4911000000001
1694007000,88.155,88.29,86.9425,87.16,,,,88.58724005428436,87.25474949092265,,0,0,0,0,0,0,82.56007500000008
1694021400,87.155,87.515,87.13,87.485,,,,88.56392802312543,87.10587385020706,,0,0,0,0,0,0,82.62526250000008
1694093400,85.905,86.335,85.545,86.08,,,,88.99262218743172,86.23945070287968,,0,0,0,0,0,0,82.68196250000008
1694107800,86.085,86.4,85.94,86.205,,,,89.03477365843833,85.95536381418168,,0,0,0,0,0,0,82.74401250000008
1694179800,86.2575,86.95,86.205,86.61,,,,88.98085479648458,85.8681636068913,,0,0,0,0,0,0,82.80548750000007
1694194200,86.615,86.75,86.17,86.405,,,,88.95105301983176,85.7979031691417,,0,0,0,0,0,0,82.86648750000008
1694439000,87.22,87.23,86.085,86.64,,,,88.88965146869397,85.76006814192978,,0,0,0,0,0,0,82.92671250000006
1694453400,86.645,86.93,86.645,86.845,,,,88.84470638010076,85.75730046959269,,0,0,0,0,0,0,82.98758750000007
1694525400,86.115,86.42,85.5,85.87,,,,88.85094946249505,85.58665500521208,,0,0,0,0,0,0,83.04281250000007
1694539800,85.915,85.96,85.115,85.26,,,,88.90297215417365,85.33460405615506,,0,0,0,0,0,0,83.09586250000008
1694611800,85.26,85.925,84.995,85.84,,,,88.90419790925148,85.16179891997675,,0,0,0,0,0,0,83.15196250000007
1694626200,85.845,85.945,85.305,85.5,,,,88.88707478659518,85.0088278718984,,0,0,0,0,0,0,83.20551250000008
1694698200,86.01,86.31,85.475,86.205,,,,88.83897674242858,84.9681769349475,,0,0,0,0,0,0,83.26583750000007
1694712600,86.22,86.315,85.97,86.11,,,,88.78993469369455,84.95147857304254,,0,0,0,0,0,0,83.32768750000007
1694784600,85.735,85.83,84.35,84.36,,,,88.84495692559639,84.64388787736263,,0,0,0,0,0,0,83.38016250000008
1694799000,84.355,84.605,84.225,84.48,,,,88.90924134066474,84.35335465508929,,0,0,0,0,0,0,83.43611250000008
1695043800,84.05,84.955,84.005,84.86,,,,88.91894949494183,84.18935723127287,,0,0,0,0,0,0,83.49258750000007
1695058200,84.865,84.94,84.46,84.675,,,,88.91193802613896,84.07864059453169,,0,0,0,0,0,0,83.55398750000006
1695130200,84.355,84.54,83.855,84.35,,,,88.92713150448716,83.94308679879427,,0,0,0,0,0,0,83.61588750000006
1695144600,84.355,84.845,84.355,84.64,,,,88.91512187829677,83.86391424583125,,0,0,0,0,0,0,83.67191250000008
1695216600,84.86,84.965,84.365,84.44,,,,88.90597774633942,83.81279630184592,,0,0,0,0,0,0,83.72871250000006
1695231000,84.43,84.6,83.265,83.285,,,,88.95949696503186,83.52224329113596,,0,0,0,0,0,0,83.77433750000007
1695303000,82.37,83.01,82.155,82.78,,,,89.16237605420463,82.89656789415176,,0,0,0,0,0,0,83.81526250000006
1695317400,82.75,82.82,81.9925,82.0125,,,,89.26544537155704,82.54644239764579,,0,0,0,0,0,0,83.84990000000008
1695389400,82.44,82.96,82.025,82.535,,,,89.32486110531988,82.18766331471338,,0,0,0,0,0,0,83.88552500000007
1695403800,82.515,82.755,82.06,82.15,,,,89.35968906406418,81.93320617327876,,0,0,0,0,0,0,83.91767500000007
1695648600,81.98,82.595,81.785,82.29,,,,89.38194009730483,81.71692867106668,,0,0,0,0,0,0,83.95186250000006
1695663000,82.285,82.515,81.95,82.51,,,,89.38484295324888,81.5642433818697,,0,0,0,0,0,0,83.99043750000006
1695735000,81.96,81.975,81.06,81.155,,,,89.47366123911283,81.08334558414174,,0,0,0,0,0,0,84.02243750000007
1695749400,81.15,81.21,80.705,81,,,,89.53509578621313,80.76063745264159,,0,0,0,0,0,0,84.05291250000008
1695821400,81.355,81.49,80.44,80.455,,,,89.58340311571358,80.46959591684329,,0,0,0,0,0,0,84.08463750000008
1695835800,80.435,81.5325,80.31,81.135,,,,89.5991099728025,80.23077444920293,,0,0,0,0,0,0,84.11981250000007
1695907800,80.785,82.2,80.345,81.745,,,,89.56514867555494,79.9932565187227,,0,0,0,0,0,0,84.15963750000006
1695922200,81.75,82.05,81.45,81.69,,,,89.53281755476199,79.90518713782349,,0,0,0,0,0,0,84.19081250000006
1695994200,82.48,82.93,81.75,81.975,,,,89.4381235469439,79.80349386542323,,0,0,0,0,0,0,84.22258750000006
1696008600,81.97,82.32,81.69,81.96,,,,89.36473102703977,79.70600275929397,,0,0,0,0,0,0,84.25511250000007
1696253400,81.9775,83.08,81.88,82.46,,,,89.27332471304733,79.6615927185044,,0,0,0,0,0,0,84.28953750000008
1696267800,82.46,82.87,82.165,82.865,,,,89.21556638921356,79.64546450745831,,0,0,0,0,0,0,84.32831250000007
1696339800,82.375,82.935,81.365,81.41,,,,89.13014929703319,79.54697469628137,,0,0,0,0,0,0,84.36036250000006
1696354200,81.41,81.48,81.015,81.475,,,,89.09805037264485,79.46464798697522,,0,0,0,0,0,0,84.39168750000007
1696426200,81.595,82.3875,81.55,82,,,,89.03733322283037,79.41625237570489,,0,0,0,0,0,0,84.42216250000007
1696440600,81.9925,82.675,81.78,82.42,,,,88.98613324812348,79.39701689630115,,0,0,0,0,0,0,84.45733750000008
1696512600,82.48,82.5925,81.575,82.18,,,,88.9063174078067,79.35543757907182,,0,0,0,0,0,0,84.49041250000008
1696527000,82.165,82.7,82.065,82.575,,,,88.84756636928886,79.34620817465857,,0,0,0,0,0,0,84.52748750000008
1696599000,82.005,84.125,81.775,84.055,,,,88.730544203759,79.40100540973086,,0,0,0,0,0,0,84.57033750000008
1696613400,84.065,84.4725,84.01,84.1325,,,,88.68726491691572,79.44977112627325,,0,0,0,0,0,0,84.61162500000007
1696858200,83.505,84.19,83.205,84.19,,,,88.64494853821213,79.48510639143865,,0,0,0,0,0,0,84.65200000000009
1696872600,84.2,84.675,84.2,84.56,,,,88.61601858640283,79.52723469343174,,0,0,0,0,0,0,84.69287500000007
1696944600,84.695,85.355,84.37,84.7,,,,88.58640808253661,79.59008744753267,,0,0,0,0,0,0,84.73542500000009
1696959000,84.715,84.865,84.6,84.685,,,,88.56490878168054,79.63016055831875,,0,0,0,0,0,0,84.7731500000001
1697031000,84.995,85.365,84.68,84.785,,,,88.54965763234738,79.66934351729991,,0,0,0,0,0,0,84.81092500000008
1697045400,84.77,85.495,84.665,85.455,,,,88.54318817960015,79.69970002038457,,0,0,0,0,0,0,84.84682500000008
1697117400,85.505,86.415,85.445,85.505,,,,88.55737322803984,79.75460536955373,,0,0,0,0,0,0,84.88042500000009
1697131800,85.495,85.645,84.895,85.52,,,,88.55095333854314,79.80278806082626,,0,0,0,0,0,0,84.91410000000008
1697203800,85.7175,85.855,84.085,84.1,,,,88.51886070329215,79.85531192612237,,0,0,0,0,0,0,84.94095000000009
1697218200,84.08,84.66,84.02,84.305,,,,88.48482752364872,79.89409358116423,,0,0,0,0,0,0,84.96825000000008
1697463000,84.4725,85.515,84.44,84.94,,,,88.46134705645939,79.9504802505143,,0,0,0,0,0,0,84.99855000000007
1697477400,84.94,85.335,84.925,85.11,,,,88.44751915477335,79.99497590682267,,0,0,0,0,0,0,85.03347500000007
1697549400,84.05,85.165,83.45,84.8625,,,,88.40302856409775,80.05272411450528,,0,0,0,0,0,0,85.06916250000008
1697563800,84.8475,84.865,84.37,84.745,,,,88.37546378294772,80.09540473586273,,0,0,0,0,0,0,85.10831250000008
1697635800,84.135,84.82,84.0475,84.49,,,,88.34511685080419,80.13291569545508,,0,0,0,0,0,0,85.14496250000008
1697650200,84.47,84.47,83.515,83.8225,,,,88.31316903282077,80.15650950263431,,0,0,0,0,0,0,85.16363750000008
1697722200,84.2,84.76,83.59,84.415,,,,88.24659735240834,80.22439974288804,,0,0,0,0,0,0,85.18511250000007
1697736600,84.455,84.545,83.235,83.38,,,,88.20356100002381,80.2489396289413,,0,0,0,0,0,0,85.19118750000007
1697808600,83.3175,83.395,81.89,82.545,,,,88.15415748025482,80.22952650732792,,0,0,0,0,0,0,85.19191250000007
1697823000,82.56,82.66,81.9,81.965,,,,88.13012282382716,80.2043460010192,,0,0,0,0,0,0,85.18686250000007
1698067800,81.435,82.89,81.005,82.595,,,,88.08838228484782,80.1624847428887,,0,0,0,0,0,0,85.18563750000007
1698082200,82.595,82.81,82,82.05,,,,88.05699014208633,80.13990792121811,,0,0,0,0,0,0,85.18318750000007
1698154200,82.345,82.66,81.75,82.135,,,,88.02877244951848,80.1157456843812,,0,0,0,0,0,0,85.18313750000007
1698168600,82.145,82.75,82.065,82.62,,,,88.01283272262927,80.10956629498324,,0,0,0,0,0,0,85.18221250000008
1698240600,83.04,83.115,81.565,81.64,,,,87.97332890778196,80.07316532056441,,0,0,0,0,0,0,85.17561250000008
1698255000,81.615,81.81,81.415,81.6825,,,,87.95699585080375,80.03781213426727,,0,0,0,0,0,0,85.16670000000008
1698327000,81.76,82.15,79.76,79.875,,,,87.9641903921311,79.8192640443602,,0,0,0,0,0,0,85.14875000000008
1698341400,79.87,80.8675,79.75,80.095,,,,87.97657305118642,79.67992666904914,,0,0,0,0,0,0,85.13070000000008
1698413400,80.59,81.37,80.35,80.485,,,,87.96285017895639,79.56585981765437,,0,0,0,0,0,0,85.11827500000008
1698427800,80.485,80.665,80.205,80.545,,,,87.95765138457622,79.4661384042202,,0,0,0,0,0,0,85.10742500000008
1698672600,81.01,81.715,80.74,81.275,,,,87.93457628583452,79.42445901020118,,0,0,0,0,0,0,85.09907500000008
1698687000,81.26,81.7,81.18,81.425,,,,87.91770999760445,79.40391546197995,,0,0,0,0,0,0,85.09707500000007
1698759000,81.47,81.79,80.835,81.705,,,,87.8980864005068,79.3812454440768,,0,0,1,0,0,0,85.0970500000001
1698773400,81.725,82.075,81.725,81.985,,,,87.88089403410301,79.37466358469801,,0,0,0,0,0,0,85.09522500000008
1698845400,82.145,83.195,82.145,82.79,,,,87.8469366144738,79.38516941963132,,0,0,0,0,0,0,85.09622500000009
1698859800,82.7925,83.7,82.57,83.585,,,,87.79899951853076,79.41991393905963,,0,0,0,0,0,0,85.0983000000001
1698931800,84.345,84.9,84.23,84.835,,,,87.78995704103384,79.4639000434119,,0,0,0,0,0,0,85.10737500000009
1698946200,84.83,85.08,84.83,85.015,,,,87.79122218196314,79.48900790794012,,0,0,0,0,0,0,85.11172500000008
1699018200,84.92,85.975,84.735,85.845,,,,87.81185717805326,79.52080692352024,,0,0,0,0,0,0,85.11690000000007
1699032600,85.86,86.225,85.78,85.88,,,,87.83590682756171,79.53702318037291,,0,0,0,0,0,0,85.12007500000009
1699281000,85.985,86.445,85.73,85.845,,,,87.86360119694511,79.55499171756888,,0,0,0,0,0,0,85.12260000000009
1699295400,85.83,86.47,85.815,86.455,,,,87.89163868741323,79.56721272692005,,0,0,0,0,0,0,85.12577500000009
1699367400,86.715,87.6,86.545,87.515,,,,87.97416791325325,79.56494937600657,,0,0,0,0,0,0,85.13242500000007
1699381800,87.525,87.645,87.29,87.41,,,,88.04298293919453,79.5599064340692,,0,0,0,0,0,0,85.1346500000001
1699453800,87.69,88.03,87.29,87.75,,,,88.11699147696753,79.55120145509848,,0,0,0,0,0,0,85.13680000000008
1699468200,87.75,87.92,87.655,87.89,,,,88.15970645828952,79.54542564761957,,0,0,0,0,0,0,85.14030000000008
1699540200,87.97,88.655,87.81,88.275,,,,88.26209083945277,79.5242822456439,,0,0,0,0,0,0,85.14860000000007
1699554600,88.24,88.385,87.37,87.49,,,,88.34032226165264,79.5179536903503,,0,0,0,0,0,0,85.15622500000009
1699626600,88.025,89.44,87.905,89.395,,,,,,,0,0,0,0,0,0,85.1741000000001
1699641000,89.4,89.815,89.4,89.785,,,,,,,0,0,0,0,0,0,85.19952500000008
1699885800,89.36,89.4425,88.86,89.205,,,,,,,0,0,0,0,0,0,85.2227750000001
1699900200,89.215,89.455,89.185,89.22,,,,,,,0,0,0,0,0,0,85.24495000000007
1699972200,90.6,91.1,90.325,90.935,,,,,,,0,0,0,0,0,0,85.27322500000008
1699986600,90.94,91.245,90.575,91.02,,,,,,,0,0,0,0,0,0,85.30447500000008
1700058600,91.39,91.56,90.795,91.105,,,,,,,0,0,0,0,0,0,85.33845000000008
1700073000,91.095,91.325,91.015,91.135,,,,,,,0,0,0,0,0,0,85.37372500000009
1700145000,90.985,91.69,90.8,91.44,,,,,,,0,0,0,0,0,0,85.41247500000009
1700159400,91.45,91.66,91.275,91.595,,,,,,,0,0,0,0,0,0,85.44517500000008
1700231400,91.295,91.575,91.005,91.535,,,,,,,0,0,0,0,0,0,85.47605000000009
1700245800,91.555,91.75,91.19,91.405,,,,,,,0,0,0,0,0,0,85.50630000000008
1700490600,91.5425,92.71,91.53,92.685,,,,,,,0,0,0,0,0,0,85.54267500000009
1700505000,92.695,92.96,92.6,92.75,,,,,,,0,0,0,0,0,0,85.57902500000009
1700577000,92.325,92.445,91.64,91.72,,,,,,,0,0,0,0,0,0,85.60972500000008
1700591400,91.72,92.01,91.7,91.975,,,,,,,0,0,0,0,0,0,85.63472500000007
1700663400,92.555,93.17,92.14,92.79,,,,,,,0,0,0,0,0,0,85.66405000000007
1700677800,92.79,92.81,92.19,92.37,,,,,,,0,0,0,0,0,0,85.69230000000009
1700836200,92.285,92.29,91.86,92.21,,,,,,,0,0,0,0,0,0,85.72195000000009
1701095400,92.05,92.73,91.915,92.59,,,,,,,0,0,0,0,0,0,85.75387500000008
1701109800,92.585,92.605,92.1625,92.195,,,,,,,0,0,0,0,0,0,85.78605000000007
1701181800,91.925,92.62,91.895,92.075,,,,,,,0,0,0,0,0,0,85.81652500000007
1701196200,92.07,92.385,91.975,92.37,,,,,,,0,0,0,0,0,0,85.84525000000006
1701268200,93.05,93.455,92.555,92.75,,,,,,,0,0,0,0,0,0,85.88105000000009
1701282600,92.75,92.75,92.39,92.455,,,,,,,0,0,0,0,0,0,85.91518750000009
1701354600,92.81,92.955,91.805,91.905,,,,,,,0,0,0,0,0,0,85.94558750000007
1701369000,91.905,92.635,91.83,92.56,,,,,,,0,0,0,0,0,0,85.98071250000008
1701441000,92.385,92.955,91.895,92.665,,,,,,,0,0,0,0,0,0,86.01398750000007
1701455400,92.665,92.875,92.55,92.76,,,,,,,0,0,0,0,0,0,86.04298750000007
1701700200,91.82,91.865,90.66,91.385,,,,,,,0,0,0,0,0,0,86.06493750000007
1701714600,91.38,91.745,91.24,91.675,,,,,,,0,0,0,0,0,0,86.08376250000006
1701786600,91.2625,92.315,91.24,91.985,,,,,,,0,0,0,0,0,0,86.10306250000006
1701801000,91.99,92.23,91.865,92.215,,,,,,,0,0,0,0,0,0,86.12323750000007
1701873000,92.875,92.905,91.56,91.835,,,,,,,0,0,0,0,0,0,86.14238750000005
1701887400,91.825,91.875,91.36,91.445,,,,,,,0,0,0,0,0,0,86.15548750000008
1701959400,91.875,92.515,91.67,92.385,,,,,,,0,0,0,0,0,0,86.17178750000006
1701973800,92.385,92.695,92.36,92.54,,,,,,,0,0,0,0,0,0,86.18436250000008
1702045800,92.34,93.19,92.325,93.095,,,,,,,0,0,0,0,0,0,86.19915000000009
1702060200,93.11,93.405,93.025,93.33,,,,,,,0,0,0,0,0,0,86.21687500000007
1702305000,93.05,93.9775,92.84,93.96,,,,,,,0,0,0,0,0,0,86.23722500000007
1702319400,93.96,94.165,93.935,94.12,,,,,,,0,0,0,0,0,0,86.26395000000008
1702391400,93.82,94.475,93.72,94.38,,,,,,,0,0,0,0,0,0,86.29535000000007
1702405800,94.38,94.8,94.35,94.795,,,,,,,0,0,0,0,0,0,86.32685000000009
1702477800,95,95.34,94.77,94.825,,,,,,,0,0,0,0,0,0,86.36082500000008
1702492200,94.82,95.835,94.82,95.625,,,,,,,0,0,0,0,0,0,86.39782500000007
1702564200,95.66,96.04,94.965,94.98,,,,,,,0,0,0,0,0,0,86.43160000000007
1702578600,94.975,95.37,94.665,95.355,,,,,,,0,0,0,0,0,0,86.46180000000008
1702650600,95.345,96.4,95.345,96.115,,,,,,,0,0,0,0,0,0,86.49635000000008
1702665000,96.115,96.25,95.685,95.89,,,,,,,0,0,0,0,0,0,86.53737500000008
1702909800,95.61,95.98,95.215,95.955,,,,,,,0,0,0,0,0,0,86.57702500000006
1702924200,95.975,96.14,95.93,95.965,,,,,,,0,0,0,0,0,0,86.61380000000007
1702996200,95.905,96.225,95.85,96.105,,,,,,,0,0,0,0,0,0,86.65555000000008
1703010600,96.11,96.295,96.025,96.27,,,,,,,0,0,0,0,0,0,86.69277500000007
1703082600,96.23,96.52,96.025,96.43,,,,,,,0,0,0,0,0,0,86.73002500000008
1703097000,96.435,96.465,94.825,94.84,,,,,,,0,0,0,0,0,0,86.75955000000008
1703169000,95.815,96.115,95.095,95.37,,,,,,,0,0,0,0,0,0,86.79050000000007
1703183400,95.385,95.97,95.265,95.885,,,,,,,0,0,0,0,0,0,86.82352500000006
1703255400,96.205,96.305,95.915,96.175,,,,,,,0,0,0,0,0,0,86.85767500000007
1703269800,96.18,96.215,95.55,96.01,,,,,,,0,0,0,0,0,0,86.90147500000008
1703601000,96.125,96.57,96.125,96.305,,,,,,,0,0,0,0,0,0,86.94745000000007
1703615400,96.32,96.62,96.225,96.435,,,,,,,0,0,0,0,0,0,86.99405000000007
1703687400,96.44,96.62,96.025,96.37,,,,,,,0,0,0,0,0,0,87.04207500000008
1703701800,96.39,96.49,96.18,96.475,,,,,,,0,0,0,0,0,0,87.09140000000008
1703773800,96.8,96.86,96.5025,96.645,,,,,,,0,0,0,0,0,0,87.14682500000008
1703788200,96.65,96.76,96.485,96.56,,,,,,,0,0,0,0,0,0,87.20242500000008
1703860200,96.615,96.775,95.76,96.075,,,,,,,0,0,0,0,0,0,87.25365000000009
1703874600,96.085,96.425,96.065,96.24,,,,,,,1,0,0,0,0,0,87.31122500000009
1704205800,94.965,95.075,93.455,93.76,,,,,,,1,0,0,0,0,0,87.35425000000008
1704220200,93.76,93.83,93.125,93.765,,,,,,,1,0,0,0,0,0,87.4010000000001
1704292200,92.875,93.37,92.665,92.925,,,,,,,1,0,0,0,0,0,87.44540000000008
1704306600,92.93,93.14,92.6,92.75,,,,,,,0,0,0,0,0,0,87.4888500000001
1704378600,92.215,92.825,92.09,92.545,,,,,,,0,0,0,0,0,0,87.53122500000009
1704393000,92.56,92.615,91.995,92.09,,,,,,,0,0,0,0,0,0,87.5740500000001
1704465000,92.185,92.85,92.055,92.28,,,,,,,0,0,0,0,0,0,87.61802500000009
1704479400,92.28,92.44,91.71,92.06,,,,,,,0,0,0,0,0,0,87.65572500000009
1704724200,92.43,93.945,92.43,93.855,,,,,,,0,0,0,0,0,0,87.70107500000009
1704738600,93.8575,94.42,93.84,94.375,,,,,,,0,0,0,0,0,0,87.75090000000007
1704810600,93.645,94.79,93.445,94.54,,,,,,,0,0,0,0,0,0,87.80393750000009
1704825000,94.53,94.71,94.22,94.535,,,,,,,0,0,0,0,0,0,87.85856250000008
1704897000,94.595,95.1175,94.375,94.96,,,,,,,0,0,0,0,0,0,87.91756250000007
1704911400,94.96,95.53,94.96,95.34,,,,,,,1,0,0,0,0,0,87.97948750000009
1704983400,95.75,96.265,94.47,95.275,,,,,,,1,0,0,0,0,0,88.04408750000007
1704997800,95.31,95.855,95.245,95.785,,,,,,,1,0,0,0,0,0,88.11151250000007
1705069800,96,96.34,95.645,96.035,,,,,,,1,0,0,0,0,0,88.17921250000009
1705084200,96.05,96.23,95.89,96.115,,,,,,,1,0,0,0,0,0,88.24103750000008
1705415400,96.005,96.76,95.45,96.115,,,,,,,1,0,0,0,0,0,88.30121250000008
1705429800,96.115,96.395,95.725,96.3725,,,,,,,1,0,0,0,0,0,88.36327500000009
1705501800,95.645,95.75,94.85,95.42,,,,,,,1,0,0,0,0,0,88.42067500000009
1705516200,95.41,95.9975,95.205,95.9,,,,,,,1,0,0,0,0,0,88.47210000000008
1705588200,97.16,97.82,96.8,96.855,,,,,,,1,0,0,0,0,0,88.52892500000009
1705602600,96.8475,97.92,96.8475,97.815,,,,,,,0,0,0,0,0,0,88.59742500000007
1705674600,98.485,99.5075,98.255,99.49,,,,,,,0,0,0,0,0,0,88.67737500000008
1705689000,99.495,100.105,99.49,100.105,,,,,,,0,0,0,0,0,0,88.75895000000008
1705933800,100.69,101.13,100.145,100.405,,,,,,,0,0,0,0,0,0,88.83917500000008
1705948200,100.395,100.725,100.395,100.505,,,,,,,0,0,0,0,0,0,88.91632500000009
1706020200,100.56,100.735,100.035,100.66,,,,,,,0,0,0,0,0,0,88.99447500000008
1706034600,100.665,100.995,100.54,100.93,,,,,,,0,0,0,0,0,0,89.0659750000001
1706106600,101.625,102.645,101.335,102.475,,,,,,,0,0,0,0,0,0,89.14480000000009
1706121000,102.47,102.475,101.535,101.64,,,,,,,0,0,0,0,0,0,89.21630000000009
1706193000,102.66,103.075,102.085,102.24,,,,,,,0,0,0,0,0,0,89.29052500000009
1706207400,102.235,102.285,101.575,102.06,,,,,,,0,0,0,0,0,0,89.3611500000001
1706279400,101.365,101.7845,100.74,100.885,,,,,,,0,0,0,0,0,0,89.42662500000007
1706293800,100.925,101.115,100.645,100.855,,,,,,,0,0,0,0,0,0,89.49142500000009
1706538600,101.04,101.325,100.805,101.145,,,,,,,0,0,0,0,0,0,89.55675000000008
1706553000,101.15,101.8175,101.085,101.785,,,,,,,0,0,0,0,0,0,89.62375000000009
1706625000,101.75,101.91,100.75,101.04,,,,,,,0,0,0,0,0,0,89.68687500000009
1706639400,101.05,101.095,100.655,100.945,,,,,,,0,0,0,0,0,0,89.7558000000001
1706711400,100.025,100.41,99.015,99.645,,,,,,,0,0,0,0,0,0,89.8166000000001
1706725800,99.65,100.275,98.81,98.81,,,,,,,0,0,0,0,0,0,89.88025000000009
1706797800,99.205,99.98,99.17,99.735,,,,,,,0,0,0,0,0,0,89.94790000000008
1706812200,99.76,100.2225,99.575,100.09,,,,,,,0,0,0,0,0,0,90.01530000000008
1706884200,99.4625,101.385,99.36,101.055,,,,,,,0,0,0,0,0,0,90.08855000000008
1706898600,101.06,101.44,100.92,101.105,,,,,,,0,0,0,0,0,0,90.16087500000009
1707143400,101.495,101.645,100.4,101.255,,,,,,,0,0,0,0,0,0,90.23292500000007
1707157800,101.255,101.575,101.145,101.34,,,,,,,0,0,0,0,0,0,90.31027500000008
1707229800,101.46,101.64,100.24,100.605,,,,,,,0,0,0,0,0,0,90.38700000000009
1707244200,100.63,100.895,100.275,100.88,,,,,,,0,0,0,0,0,0,90.46220000000008
1707316200,101.56,102.215,101.2,102.06,,,,,,,0,0,0,0,0,0,90.54500000000009
1707330600,102.065,102.245,101.98,102.225,,,,,,,0,0,0,0,0,0,90.62510000000009
1707402600,102.37,102.805,102.27,102.72,,,,,,,0,0,0,0,0,0,90.70815000000007
1707417000,102.72,102.79,102.37,102.545,,,,,,,0,0,0,0,0,0,90.79907500000009
1707489000,102.905,103.905,102.845,103.89,,,,,,,0,0,0,0,0,0,90.8961250000001
1707503400,103.895,104.05,103.795,103.95,,,,,,,0,0,0,0,0,0,90.9915750000001
1707748200,103.915,104.235,103.4,103.785,,,,,,,0,0,0,0,0,0,91.08712500000009
1707762600,103.765,103.77,102.98,103.13,,,,,,,0,0,0,0,0,0,91.1810250000001
1707834600,100.9,102.06,100.635,101.42,,,,,,,0,0,0,0,0,0,91.26492500000009
1707849000,101.415,101.465,100.5875,101.36,,,,,,,0,0,0,0,0,0,91.34952500000009
1707921000,102.1,102.315,101.42,101.725,,,,,,,0,0,0,0,0,0,91.44172500000009
1707935400,101.74,102.52,101.6,102.42,,,,,,,0,0,0,0,0,0,91.53992500000011
1708007400,102.575,102.675,101.66,102.15,,,,,,,0,0,0,0,0,0,91.64061250000012
1708021800,102.1575,102.26,101.9,102.2,,,,,,,0,0,0,0,0,0,91.73893750000012
1708093800,102.45,102.71,101.255,101.805,,,,,,,0,0,0,0,0,0,91.83721250000012
1708108200,101.84,102.225,101.15,101.275,,,,,,,0,0,0,0,0,0,91.9321375000001
1708439400,100.7275,101.05,99.25,99.54,,,,,,,0,0,0,0,0,0,92.01728750000011
1708453800,99.53,100.275,99.455,100.275,,,,,,,0,0,0,0,0,0,92.11288750000011
1708525800,99.255,99.405,98.81,98.98,,,,,,,0,0,0,0,0,0,92.2027875000001
1708540200,98.97,99.6,98.54,99.585,,,,,,,0,0,0,0,0,0,92.2984375000001
1708612200,102.195,102.755,101.97,102.685,,,,,,,0,0,0,0,0,0,92.4061875000001
1708626600,102.69,103.155,102.65,102.885,,,,,,,0,0,0,0,0,0,92.5118875000001
1708698600,103.7,103.83,102.325,102.9675,,,,,,,0,0,0,0,0,0,92.6182750000001
1708713000,102.95,103,102.535,102.64,,,,,,,0,0,0,0,0,0,92.72160000000011
1708957800,103.06,103.35,102.645,102.975,,,,,,,0,0,0,0,0,0,92.82667500000011
1708972200,102.98,103.23,102.73,102.765,,,,,,,0,0,0,0,0,0,92.9282000000001
1709044200,102.985,103,102.07,102.25,,,,,,,0,0,0,0,0,0,93.02512500000012
1709058600,102.255,102.96,102.23,102.855,,,,,,,0,0,0,0,0,0,93.1323500000001
1709130600,102.425,102.63,101.99,102.335,,,,,,,0,0,0,0,0,0,93.2366500000001
1709145000,102.345,102.44,102.095,102.375,,,,,,,0,0,0,0,0,0,93.33852500000008
1709217000,102.915,103.255,102.345,103.185,,,,,,,0,0,0,0,0,0,93.44235000000009
1709231400,103.19,103.73,103.055,103.475,,,,,,,0,0,0,0,0,0,93.5488250000001
1709303400,103.74,105.13,103.705,105.125,,,,,,,0,0,0,0,0,0,93.66157500000008
1709317800,105.125,105.53,105.08,105.365,,,,,,,0,0,0,0,0,0,93.7681250000001
1709562600,105.27,105.755,104.995,105.4875,,,,,,,0,0,0,0,0,0,93.87490000000008
1709577000,105.49,105.98,105.3075,105.37,,,,,,,0,0,0,0,0,0,93.98080000000009
1709649000,104.325,104.38,102.545,102.64,,,,,,,0,0,0,0,0,0,94.0712000000001
1709663400,102.64,102.795,102.125,102.77,,,,,,,0,0,0,0,0,0,94.16155000000009
1709735400,103.8725,104.385,102.91,104.28,,,,,,,0,0,0,0,0,0,94.25952500000008
1709749800,104.275,104.28,103.125,103.565,,,,,,,0,0,0,0,0,0,94.35342500000007
1709821800,104.5,105.355,103.97,105.28,,,,,,,0,0,0,0,0,0,94.45255000000009
1709836200,105.2875,105.55,105.09,105.24,,,,,,,0,0,0,0,0,0,94.55122500000009
1709908200,105.41,106.155,103.72,103.9,,,,,,,0,0,0,0,0,0,94.64312500000011
1709922600,103.855,104.675,103.615,103.64,,,,,,,0,0,0,0,0,0,94.74082500000011
1710163800,103.17,103.57,102.64,103.425,,,,,,,0,0,0,0,0,0,94.8364250000001
1710178200,103.425,103.61,103.115,103.385,,,,,,,0,0,0,0,0,0,94.9286500000001
1710250200,104.35,105.14,103.4,104.79,,,,,,,0,0,0,0,0,0,95.02705000000009
1710264600,104.8,105.515,104.775,105.475,,,,,,,0,0,0,0,0,0,95.13011250000011
1710336600,105.22,105.24,103.9375,104.51,,,,,,,0,0,0,0,0,0,95.22893750000009
1710351000,104.52,104.73,104.08,104.3,,,,,,,0,0,0,0,0,0,95.32798750000009
1710423000,104.795,105.175,103.995,104.215,,,,,,,0,0,0,0,0,0,95.4299500000001
1710437400,104.215,104.82,103.75,104.42,,,,,,,0,0,0,0,0,0,95.5299750000001
1710509400,102.855,103.36,102.4,102.62,,,,,,,0,0,0,0,0,0,95.62617500000009
1710523800,102.615,103.065,102.555,102.84,,,,,,,0,0,0,0,0,0,95.7276500000001
1710768600,103.62,104.21,103.175,103.505,,,,,,,0,0,0,0,0,0,95.8353500000001
1710783000,103.5,103.735,103.07,103.14,,,,,,,0,0,0,0,0,0,95.93807500000011
1710855000,102.745,103.625,102.13,103.5,,,,,,,0,0,0,0,0,0,96.04532500000012
1710869400,103.56,103.7,103.26,103.65,,,,,,,0,0,0,0,0,0,96.15290000000012
1710941400,103.79,103.915,103.4,103.535,,,,,,,0,0,0,0,0,0,96.25747500000013
1710955800,103.54,104.875,103.44,104.845,,,,,,,0,0,0,0,0,0,96.37350000000013
1711027800,105.925,105.95,105.23,105.545,,,,,,,0,0,0,0,0,0,96.49281250000013
1711042200,105.52,105.535,104.83,104.93,,,,,,,0,0,0,0,0,0,96.61808750000012
1711114200,104.925,105.31,104.56,105.185,,,,,,,0,0,0,0,0,0,96.74353750000013
1711128600,105.235,105.34,104.8225,104.915,,,,,,,0,0,0,0,0,0,96.86568750000013
1711373400,103.96,104.63,103.66,104.565,,,,,,,0,0,0,0,0,0,96.98578750000011
1711387800,104.57,104.695,104.215,104.245,,,,,,,0,0,0,0,0,0,97.10063750000012
1711459800,104.6,104.805,104.255,104.385,,,,,,,0,0,0,0,0,0,97.21543750000012
1711474200,104.385,104.44,103.745,103.83,,,,,,,0,0,0,0,0,0,97.32606250000012
1711546200,104.5,104.53,103.56,103.77,,,,,,,0,0,0,0,0,0,97.43498750000012
1711560600,103.77,104.37,103.68,104.345,,,,,,,0,0,0,0,0,0,97.5427625000001
1711632600,104.15,104.435,103.925,104.01,,,,,,,0,0,0,0,0,0,97.64488750000011
1711647000,104.015,104.42,103.99,104.13,,,,,,,0,0,0,0,0,0,97.74136250000012
1711978200,104.38,105.03,104.05,104.22,,,,,,,0,0,0,0,0,0,97.83738750000012
1711992600,104.22,104.545,104.19,104.435,,,,,,,0,0,0,0,0,0,97.93033750000012
1712064600,103.28,103.38,102.575,103.18,,,,,,,0,0,0,0,0,0,98.01683750000011
1712079000,103.1875,103.565,103.145,103.435,,,,,,,0,0,0,0,0,0,98.10478750000011
1712151000,102.91,104.225,102.875,104.055,,,,,,,0,0,0,0,0,0,98.19278750000011
1712165400,104.06,104.15,103.33,103.68,,,,,,,0,0,0,0,0,0,98.27361250000011
1712237400,104.74,105.05,104.42,104.735,,,,,,,0,0,0,0,0,0,98.3602375000001
1712251800,104.745,104.755,102.005,102.055,,,,,,,0,0,0,0,0,0,98.43176250000009
1712323800,102.52,103.75,102.215,103.505,,,,,,,0,0,0,0,0,0,98.50983750000009
1712338200,103.515,103.61,102.935,103.215,,,,,,,0,0,0,0,0,0,98.5845375000001
1712583000,103.29,103.63,102.725,103.165,,,,,,,0,0,0,0,0,0,98.66291250000009
1712597400,103.13,103.345,102.99,103.1,,,,,,,0,0,0,0,0,0,98.7314375000001
1712669400,103.66,103.85,102.335,103.11,,,,,,,0,0,0,0,0,0,98.79806250000009
1712683800,103.11,103.63,102.7,103.62,,,,,,,0,0,0,0,0,0,98.8701375000001
1712755800,102.41,102.725,101.95,102.27,,,,,,,0,0,0,0,0,0,98.93538750000009
1712770200,102.25,102.575,101.915,102.35,,,,,,,0,0,0,0,0,0,98.99246250000009
1712842200,102.735,103.85,102.31,103.785,,,,,,,0,0,0,0,0,0,99.0562875000001
1712856600,103.8,104.57,103.665,104.395,,,,,,,0,0,0,0,0,0,99.1227375000001
1712928600,103.18,103.635,102.345,102.415,,,,,,,0,0,0,0,0,0,99.17913750000008
1712943000,102.395,102.885,102.34,102.74,,,,,,,0,0,0,0,0,0,99.23563750000008
1713187800,103.365,103.405,101.415,101.415,,,,,,,0,0,0,0,0,0,99.28473750000008
1713202200,101.42,101.42,100.605,100.785,,,,,,,0,0,0,0,0,0,99.33098750000008
1713274200,100.96,101.36,100.575,100.955,,,,,,,0,0,0,0,0,0,99.3787375000001
1713288600,100.955,101.5,100.48,100.855,,,,,,,0,0,0,0,0,0,99.41958750000009
1713360600,101.22,101.42,99.35,99.94,,,,,,,0,0,0,0,0,0,99.4555375000001
1713375000,99.95,100.295,99.395,99.41,,,,,,,0,0,0,0,0,0,99.49398750000012
1713447000,99.4,99.65,98.31,98.605,,,,,,,0,0,0,0,0,0,99.5271375000001
1713461400,98.6,98.64,98.185,98.32,,,,,,,0,0,0,0,0,0,99.55478750000009
1713533400,97.915,98.235,96.5,96.8,,,,,,,0,0,0,0,0,0,99.5769375000001
1713547800,96.78,97.265,96.02,96.255,,,,,,,0,0,0,0,0,0,99.59716250000008
1713792600,97.02,97.145,96.045,97.08,,,,,,,0,0,0,0,0,0,99.61961250000009
1713807000,97.08,97.71,96.96,97.135,,,,,,,0,0,0,0,0,0,99.64431250000008
1713879000,97.495,98.55,97.385,98.375,,,,,,,0,0,0,0,0,0,99.67581250000008
1713893400,98.3695,98.71,98.3275,98.53,,,,,,,0,0,0,0,0,0,99.70661250000008
1713965400,99.27,99.7,98.485,98.995,,,,,,,0,0,0,0,0,0,99.7378375000001
1713979800,99.005,99.32,98.6675,99,,,,,,,0,0,0,0,0,0,99.77056250000008
1714051800,97.78,98.435,97.345,98.35,,,,,,,0,0,0,0,0,0,99.80278750000011
1714066200,98.34,98.975,98.33,98.8,,,,,,,0,0,0,0,0,0,99.83398750000009
1714138200,99.555,100.645,99.185,100.345,,,,,,,0,0,0,0,0,0,99.8723875000001
1714152600,100.35,100.41,99.8675,99.87,,,,,,,0,0,0,0,0,0,99.9079375000001
1714397400,100.37,100.585,99.99,100.435,,,,,,,0,0,0,0,0,0,99.95318750000011
1714411800,100.445,100.5,99.76,100.345,,,,,,,0,0,0,0,0,0,99.9965375000001
1714483800,99.995,100.41,99.085,99.16,,,,,,,0,0,0,0,0,0,100.0324125000001
1714498200,99.165,99.455,98.11,98.11,,,,,,,0,0,0,0,0,0,100.0618875000001
1714570200,97.595,97.81,97.125,97.465,,,,,,,0,0,0,0,0,0,100.09003750000011
1714584600,97.475,99.255,97.11,97.135,,,,,,,0,0,0,0,0,0,100.11848750000011
1714656600,98.36,98.5,97.13,98.24,,,,,,,0,0,0,0,0,0,100.14776250000011
1714671000,98.245,98.66,98.035,98.525,,,,,,,0,0,0,0,0,0,100.17768750000012
1714743000,101.09,101.54,100.84,101.345,,,,,,,0,0,0,0,0,0,100.21893750000012
1714757400,101.36,101.6175,101.19,101.26,,,,,,,0,0,0,0,0,0,100.25858750000012
1715002200,101.705,102.095,101.505,101.92,,,,,,,0,0,0,0,0,0,100.29838750000012
1715016600,101.91,102.465,101.9,102.465,,,,,,,0,0,0,0,0,0,100.34011250000012
1715088600,102.765,102.815,102.445,102.68,,,,,,,0,0,0,0,0,0,100.38161250000012
1715103000,102.68,102.735,102.125,102.125,,,,,,,0,0,0,0,0,0,100.41826250000013
1715175000,101.805,102.53,101.75,102.15,,,,,,,0,0,0,0,0,0,100.45488750000011
1715189400,102.115,102.515,102.115,102.425,,,,,,,0,0,0,0,0,0,100.4888875000001
1715261400,102.245,102.46,101.88,102.345,,,,,,,0,0,0,0,0,0,100.52571250000011
1715275800,102.35,102.46,102.165,102.385,,,,,,,0,0,0,0,0,0,100.56086250000011
1715347800,102.925,103.385,102.445,102.62,,,,,,,0,0,0,0,0,0,100.59338750000012
1715362200,102.625,102.865,102.545,102.77,,,,,,,0,0,0,0,0,0,100.62778750000012
1715607000,103.595,103.61,102.935,103.365,,,,,,,0,0,0,0,0,0,100.66483750000012
1715621400,103.365,103.395,103.175,103.26,,,,,,,0,0,0,0,0,0,100.70131250000011
1715693400,103.275,103.87,103.16,103.53,,,,,,,0,0,0,0,0,0,100.7384375000001
1715707800,103.525,104.315,103.52,104.175,,,,,,,0,0,0,0,0,0,100.7779625000001
1715779800,104.825,106.375,104.75,106.35,,,,,,,0,0,0,0,0,0,100.82756250000011
1715794200,106.355,106.545,106.3,106.515,,,,,,,0,0,0,0,0,0,100.88593750000011
1715866200,106.5775,106.91,106.36,106.46,,,,,,,0,0,0,0,0,0,100.9413875000001
1715880600,106.465,106.5875,106.095,106.15,,,,,,,0,0,0,0,0,0,100.99271250000011
1715952600,106.3875,106.455,105.7,105.78,,,,,,,0,0,0,0,0,0,101.04073750000012
1715967000,105.77,105.9725,105.335,105.925,,,,,,,0,0,0,0,0,0,101.09031250000011
1716211800,106,107.35,105.91,107.055,,,,,,,0,0,0,0,0,0,101.1440625000001
1716226200,107.035,107.195,106.815,107.15,,,,,,,0,0,0,0,0,0,101.19763750000011
1716298200,106.745,107.49,106.555,107.41,,,,,,,0,0,0,0,0,0,101.25283750000011
1716312600,107.415,107.505,107.255,107.32,,,,,,,0,0,0,0,0,0,101.3070625000001
1716384600,107.61,107.955,107.5,107.785,,,,,,,0,0,0,0,0,0,101.36276250000012
1716399000,107.77,107.77,106.94,107.58,,,,,,,0,0,0,0,0,0,101.41786250000013
1716471000,108.8,108.8,107.2925,107.63,,,,,,,0,0,0,0,0,0,101.47563750000012
1716485400,107.625,107.625,106.36,106.73,,,,,,,0,0,0,0,0,0,101.52808750000013
1716557400,107,107.82,106.61,107.665,,,,,,,0,0,0,0,0,0,101.59761250000014
1716571800,107.66,107.82,107.345,107.58,,,,,,,0,0,0,0,0,0,101.66668750000014
1716903000,108.205,108.28,107.48,108.135,,,,,,,0,0,0,0,0,0,101.74273750000013
1716917400,108.14,108.215,107.38,108.06,,,,,,,0,0,0,0,0,0,101.81928750000012
1716989400,107,107.885,106.94,107.71,,,,,,,0,0,0,0,0,0,101.89511250000012
1717003800,107.695,107.775,107.225,107.37,,,,,,,0,0,0,0,0,0,101.97151250000013
1717075800,106.27,106.33,105.21,105.695,,,,,,,0,0,0,0,0,0,102.03858750000013
1717090200,105.705,105.76,104.585,104.865,,,,,,,0,0,0,0,0,0,102.10261250000013
1717162200,105.125,105.245,102.765,103.4875,,,,,,,0,0,0,0,0,0,102.15077500000012
1717176600,103.49,105.15,103.215,105.09,,,,,,,0,0,0,0,0,0,102.20435000000012
1717421400,105.9,105.98,104.095,104.585,,,,,,,0,0,0,0,0,0,102.25457500000012
1717435800,104.615,105.365,104.57,105.36,,,,,,,0,0,0,0,0,0,102.30870000000012
1717507800,105.28,105.305,104.75,105.17,,,,,,,0,0,0,0,0,0,102.35975000000012
1717522200,105.175,105.725,105.01,105.535,,,,,,,0,0,0,0,0,0,102.41072500000011
1717594200,106.475,107.57,106.23,107.45,,,,,,,0,0,0,0,0,0,102.47160000000011
1717608600,107.465,107.905,107.465,107.9,,,,,,,0,0,0,0,0,0,102.53217500000011
1717680600,107.975,108.04,107.405,107.635,,,,,,,0,0,0,0,0,0,102.5901750000001
1717695000,107.63,107.69,107.27,107.585,,,,,,,0,0,0,0,0,0,102.64752500000012
1717767000,107.625,108.25,107.265,108.105,,,,,,,0,0,0,0,0,0,102.70747500000012
1717781400,108.11,108.2,107.44,107.8,,,,,,,0,0,0,0,0,0,102.76461250000011
1718026200,107.45,108.365,107.365,107.92,,,,,,,0,0,0,0,0,0,102.82711250000013
1718040600,107.915,108.245,107.555,108.095,,,,,,,0,0,0,0,0,0,102.88808750000011
1718112600,107.775,109.48,107.745,109.27,,,,,,,0,0,0,0,0,0,102.95016250000012
1718127000,109.27,110.115,109.265,110.09,,,,,,,0,0,0,0,0,0,103.0115375000001
1718199000,111.155,113.08,110.97,112.96,,,,,,,0,0,0,0,0,0,103.0788875000001
1718213400,112.96,113.655,112.25,112.53,,,,,,,0,0,0,0,0,0,103.1410125000001
1718285400,113.48,113.88,112.715,113.255,,,,,,,0,0,0,0,0,0,103.2052625000001
1718299800,113.27,113.6775,113,113.41,,,,,,,0,0,0,0,0,0,103.26978750000009
1718371800,113.31,113.835,113.175,113.705,,,,,,,0,0,0,0,0,0,103.33501250000009
1718386200,113.72,113.9,113.595,113.81,,,,,,,0,0,0,0,0,0,103.3994125000001
1718631000,114.115,115.4,113.725,115.34,,,,,,,0,0,0,0,0,0,103.4637375000001
1718645400,115.345,115.96,115.325,115.53,,,,,,,0,0,0,0,0,0,103.5331875000001
1718717400,115.72,116.085,115.25,115.84,,,,,,,0,0,0,0,0,0,103.6011875000001
1718731800,115.84,115.915,115.49,115.735,,,,,,,0,0,0,0,0,0,103.66956250000008
1718890200,116.225,116.295,114.21,114.2875,,,,,,,0,0,0,0,0,0,103.73657500000009
1718904600,114.305,114.745,114.03,114.4,,,,,,,0,0,0,0,0,0,103.8043000000001
1718976600,114.31,114.875,113.685,114.31,,,,,,,0,0,0,0,0,0,103.8701250000001
1718991000,114.295,114.425,114.025,114.045,,,,,,,0,0,0,0,0,0,103.9314250000001
1719235800,112.87,113.32,111.73,111.84,,,,,,,0,0,0,0,0,0,103.9854250000001
1719250200,111.815,112.15,111.18,111.2,,,,,,,0,0,0,0,0,0,104.03670000000011
1719322200,112.025,113.09,111.405,112.645,,,,,,,0,0,0,0,0,0,104.10170000000011
1719336600,112.67,113.315,112.525,113.24,,,,,,,0,0,0,0,0,0,104.17385000000012
1719408600,113.09,113.67,112.3,112.625,,,,,,,0,0,0,0,0,0,104.23830000000011
1719423000,112.615,113.25,112.245,113.175,,,,,,,0,0,0,0,0,0,104.3037250000001
1719495000,112.84,113.72,112.825,113.405,,,,,,,0,0,0,0,0,0,104.36547500000012
1719509400,113.425,113.615,112.85,113.23,,,,,,,0,0,0,0,0,0,104.42610000000012
1719581400,113.52,115.2,113.34,113.88,,,,,,,0,0,0,0,0,0,104.48922500000012
1719595800,113.895,114.015,112.96,113.115,,,,,,,0,0,0,0,0,0,104.5481000000001
1719840600,113.27,113.8695,111.645,113.69,,,,,,,0,0,0,0,0,0,104.6135250000001
1719855000,113.645,114.16,113.435,114.02,,,,,,,0,0,0,0,0,0,104.6792250000001
1719927000,113,114.26,113,114.175,,,,,,,0,0,0,0,0,0,104.7398000000001
1719941400,114.18,114.545,114.08,114.54,,,,,,,0,0,0,0,0,0,104.80137500000009
1720013400,114.3,116.135,114.28,116.11,,,,,,,0,0,0,0,0,0,104.86832500000008
1720186200,116.185,116.95,115.74,116.775,,,,,,,0,0,0,0,0,0,104.93947500000009
1720200600,116.78,116.87,116.415,116.45,,,,,,,0,0,0,0,0,0,105.0022750000001
1720445400,116.76,117.57,116.605,117.2,,,,,,,0,0,0,0,0,0,105.0685250000001
1720459800,117.205,117.38,116.905,117.275,,,,,,,0,0,0,0,0,0,105.1359750000001
1720531800,117.83,118.115,116.47,116.645,,,,,,,0,0,0,0,0,0,105.20355000000009
1720546200,116.65,117.175,116.645,117.145,,,,,,,0,0,0,0,0,0,105.28217500000008
1720618200,117.88,118.475,117.28,118.32,,,,,,,0,0,0,0,0,0,105.3669750000001
1720632600,118.34,118.925,118.31,118.815,,,,,,,0,0,0,0,0,0,105.45242500000009
1720704600,119,119.07,115.84,116.23,,,,,,,0,0,0,0,0,0,105.5214750000001
1720719000,116.135,116.445,115.53,115.8,,,,,,,0,0,0,0,0,0,105.58972500000009
1720791000,116.185,117.725,115.795,117.725,,,,,,,0,0,0,0,0,0,105.6673500000001
1720805400,117.705,118.14,116.665,116.975,,,,,,,0,0,0,0,0,0,105.74320000000009
1721050200,117.44,118.265,116.825,116.945,,,,,,,0,0,0,0,0,0,105.8215500000001
1721064600,116.89,117.26,116.445,117.145,,,,,,,0,0,0,0,0,0,105.90957500000009
1721136600,117.335,117.45,115.88,116.18,,,,,,,0,0,0,0,0,0,105.9891000000001
1721151000,116.16,116.865,115.96,116.755,,,,,,,0,0,0,0,0,0,106.0779750000001
1721223000,114.045,114.165,112.125,112.595,,,,,,,0,0,0,0,0,0,106.1430250000001
1721237400,112.59,112.885,112.12,112.165,,,,,,,0,0,0,0,0,0,106.1904250000001
1721309400,113.41,113.425,110.775,111.8,,,,,,,0,0,0,0,0,0,106.23500000000011
1721323800,111.795,112.48,111.025,112.175,,,,,,,0,0,0,0,0,0,106.28103750000011
1721395800,111.53,112.28,110.19,110.425,,,,,,,0,0,0,0,0,0,106.31996250000012
1721410200,110.385,111.02,110.275,110.47,,,,,,,0,0,0,0,0,0,106.3574375000001
1721655000,111.975,112.855,111.42,112.57,,,,,,,0,0,0,0,0,0,106.4064625000001
1721669400,112.585,113.17,112.55,112.99,,,,,,,0,0,0,0,0,0,106.46016250000011
1721741400,112.665,113.61,112.465,112.7,,,,,,,0,0,0,0,0,0,106.50938750000012
1721755800,112.645,112.945,112.455,112.595,,,,,,,0,0,0,0,0,0,106.56068750000013
1721827800,111.19,111.47,108.71,109.065,,,,,,,0,0,0,0,0,0,106.59413750000013
1721842200,109.05,109.275,107.68,107.975,,,,,,,0,0,0,0,0,0,106.61808750000012
1721914200,107.94,109.43,105.23,108.555,,,,,,,0,0,0,0,0,0,106.64348750000012
1721928600,108.545,108.875,106.665,106.75,,,,,,,0,0,0,0,0,0,106.6516125000001
1722000600,108.205,109,107.225,108.95,,,,,,,0,0,0,0,0,0,106.66953750000012
1722015000,108.945,108.975,107.565,108.155,,,,,,,0,0,0,0,0,0,106.6828750000001
1722259800,108.965,109.465,107.345,108.055,,,,,,,0,0,0,0,0,0,106.69630000000011
1722274200,108.07,108.34,107.585,107.675,,,,,,,0,0,0,0,0,0,106.72147500000008
1722346200,108.09,108.165,104.145,105,,,,,,,0,0,0,0,0,0,106.7326250000001
1722360600,104.985,105.61,104.73,104.94,,,,,,,0,0,0,0,0,0,106.7359250000001
1722432600,108.225,109.04,107.47,108.675,,,,,,,0,0,0,0,0,0,106.7614750000001
1722447000,108.665,109.8,108.09,109.355,,,,,,,0,0,0,0,0,0,106.7818500000001
1722519000,109.1,110.36,105.155,105.37,,,,,,,0,0,0,0,0,0,106.78250000000011
1722533400,105.405,105.5,104.2,105.355,,,,,,,0,0,0,0,0,0,106.7897750000001
1722605400,102.53,103.365,100.61,101.54,,,,,,,0,0,0,0,0,0,106.77927500000011
1722619800,101.53,102.46,101.295,102.37,,,,,,,0,0,0,0,0,0,106.7740000000001
1722864600,95.95,100.86,95.38,99.47,,,,,,,0,0,0,0,0,0,106.75442500000013
1722879000,99.47,100,98.24,99.075,,,,,,,0,0,0,0,0,0,106.72585000000014
1722951000,100.215,102.25,99.15,102.03,,,,,,,0,0,0,0,0,0,106.70862500000013
1722965400,102.05,102.32,100.265,100.29,,,,,,,0,0,0,0,0,0,106.68752500000011
1723037400,102.63,103.215,99.97,100.285,,,,,,,0,0,0,0,0,0,106.66745000000012
1723051800,100.295,100.605,98.535,98.695,,,,,,,0,0,0,0,0,0,106.63985000000014
1723123800,100.55,102.08,99,102.08,,,,,,,0,0,0,0,0,0,106.62815000000012
1723138200,102.105,102.6,101.515,102.395,,,,,,,0,0,0,0,0,0,106.62702500000012
1723210200,102.24,103.28,101.67,103.28,,,,,,,0,0,0,0,0,0,106.62922500000013
1723224600,103.295,103.4,102.555,102.795,,,,,,,0,0,0,0,0,0,106.62567500000014
1723469400,103.145,104.46,102.66,103.74,,,,,,,0,0,0,0,0,0,106.62867500000013
1723483800,103.735,103.87,103.28,103.66,,,,,,,0,0,0,0,0,0,106.62947500000013
1723555800,104.94,106.7,104.815,106.545,,,,,,,0,0,0,0,0,0,106.64395000000013
1723570200,106.54,106.8725,106.09,106.85,,,,,,,0,0,0,0,0,0,106.66052500000012
1723642200,107.5,107.975,105.98,107.26,,,,,,,0,0,0,0,0,0,106.67260000000013
1723656600,107.27,107.635,106.94,107.43,,,,,,,0,0,0,0,0,0,106.68202500000012
1723728600,108.84,110.425,108.585,110.21,,,,,,,0,0,0,0,0,0,106.70842500000013
1723743000,110.215,110.62,110.19,110.51,,,,,,,0,0,0,0,0,0,106.73505000000011
1723815000,109.93,110.905,109.63,110.78,,,,,,,0,0,0,0,0,0,106.76437500000013
1723829400,110.79,110.845,110.4,110.695,,,,,,,0,0,0,0,0,0,106.79502500000011
1724074200,110.5,111.435,109.99,111.37,,,,,,,0,0,0,0,0,0,106.83065000000012
1724088600,111.4,112.53,111.37,112.53,,,,,,,0,0,0,0,0,0,106.87137500000011
1724160600,112.2,112.895,111.47,111.965,,,,,,,0,0,0,0,0,0,106.91205000000012
1724175000,111.975,112.62,111.915,112.095,,,,,,,0,0,0,0,0,0,106.95367500000013
1724247000,112.255,113.18,111.845,112.43,,,,,,,0,0,0,0,0,0,106.99410000000013
1724261400,112.44,113.085,112.26,112.77,,,,,,,0,0,0,0,0,0,107.03790000000014
1724333400,113.4,113.675,110.81,111.23,,,,,,,0,0,0,0,0,0,107.07340000000015
1724347800,111.25,111.25,109.945,110.235,,,,,,,0,0,0,0,0,0,107.10347500000013
1724419800,111.29,112.4675,110.555,111.42,,,,,,,0,0,0,0,0,0,107.13840000000015
1724434200,111.41,112.055,111.305,111.945,,,,,,,0,0,0,0,0,0,107.18222500000014
1724679000,111.9,112.3,110.02,110.62,,,,,,,0,0,0,0,0,0,107.21815000000014
1724693400,110.64,110.875,110.085,110.59,,,,,,,0,0,0,0,0,0,107.25082500000013
1724765400,109.89,111.345,109.345,111.31,,,,,,,0,0,0,0,0,0,107.28897500000014
1724779800,111.33,111.48,111.105,111.28,,,,,,,0,0,0,0,0,0,107.32170000000013
1724851800,111.1,111.315,108.825,109.7,,,,,,,0,0,0,0,0,0,107.35992500000013
1724866200,109.685,110.12,108.805,109.74,,,,,,,0,0,0,0,0,0,107.39110000000014
1724938200,109.755,111.28,109.45,110.345,,,,,,,0,0,0,0,0,0,107.42675000000013
1724952600,110.34,110.51,108.45,108.725,,,,,,,0,0,0,0,0,0,107.45455000000013
1725024600,109.905,110.59,108.72,109.205,,,,,,,0,0,0,0,0,0,107.48507500000012
1725039000,109.21,110.245,108.91,110.13,,,,,,,0,0,0,0,0,0,107.52017500000015
1725370200,109,109.08,106.015,106.285,,,,,,,0,0,0,0,0,0,107.53350000000015
1725384600,106.26,106.3,104.5,105.14,,,,,,,0,0,0,0,0,0,107.54785000000014
1725456600,104.04,106.02,103.71,105.435,,,,,,,0,0,0,0,0,0,107.56327500000016
1725471000,105.42,105.625,104.48,104.785,,,,,,,0,0,0,0,0,0,107.56827500000016
1725543000,104.06,105.96,103.985,104.23,,,,,,,0,0,0,0,0,0,107.56745000000015
1725557400,104.2,105.1,104.2,104.655,,,,,,,0,0,0,0,0,0,107.57865000000014
1725629400,104.59,104.835,101.49,101.96,,,,,,,0,0,0,0,0,0,107.57475000000014
1725643800,101.95,102.375,101.52,102.025,,,,,,,0,0,0,0,0,0,107.57780000000014
1725888600,103.2175,103.745,102.27,103.645,,,,,,,0,0,0,0,0,0,107.59210000000012
1725903000,103.63,103.675,102.78,103.65,,,,,,,0,0,0,0,0,0,107.60557500000012
1725975000,104.4075,104.95,103.36,104.23,,,,,,,0,0,0,0,0,0,107.6224500000001
1725989400,104.235,105.275,104.235,105.15,,,,,,,0,0,0,0,0,0,107.64850000000011
1726061400,105.59,106.88,103.87,106.835,,,,,,,0,0,0,0,0,0,107.68562500000013
1726075800,106.85,108.935,106.795,108.675,,,,,,,0,0,0,0,0,0,107.73597500000011
1726147800,108.68,109.65,107.935,109.58,,,,,,,0,0,0,0,0,0,107.79227500000012
1726162200,109.575,110.125,109.235,109.705,,,,,,,0,0,0,0,0,0,107.8568000000001
1726234200,109.745,110.45,109.35,110.44,,,,,,,0,0,0,0,0,0,107.92772500000012
1726248600,110.44,110.4925,109.985,110.235,,,,,,,0,0,0,0,0,0,107.99350000000011
1726493400,109.465,110.135,108.805,109.55,,,,,,,0,0,0,0,0,0,108.05557500000012
1726507800,109.56,109.86,109.48,109.79,,,,,,,0,0,0,0,0,0,108.1126500000001
1726579800,110.9,111.07,109.215,109.685,,,,,,,0,0,0,0,0,0,108.16842500000011
1726594200,109.665,109.78,109.02,109.62,,,,,,,0,0,0,0,0,0,108.2215500000001
1726666200,109.84,109.87,108.575,109.375,,,,,,,0,0,0,0,0,0,108.2734250000001
1726680600,109.375,110.64,108.48,108.58,,,,,,,0,0,0,0,0,0,108.3245750000001
1726752600,111.615,112.425,111.025,112.31,,,,,,,0,0,0,0,0,0,108.39212500000009
1726767000,112.315,112.5,111.61,111.785,,,,,,,0,0,0,0,0,0,108.4493250000001
1726839000,111.325,111.765,110.27,111.05,,,,,,,0,0,0,0,0,0,108.5052250000001
1726853400,111.055,111.66,110.71,111.22,,,,,,,0,0,0,0,0,0,108.5591500000001
1727098200,111.1525,111.31,110.705,110.85,,,,,,,0,0,0,0,0,0,108.6116750000001
1727112600,110.855,111.1225,110.8,111.065,,,,,,,0,0,0,0,0,0,108.6712000000001
1727184600,111.5,112.025,110.31,111.84,,,,,,,0,0,0,0,0,0,108.7398500000001
1727199000,111.85,111.97,111.445,111.81,,,,,,,0,0,0,0,0,0,108.8115750000001
1727271000,111.585,112.605,111.555,111.965,,,,,,,0,0,0,0,0,0,108.8857250000001
1727285400,111.965,112.175,111.665,112.145,,,,,,,0,0,0,0,0,0,108.95525000000009
1727357400,114.385,114.435,112.425,112.865,,,,,,,0,0,0,0,0,0,109.02695000000008
1727371800,112.86,113.745,112.86,113.575,,,,,,,0,0,0,0,0,0,109.08810000000011
1727443800,113.785,113.825,112.345,112.565,,,,,,,0,0,0,0,0,0,109.1446250000001
1727458200,112.515,112.89,112.1305,112.505,,,,,,,0,0,0,0,0,0,109.1975500000001
1727703000,112.015,112.7,111.795,112.175,,,,,,,0,0,0,0,0,0,109.2461000000001
1727717400,112.175,112.95,111.5,112.865,,,,,,,0,0,0,0,0,0,109.2970250000001
1727789400,112.5675,112.6,109.475,109.515,,,,,,,0,0,0,0,0,0,109.3339750000001
1727803800,109.49,110.77,109.48,110.05,,,,,,,0,0,0,0,0,0,109.37347500000011
1727875800,110.1775,111.46,109.535,111.125,,,,,,,0,0,0,0,0,0,109.4169750000001
1727890200,111.11,111.35,110.85,110.925,,,,,,,0,0,0,0,0,0,109.4598750000001
1727962200,110.675,112.22,110.615,111.045,,,,,,,0,0,0,0,0,0,109.5031750000001
1727976600,111.075,111.495,110.85,111.415,,,,,,,0,0,0,0,0,0,109.54715000000012
1728048600,112.87,112.925,111.45,112.22,,,,,,,0,0,0,0,0,0,109.59440000000012
1728063000,112.225,112.71,111.89,112.645,,,,,,,0,0,0,0,0,0,109.64080000000011
1728307800,112.16,112.885,112.14,112.66,,,,,,,0,0,0,0,0,0,109.6878000000001
1728322200,112.63,112.865,111.59,111.885,,,,,,,0,0,0,0,0,0,109.7295750000001
1728394200,112.675,113.725,112.425,113.32,,,,,,,0,0,0,0,0,0,109.7753000000001
1728408600,113.31,114.15,113.29,113.945,,,,,,,0,0,0,0,0,0,109.8132750000001
1728480600,114.03,115.16,113.7,114.97,,,,,,,0,0,0,0,0,0,109.8555500000001
1728495000,114.955,115.39,114.575,115.23,,,,,,,0,0,0,0,0,0,109.8994000000001
1728567000,114.48,115.5,114.145,115.165,,,,,,,0,0,0,0,0,0,109.94447500000011
1728581400,115.17,115.29,114.6,115.1975,,,,,,,0,0,0,0,0,0,109.99156250000009
1728653400,114.925,115.665,114.76,115.28,,,,,,,0,0,0,0,0,0,110.03833750000008
1728667800,115.29,115.605,115.235,115.3975,,,,,,,0,0,0,0,0,0,110.08005000000009
1728912600,116.14,117.15,116.11,116.725,,,,,,,0,0,0,0,0,0,110.12792500000009
1728927000,116.725,117.14,116.65,116.87,,,,,,,0,0,0,0,0,0,110.17522500000008
1728999000,117.125,117.255,114.515,114.59,,,,,,,0,0,0,0,0,0,110.21157500000007
1729013400,114.585,114.83,113.925,114.4525,,,,,,,0,0,0,0,0,0,110.24491250000008
1729085400,114.69,114.695,113.46,114.46,,,,,,,0,0,0,0,0,0,110.27931250000007
1729099800,114.455,114.855,114.455,114.67,,,,,,,0,0,0,0,0,0,110.31451250000008
1729171800,116.32,116.35,115.195,115.89,,,,,,,0,0,0,0,0,0,110.36031250000008
1729186200,115.895,116.015,115.05,115.075,,,,,,,0,0,0,0,0,0,110.39736250000007
1729258200,115.645,115.83,115.215,115.485,,,,,,,0,0,0,0,0,0,110.43688750000007
1729272600,115.505,115.555,115.225,115.43,,,,,,,0,0,0,0,0,0,110.47336250000008
1729517400,115.095,116.01,114.895,115.5,,,,,,,0,0,0,0,0,0,110.51056250000006
1729531800,115.53,116.01,115.425,115.995,,,,,,,0,0,0,0,0,0,110.55198750000007
1729603800,115.38,115.865,115.06,115.725,,,,,,,0,0,0,0,0,0,110.59376250000008
1729618200,115.755,116.27,115.755,115.9,,,,,,,0,0,0,0,0,0,110.64478750000009
1729690200,115.45,115.62,113.795,113.9945,,,,,,,0,0,0,0,0,0,110.6904350000001
1729704600,113.965,114.32,113.25,114.245,,,,,,,0,0,0,0,0,0,110.74422250000009
1729776600,114.705,114.825,113.875,114.395,,,,,,,0,0,0,0,0,0,110.7907475000001
1729791000,114.405,114.73,114.215,114.575,,,,,,,0,0,0,0,0,0,110.84069750000009
1729863000,115.2475,116.435,115.145,115.615,,,,,,,0,0,0,0,0,0,110.89197250000011
1729877400,115.615,115.68,114.985,115.17,,,,,,,0,0,0,0,0,0,110.9419725000001
1730122200,115.79,115.9,115.175,115.35,,,,,,,0,0,0,0,0,0,110.9910475000001
1730136600,115.355,115.445,115.085,115.15,,,,,,,0,0,0,0,0,0,111.02954750000009
1730208600,115.33,116.65,114.9,116.505,,,,,,,0,0,0,0,0,0,111.07257250000009
1730223000,116.51,116.995,116.42,116.685,,,,,,,0,0,0,0,0,0,111.11782250000009
1730295000,115.645,115.905,114.86,115.37,,,,,,,0,0,0,0,0,0,111.1567475000001
1730309400,115.33,115.385,114.735,114.85,,,,,,,0,0,0,0,0,0,111.19047250000011
1730381400,113.43,113.5,111.09,111.54,,,,,,,0,0,0,0,0,0,111.2091725000001
1730395800,111.505,111.955,111.105,111.105,,,,,,,0,0,0,0,0,0,111.22509750000009
1730467800,111.23,112.785,111.09,112.575,,,,,,,0,0,0,0,0,0,111.2474975000001
1730482200,112.545,112.545,111.795,111.95,,,,,,,0,0,0,0,0,0,111.2608975000001
1730730600,112.05,112.66,111.39,112.235,,,,,,,0,0,0,0,0,0,111.27162250000009
1730745000,112.215,112.505,111.79,111.9,,,,,,,0,0,0,0,0,0,111.2663225000001
1730817000,112.255,113.52,112.205,113.17,,,,,,,0,0,0,0,0,0,111.2695225000001
1730831400,113.15,113.455,112.94,113.44,,,,,,,0,0,0,0,0,0,111.27044750000009
1730903400,115.55,116.51,115.275,116.495,,,,,,,0,0,0,0,0,0,111.2858725000001
1730917800,116.505,116.885,116.415,116.64,,,,,,,0,0,0,0,0,0,111.3005475000001
1730989800,117.485,118.37,117.455,118.26,,,,,,,0,0,0,0,0,0,111.3227975000001
1731004200,118.225,118.845,118.1495,118.745,,,,,,,0,0,0,0,0,0,111.3398225000001
1731076200,118.595,118.97,118.15,118.4595,,,,,,,0,0,0,0,0,0,111.3544700000001
1731090600,118.455,118.745,118.405,118.58,,,,,,,0,0,0,0,0,0,111.36817000000012
1731335400,118.565,118.635,117.225,117.445,,,,,,,0,0,0,0,0,0,111.37672000000009
1731349800,117.46,117.94,117.435,117.92,,,,,,,0,0,0,0,0,0,111.39488250000011
1731421800,117.86,118.22,117.145,117.59,,,,,,,0,0,0,0,0,0,111.41083250000011
1731436200,117.5995,118.195,117.595,118.04,,,,,,,0,0,0,0,0,0,111.42948250000012
1731508200,117.8475,118.41,117.3,118.33,,,,,,,0,0,0,0,0,0,111.45090750000013
1731522600,118.325,118.535,117.46,117.68,,,,,,,0,0,0,0,0,0,111.48010750000012
1731594600,117.825,118.06,117.125,117.68,,,,,,,0,0,0,0,0,0,111.51250750000013
1731609000,117.685,117.735,117.07,117.3,,,,,,,0,0,0,0,0,0,111.53578250000011
1731681000,115.76,115.95,114.13,114.325,,,,,,,0,0,0,0,0,0,111.54120750000013
1731695400,114.315,114.5,113.975,114.395,,,,,,,0,0,0,0,0,0,111.55005750000014
1731940200,114.34,115.21,113.87,114.83,,,,,,,0,0,0,0,0,0,111.55833250000012
1731954600,114.84,114.98,114.525,114.74,,,,,,,0,0,0,0,0,0,111.56500750000014
1732026600,114.065,115.325,114.015,115.295,,,,,,,0,0,0,0,0,0,111.57533250000012
1732041000,115.29,115.755,115.275,115.665,,,,,,,0,0,0,0,0,0,111.5842575000001
1732113000,115.725,115.8,114.015,114.695,,,,,,,0,0,0,0,0,0,111.59215750000013
1732127400,114.695,115.625,114.35,115.565,,,,,,,0,0,0,0,0,0,111.60153250000012
1732199400,116.705,117.25,114.91,117.035,,,,,,,0,0,0,0,0,0,111.6166075000001
1732213800,117.07,117.28,116.705,116.755,,,,,,,0,0,0,0,0,0,111.62950750000009
1732285800,116.585,117.07,116.125,116.705,,,,,,,0,0,0,0,0,0,111.6403325000001
1732300200,116.695,116.89,116.335,116.765,,,,,,,0,0,0,0,0,0,111.6436075000001
1732545000,117.725,117.885,116.265,116.68,,,,,,,0,0,0,0,0,0,111.6431325000001
1732559400,116.69,116.84,116.425,116.78,,,,,,,0,0,0,0,0,0,111.64478250000009
1732631400,117.43,117.74,116.95,117.155,,,,,,,0,0,0,0,0,0,111.64455750000008
1732645800,117.145,117.435,116.8875,117.365,,,,,,,0,0,0,0,0,0,111.64500750000008
1732717800,116.635,116.655,114.765,115.35,,,,,,,0,0,0,0,0,0,111.6385325000001
1732732200,115.335,115.86,115.335,115.78,,,,,,,0,0,0,0,0,0,111.6317075000001
1732890600,116.075,117.11,115.945,116.855,,,,,,,0,0,0,0,0,0,111.6243825000001
1733149800,116.95,118.41,116.92,118.1,,,,,,,0,0,0,0,0,0,111.6208075000001
1733164200,118.08,118.14,117.795,117.965,,,,,,,0,0,0,0,0,0,111.62948250000008
1733236200,117.385,118.08,117.245,117.885,,,,,,,0,0,0,0,0,0,111.6399075000001
1733250600,117.9,118.43,117.865,118.375,,,,,,,0,0,0,0,0,0,111.64315750000009
1733322600,119.88,120.3545,119.54,120.13,,,,,,,0,0,0,0,0,0,111.6589325000001
1733337000,120.12,120.625,119.98,120.575,,,,,,,0,0,0,0,0,0,111.67708250000011
1733409000,120.355,120.52,119.86,119.96,,,,,,,0,0,0,0,0,0,111.69115750000009
1733423400,119.95,120.085,119.785,119.955,,,,,,,0,0,0,0,0,0,111.71003250000008
1733495400,120.135,120.94,120.065,120.615,,,,,,,0,0,0,0,0,0,111.7293325000001
1733509800,120.62,120.62,120.33,120.41,,,,,,,0,0,0,0,0,0,111.76840750000011
1733754600,120.055,120.395,119.39,119.865,,,,,,,0,0,0,0,0,0,111.8069075000001
1733769000,119.84,119.995,119.33,119.66,,,,,,,0,0,0,0,0,0,111.8462075000001
1733841000,119.22,119.555,118.275,118.415,,,,,,,0,0,0,0,0,0,111.8774075000001
1733855400,118.41,118.505,117.5975,117.995,,,,,,,0,0,0,0,0,0,111.9152575000001
1733927400,118.995,119.93,118.5,119.93,,,,,,,0,0,0,0,0,0,111.96255750000009
1733941800,119.93,120.06,119.645,119.695,,,,,,,0,0,0,0,0,0,111.9981825000001
1734013800,118.845,119.45,118.6395,119.365,,,,,,,0,0,0,0,0,0,112.0300575000001
1734028200,119.355,119.375,119.015,119.015,,,,,,,0,0,0,0,0,0,112.06163250000009
1734100200,120.09,120.57,118.575,119.03,,,,,,,0,0,0,0,0,0,112.0938075000001
1734114600,119.035,119.575,119,119.515,,,,,,,0,0,0,0,0,0,112.1460575000001
1734359400,119.73,120.455,119.425,120.4,,,,,,,0,0,0,0,0,0,112.20818250000009
1734373800,120.39,120.82,120.33,120.73,,,,,,,0,0,0,0,0,0,112.2690575000001
1734445800,119.865,120.45,119.41,119.89,,,,,,,0,0,0,0,0,0,112.33475750000008
1734460200,119.89,120.08,119.585,120.005,,,,,,,0,0,0,0,0,0,112.39003250000009
1734532200,120.315,120.725,119.895,120.595,,,,,,,0,0,0,0,0,0,112.45223250000008
1734546600,120.575,120.645,115.865,116.115,,,,,,,0,0,0,0,0,0,112.4925325000001
1734618600,117.235,117.675,116.41,116.935,,,,,,,0,0,0,0,0,0,112.5388325000001
1734633000,116.855,117.37,116.095,116.205,,,,,,,0,0,0,0,0,0,112.5948575000001
1734705000,115.45,118.93,115.1,118.01,,,,,,,0,0,0,0,0,0,112.66020750000011
1734719400,118.045,118.63,117.555,118.03,,,,,,,0,0,0,0,0,0,112.70698250000012
1734964200,118.08,118.79,117.495,118.695,,,,,,,0,0,0,0,0,0,112.75368250000012
1734978600,118.69,119.085,118.455,119.03,,,,,,,0,0,0,0,0,0,112.82198250000012
1735050600,119.495,120.26,119.28,120.255,,,,,,,0,0,0,0,0,0,112.8964825000001
1735223400,120,120.78,119.5,120.48,,,,,,,0,0,0,0,0,0,112.99118250000011
1735237800,120.485,120.65,120.305,120.345,,,,,,,0,0,0,0,0,0,113.08105750000011
1735309800,119.535,119.69,117.575,118.075,,,,,,,0,0,0,0,0,0,113.17408250000011
1735324200,118.025,118.845,118.025,118.75,,,,,,,0,0,0,0,0,0,113.27245750000013
1735569000,117.04,118.175,116.315,117.89,,,,,,,0,0,0,0,0,0,113.35175750000013
1735583400,117.86,118.115,117.225,117.225,,,,,,,0,0,0,0,0,0,113.43643250000014
1735655400,117.55,117.625,116.07,116.125,,,,,,,0,0,0,0,0,0,113.51563250000012
1735669800,116.135,116.68,115.88,116.25,,,,,,,0,0,0,0,0,0,113.60340750000012
1735828200,117.18,117.51,114.905,115.33,,,,,,,0,0,0,0,0,0,113.66965750000013
1735842600,115.27,116.075,114.9,116.015,,,,,,,0,0,0,0,0,0,113.73775750000013
1735914600,116.5875,117.685,116.465,117.685,,,,,,,0,0,0,0,0,0,113.80978250000013
1735929000,117.69,118,117.56,117.855,,,,,,,0,0,0,0,0,0,113.88508250000012
1736173800,119.21,120.525,119.17,119.825,,,,,,,0,0,0,0,0,0,113.96550750000011
1736188200,119.83,119.83,118.9,119.35,,,,,,,0,0,0,0,0,0,114.0439575000001
1736260200,119.96,119.99,117.355,118.065,,,,,,,0,0,0,0,0,0,114.10155750000011
1736274600,118.055,118.055,116.58,116.985,,,,,,,0,0,0,0,0,0,114.1522325000001
1736346600,117.2025,117.215,115.84,117.03,,,,,,,0,0,0,0,0,0,114.20108250000013
1736361000,116.995,117.255,116.475,116.94,,,,,,,0,0,0,0,0,0,114.24863250000011
1736519400,115.705,115.705,113.73,114.87,,,,,,,0,0,0,0,0,0,114.2719325000001
1736533800,114.865,115.24,114.245,114.385,,,,,,,0,0,0,0,0,0,114.29130750000012
1736778600,112.55,113.295,112.225,113.2,,,,,,,0,0,0,0,0,0,114.3034075000001
1736793000,113.245,113.66,112.925,113.5775,,,,,,,0,0,0,0,0,0,114.3178200000001
1736865000,114.4775,114.77,112.99,113.765,,,,,,,0,0,0,0,0,0,114.3297950000001
1736879400,113.745,114.1905,112.99,113.9,,,,,,,0,0,0,0,0,0,114.3366450000001
1736951400,115.43,116.3,115.055,116.15,,,,,,,0,0,0,0,0,0,114.35757000000011
1736965800,116.15,116.48,116.045,116.13,,,,,,,0,0,0,0,0,0,114.3777450000001
1737037800,117.07,117.145,115.85,115.965,,,,,,,0,0,0,0,0,0,114.3954200000001
1737052200,115.96,116.22,115.23,115.255,,,,,,,0,0,0,0,0,0,114.4078450000001
1737124200,117.435,117.47,116.55,117.365,,,,,,,0,0,0,0,0,0,114.43852000000008
1737138600,117.37,117.38,116.92,117.075,,,,,,,0,0,0,0,0,0,114.4727200000001
1737469800,117.525,118.27,116.65,118.175,,,,,,,0,0,0,0,0,0,114.50649500000009
1737484200,118.205,118.315,117.95,118.05,,,,,,,0,0,0,0,0,0,114.53702000000008
1737556200,119.53,120.94,119.455,120.665,,,,,,,0,0,0,0,0,0,114.58724500000008
1737570600,120.66,120.975,120.64,120.69,,,,,,,0,0,0,0,0,0,114.63774500000007
1737642600,119.765,120.38,119.655,120.295,,,,,,,0,0,0,0,0,0,114.68267000000007
1737657000,120.295,120.915,120.25,120.91,,,,,,,0,0,0,0,0,0,114.73082000000008
1737729000,121.215,121.245,119.765,119.885,,,,,,,0,0,0,0,0,0,114.78174500000009
1737743400,119.9,119.95,119.27,119.675,,,,,,,0,0,0,0,0,0,114.83142000000007
1737988200,114.31,115.5,113.07,113.09,,,,,,,0,0,0,0,0,0,114.84514500000009
1738002600,113.095,113.825,112.74,113.785,,,,,,,0,0,0,0,0,0,114.87044500000009
1738074600,114.655,116.565,113.345,116.375,,,,,,,0,0,0,0,0,0,114.90629500000009
1738089000,116.355,117.08,116.185,116.805,,,,,,,0,0,0,0,0,0,114.93967000000009
1738161000,116.645,116.645,114.765,115.495,,,,,,,0,0,0,0,0,0,114.98572000000009
1738175400,115.515,116.195,114.85,115.83,,,,,,,0,0,0,0,0,0,115.03917000000008
1738247400,115.66,116.47,114.875,115.345,,,,,,,0,0,0,0,0,0,115.08872000000008
1738261800,115.42,116.325,115.395,115.995,,,,,,,0,0,0,0,0,0,115.1447700000001
1738333800,117.16,117.865,116.62,116.705,,,,,,,0,0,0,0,0,0,115.2071450000001
1738348200,116.66,116.785,115.1,115.38,,,,,,,0,0,0,0,0,0,115.26077000000008
1738593000,112.955,114.25,112.245,113.69,,,,,,,0,0,0,0,0,0,115.31942000000008
1738607400,113.695,114.54,113.67,113.81,,,,,,,0,0,0,0,0,0,115.37834500000008
1738679400,114.3425,115.67,114.235,115.26,,,,,,,0,0,0,0,0,0,115.43642000000008
1738693800,115.255,115.55,115.115,115.465,,,,,,,0,0,0,0,0,0,115.49549500000008
1738765800,115.5675,116.84,115.22,116.395,,,,,,,0,0,0,0,0,0,115.55632000000007
1738780200,116.4,117.11,116.36,117.08,,,,,,,0,0,0,0,0,0,115.61597000000008
1738852200,117.07,117.655,116.815,117.245,,,,,,,0,0,0,0,0,0,115.66802000000007
1738866600,117.265,117.48,116.59,117.42,,,,,,,0,0,0,0,0,0,115.71174500000006
1738938600,117.905,118.46,116.195,116.82,,,,,,,0,0,0,0,0,0,115.74794500000006
1738953000,116.875,116.895,116.015,116.395,,,,,,,0,0,0,0,0,0,115.78139500000006
1739197800,117.335,118.355,117.33,118.245,,,,,,,0,0,0,0,0,0,115.82042000000006
1739212200,118.26,118.4,118.04,118.14,,,,,,,0,0,0,0,0,0,115.85994500000007
1739284200,117.42,118.64,117.41,118.1,,,,,,,0,0,0,0,0,0,115.90269500000004
1739298600,118.105,118.535,118.07,118.155,,,,,,,0,0,0,0,0,0,115.94452000000005
1739370600,116.525,117.875,116.375,117.755,,,,,,,0,0,0,0,0,0,115.98487000000004
1739385000,117.76,118.045,117.53,117.92,,,,,,,0,0,0,0,0,0,116.02637000000004
1739457000,118.16,119.2,117.95,118.92,,,,,,,0,0,0,0,0,0,116.07409500000003
1739471400,118.9025,119.655,118.64,119.585,,,,,,,0,0,0,0,0,0,116.12912000000004
1739543400,119.415,119.825,119.26,119.66,,,,,,,0,0,0,0,0,0,116.16587000000003
1739557800,119.675,120.075,119.67,119.97,,,,,,,0,0,0,0,0,0,116.20679500000004
1739889000,120.625,121.05,120.055,120.73,,,,,,,0,0,0,0,0,0,116.25519500000006
1739903400,120.725,121.0925,120.335,121.0925,,,,,,,0,0,0,0,0,0,116.30455750000004
1739975400,120.875,121.21,120.1,121.13,,,,,,,0,0,0,0,0,0,116.35595750000005
1739989800,121.135,121.56,120.745,121.09,,,,,,,0,0,0,0,0,0,116.40608250000002
1740061800,120.94,121.12,119.43,120.21,,,,,,,0,0,0,0,0,0,116.44793250000002
1740076200,120.19,120.7575,120.17,120.72,,,,,,,0,0,0,0,0,0,116.49248250000002
1740148200,120.78,120.78,118.415,118.46,,,,,,,0,0,0,0,0,0,116.52495750000001
1740162600,118.44,118.715,117.38,117.45,,,,,,,0,0,0,0,0,0,116.55148250000003
1740407400,117.84,118.185,115.615,117.22,,,,,,,0,0,0,0,0,0,116.57325750000004
1740421800,117.205,117.23,115.7,115.76,,,,,,,0,0,0,0,0,0,116.58418250000004
1740493800,115.535,115.555,113.48,114.695,,,,,,,0,0,0,0,0,0,116.59483250000005
1740508200,114.71,115.105,114.055,114.245,,,,,,,0,0,0,0,0,0,116.60353250000006
1740580200,115.405,116.59,114.98,115.225,,,,,,,0,0,0,0,0,0,116.61878250000005
1740594600,115.165,115.7,114.615,115.51,,,,,,,0,0,0,0,0,0,116.63200750000006
1740666600,116.13,116.245,113.365,114.66,,,,,,,0,0,0,0,0,0,116.65773250000005
1740681000,114.645,114.72,111.245,111.3,,,,,,,0,0,0,0,0,0,116.66398250000006
1740753000,110.885,112.18,109.87,110.7025,,,,,,,0,0,0,0,0,0,116.66187000000005
1740767400,110.67,112.875,110.41,112.795,,,,,,,0,0,0,0,0,0,116.67122000000006
1741012200,113.435,113.575,110.75,110.795,,,,,,,0,0,0,0,0,0,116.66997000000006
1741026600,110.785,111.585,108.525,109.355,,,,,,,0,0,0,0,0,0,116.65967000000006
1741098600,108.575,109.72,107.15,109.02,,,,,,,0,0,0,0,0,0,116.64367000000007
1741113000,109.015,111.18,108.74,109.255,,,,,,,0,0,0,0,0,0,116.62672000000008
1741185000,109.58,110.285,108.125,109.75,,,,,,,0,0,0,0,0,0,116.61217000000008
1741199400,109.73,111.125,109.48,110.745,,,,,,,0,0,0,0,0,0,116.60647000000009
1741271400,108.6025,110.245,107.72,108.045,,,,,,,0,0,0,0,0,0,116.58009500000007
1741285800,108.04,108.43,107.185,107.7,,,,,,,0,0,0,0,0,0,116.54887000000008
1741357800,107.525,108.975,106.355,108.085,,,,,,,0,0,0,0,0,0,116.51444500000008
1741372200,108.045,109.545,108.01,109.2375,,,,,,,0,0,0,0,0,0,116.48448250000008
1741613400,107.1025,107.32,104.525,104.825,,,,,,,0,0,0,0,0,0,116.43278250000009
1741627800,104.77,105.18,103.54,104.68,,,,,,,0,0,0,0,0,0,116.3801950000001
1741699800,104.305,105.4275,103.145,103.1975,,,,,,,0,0,0,0,0,0,116.31978250000009
1741714200,103.155,105.965,103.15,104.155,,,,,,,0,0,0,0,0,0,116.26357000000009
1741786200,106.025,106.75,104.645,106.355,,,,,,,0,0,0,0,0,0,116.21172000000007
1741800600,106.355,106.465,105.405,105.815,,,,,,,0,0,0,0,0,0,116.15644500000009
1741872600,105.5,105.775,103.495,103.765,,,,,,,0,0,0,0,0,0,116.10232000000008
1741887000,103.725,104.845,103.425,103.89,,,,,,,0,0,0,0,0,0,116.04950750000009
1741959000,105.19,106.945,105.19,106.66,,,,,,,0,0,0,0,0,0,116.01050750000009
1741973400,106.625,107.07,106.25,106.885,,,,,,,0,0,0,0,0,0,115.97158250000008
1742218200,106.885,107.91,106.6,107.23,,,,,,,0,0,0,0,0,0,115.9282825000001
1742232600,107.275,108.475,107.235,107.69,,,,,,,0,0,0,0,0,0,115.89135750000008
1742304600,106.9725,107.07,105.685,106.205,,,,,,,0,0,0,0,0,0,115.84495750000009
1742319000,106.15,106.53,105.82,106.07,,,,,,,0,0,0,0,0,0,115.79815750000009
1742391000,106.63,107.565,106.175,106.89,,,,,,,0,0,0,0,0,0,115.75510750000008
1742405400,106.875,108.715,106.64,107.48,,,,,,,0,0,0,0,0,0,115.7125325000001
1742477400,106.2,107.87,106.07,106.45,,,,,,,0,0,0,0,0,0,115.66615750000008
1742491800,106.43,106.945,106.2,106.715,,,,,,,0,0,0,0,0,0,115.62023250000007
1742563800,105.345,106.715,104.9675,106.285,,,,,,,0,0,0,0,0,0,115.58168500000006
1742578200,106.25,107.12,106.16,106.97,,,,,,,0,0,0,0,0,0,115.54531000000009
1742823000,108.565,109.015,108.29,108.715,,,,,,,0,0,0,0,0,0,115.51691000000007
1742837400,108.73,109.065,108.555,108.795,,,,,,,0,0,0,0,0,0,115.48801000000007
1742909400,108.77,109.32,108.705,108.895,,,,,,,0,0,0,0,0,0,115.45441000000007
1742923800,108.9,109.255,108.85,109.195,,,,,,,0,0,0,0,0,0,115.42453500000005
1742995800,108.8475,109.1,106.61,106.665,,,,,,,0,0,0,0,0,0,115.38111000000005
1743010200,106.65,106.86,106.32,106.73,,,,,,,0,0,0,0,0,0,115.33901000000006
1743082200,106.065,106.605,105.195,105.695,,,,,,,0,0,0,0,0,0,115.28496000000004
1743096600,105.78,106.52,105.655,105.73,,,,,,,0,0,0,0,0,0,115.23018500000003
1743168600,105.19,105.625,102.84,102.91,,,,,,,0,0,0,0,0,0,115.16788500000004
1743183000,102.92,103.42,102.85,103.17,,,,,,,0,0,0,0,0,0,115.10948500000003
1743427800,101.48,102.205,100.365,101.82,,,,,,,0,0,0,0,0,0,115.06088500000004
1743442200,101.83,103.475,101.65,103.22,,,,,,,0,0,0,0,0,0,115.02146000000002
1743514200,102.845,104,101.985,103.425,,,,,,,0,0,0,0,0,0,114.97571000000002
1743528600,103.425,104.085,102.585,104,,,,,,,0,0,0,0,0,0,114.93596000000004
1743600600,102.5,105.63,102.455,105.2595,,,,,,,0,0,0,0,0,0,114.90108250000002
1743615000,105.245,105.25,103.94,104.73,,,,,,,0,0,0,0,0,0,114.8652325
1743687000,99.62,100.34,97.895,98.545,,,,,,,0,0,0,0,0,0,114.7921075
1743701400,98.52,98.915,97.535,97.655,,,,,,,0,0,0,0,0,0,114.7131825
1743773400,94.6475,95.255,91.345,92.045,,,,,,,0,0,0,0,0,0,114.59093249999998
1743787800,92.025,93.205,91.16,91.215,,,,,,,0,0,0,0,0,0,114.46380749999999
1744032600,87.55,95.865,86.23,92.015,,,,,,,0,0,0,0,0,0,114.33258249999997
1744047000,91.935,92.995,90.675,91.66,,,,,,,0,0,0,0,0,0,114.19715749999997
1744119000,95.155,96.41,91.335,91.36,,,,,,,0,0,0,0,0,0,114.06165999999997
1744133400,91.32,92.795,88.22,89.92,,,,,,,0,0,0,0,0,0,113.91835999999998
1744205400,90.0325,99.03,89.935,96.755,,,,,,,0,0,0,0,0,0,113.81490999999997
1744219800,96.855,102.49,96.55,101.81,,,,,,,0,0,0,0,0,0,113.73435999999997
1744291800,98.425,99.045,93.89,95.875,,,,,,,0,0,0,0,0,0,113.62578499999996
1744306200,95.85,98.055,95.67,97.23,,,,,,,0,0,0,0,0,0,113.52173499999995
1744378200,96.84,98.975,95.97,98.165,,,,,,,0,0,0,0,0,0,113.42090999999996
1744392600,98.175,99.56,97.905,99.145,,,,,,,0,0,0,0,0,0,113.32823499999996
1744637400,102.225,102.285,99,99.91,,,,,,,0,0,0,0,0,0,113.23938499999997
1744651800,99.895,101.125,99.695,100.07,,,,,,,0,0,0,0,0,0,113.15323499999995
1744723800,100.315,101.215,99.975,100.24,,,,,,,0,0,0,0,0,0,113.08280999999995
1744738200,100.235,100.7,100.165,100.44,,,,,,,0,0,0,0,0,0,113.01303499999996
1744810200,97.71,98.785,97.55,97.95,,,,,,,0,0,0,0,0,0,112.92863499999994
1744824600,97.945,97.945,95.27,96.96,,,,,,,0,0,0,0,0,0,112.83973499999995
1744896600,97.605,97.625,96.03,96.545,,,,,,,0,0,0,0,0,0,112.74598499999995
1744911000,96.55,97.35,96.195,96.42,,,,,,,0,0,0,0,0,0,112.64975999999996
1745242200,94.995,95.135,92.84,92.935,,,,,,,0,0,0,0,0,0,112.54095999999996
1745256600,92.94,94.105,92.59,93.925,,,,,,,0,0,0,0,0,0,112.43275999999996
1745328600,95.185,96.775,94.655,95.475,,,,,,,0,0,0,0,0,0,112.32495999999996
1745343000,95.445,96.28,95.24,96.145,,,,,,,0,0,0,0,0,0,112.22190999999995
1745415000,100,100.97,98.785,99.775,,,,,,,0,0,0,0,0,0,112.13725999999997
1745429400,99.84,100.02,98.615,98.92,,,,,,,0,0,0,0,0,0,112.04803499999998
1745501400,99.94,102.48,99.845,102.42,,,,,,,0,0,0,0,1,0,111.97673499999998
1745515800,102.43,102.85,102.18,102.715,,,,,,,0,0,0,0,1,0,111.90640999999998
1745587800,102.46,104.425,102.305,104.3875,,,,,,,0,0,0,0,1,0,111.84257249999999
1745602200,104.41,104.41,103.325,104.195,,,,,,,0,0,0,0,1,0,111.77672249999998
1745847000,104.1,104.6125,102.505,102.635,,,,,,,0,0,0,0,1,0,111.71314749999999
1745861400,102.64,104.375,102.625,104.045,,,,,,,0,0,0,0,0,0,111.6544725
1745933400,103.615,104.745,103.61,104.27,,,,,,,0,0,0,0,0,0,111.59154749999999
1745947800,104.3,104.99,104.27,104.56,,,,,,,0,0,0,0,0,0,111.52384750000002
1746019800,102.51,103.985,101.9,103.825,,,,,,,0,0,0,0,0,0,111.45314750000001
1746034200,103.82,105.375,103.795,104.875,,,,,,,0,0,0,0,0,0,111.3880975
1746106200,107.315,108.275,106.875,107.5,,,,,,,0,0,0,0,0,0,111.33372250000001
1746120600,107.495,107.75,106.43,106.545,,,,,,,0,0,0,0,0,0,111.2657975
1746192600,107.81,108.82,107.455,108.39,,,,,,,0,0,0,0,0,0,111.20487250000001
1746207000,108.36,108.635,108.015,108.285,,,,,,,0,0,0,0,0,0,111.14649750000001
1746451800,107.35,108.25,107.345,108.225,,,,,,,0,0,0,0,0,0,111.08784750000001
1746466200,108.225,108.495,107.625,107.705,,,,,,,0,0,0,0,0,0,111.02329749999998
1746538200,106.005,107.615,105.805,106.815,,,,,,,0,0,0,0,0,0,110.95532250000001
1746552600,106.805,107.485,106.595,106.78,,,,,,,0,0,0,0,0,0,110.8898975
1746624600,106.82,107.445,106.475,107.27,,,,,,,0,0,0,0,0,0,110.82794750000001
1746639000,107.265,108.37,106.1,107.89,,,,,,,0,0,0,0,0,0,110.77532250000002
1746711000,108.92,109.97,108.015,109.79,,,,,,,0,0,0,0,0,0,110.73429750000003
1746725400,109.795,109.93,108.835,108.915,,,,,,,0,0,0,0,0,0,110.67922250000001
1746797400,109.4025,109.62,108.255,108.545,,,,,,,0,0,0,0,0,0,110.62347250000002
1746811800,108.55,109.065,108.4775,108.83,,,,,,,0,0,0,0,0,0,110.57079750000003
1747056600,113.47,113.715,112.28,113.6,,,,,,,0,0,0,0,0,0,110.54372250000002
1747071000,113.62,113.89,113.28,113.875,,,,,,,0,0,0,0,0,0,110.51794750000003
1747143000,114.275,116.69,114.16,116.465,,,,,,,0,0,0,0,0,0,110.50269750000005
1747157400,116.4745,116.65,116.1,116.285,,,,,,,0,0,0,0,0,0,110.48212250000005
1747229400,116.7725,117.51,116.39,116.57,,,,,,,0,0,0,0,0,0,110.46132250000002
1747243800,116.57,117.155,116.57,117.08,,,,,,,0,0,0,0,0,0,110.44727250000004
1747315800,116.49,117.885,116.31,117.845,,,,,,,0,0,0,0,0,0,110.43647250000002
1747330200,117.85,117.85,116.675,117.245,,,,,,,0,0,0,0,0,0,110.41972250000002
1747402200,117.445,117.495,116.435,117.17,,,,,,,0,0,0,0,0,0,110.42499750000003
1747416600,117.19,117.47,117.075,117.45,,,,,,,0,0,0,0,0,0,110.42757250000003
1747661400,115.71,117.535,115.67,117.42,,,,,,,0,0,0,0,0,0,110.43364750000002
1747675800,117.41,117.52,116.92,117.305,,,,,,,0,0,0,0,0,0,110.43012250000004
1747747800,116.62,116.805,116.085,116.745,,,,,,,0,0,0,0,0,0,110.42369750000002
1747762200,116.755,116.855,115.955,116.825,,,,,,,0,0,0,0,0,0,110.41434750000002
1747834200,115.7875,117.355,115.105,115.105,,,,,,,0,0,0,0,0,0,110.3947225
1747848600,115.105,115.855,114.19,114.65,,,,,,,0,0,0,0,0,0,110.36669750000003
1747920600,114.775,115.7,114.415,115.19,,,,,,,0,0,0,0,0,0,110.34024750000002
1747935000,115.19,115.565,114.585,114.67,,,,,,,0,0,0,0,0,0,110.31187250000002
1748007000,112.655,113.985,112.59,113.97,,,,,,,0,0,0,0,0,0,110.29134750000001
1748021400,113.97,114.145,113.31,113.37,,,,,,,0,0,0,0,0,0,110.26444750000002
1748352600,115.215,116.115,114.78,116.09,,,,,,,0,0,0,0,0,0,110.2554475
1748367000,116.085,116.25,115.75,116.12,,,,,,,0,0,0,0,0,0,110.24992250000001
1748439000,116.38,116.7,115.82,116.215,,,,,,,0,0,0,0,0,0,110.25037250000001
1748453400,116.205,116.585,115.44,115.605,,,,,,,0,0,0,0,0,0,110.24714750000001
1748525400,117.37,117.475,115.225,115.72,,,,,,,0,0,0,0,0,0,110.24909749999999
1748539800,115.71,115.98,115.285,115.82,,,,,,,0,0,0,0,0,0,110.24812250000001
1748611800,115.77,115.795,113.715,114.275,,,,,,,0,0,0,0,0,0,110.23107250000001
1748626200,114.275,115.81,114.18,115.415,,,,,,,0,0,0,0,0,0,110.2188725
1748871000,115.215,116.215,115.01,116.08,,,,,,,0,0,0,0,0,0,110.2001475
1748885400,116.075,116.545,115.985,116.485,,,,,,,0,0,0,0,0,0,110.1858225
1748957400,116.63,118.2,116.555,118.09,,,,,,,0,0,0,0,0,0,110.1859475
1748971800,118.095,118.31,117.49,118.23,,,,,,,0,0,0,0,0,0,110.19217250000001
1749043800,118.3525,118.765,117.82,118.395,,,,,,,0,0,0,0,0,0,110.1989975
1749058200,118.4,118.6,118.26,118.395,,,,,,,0,0,0,0,0,0,110.2062725
1749130200,118.75,119.785,118.23,118.865,,,,,,,0,0,0,0,0,0,110.22624750000001
1749144600,118.855,118.925,117.58,118.065,,,,,,,0,0,0,0,0,0,110.24464750000001
1749216600,119.205,119.73,118.85,119.195,,,,,,,0,0,0,0,0,0,110.2746225
1749231000,119.205,119.66,119.165,119.185,,,,,,,0,0,0,0,0,0,110.30266
1749475800,119.645,120.505,119.59,119.925,,,,,,,0,0,0,0,0,0,110.33346000000002
1749490200,119.91,120.0925,119.73,119.76,,,,,,,0,0,0,0,0,0,110.36276
1749562200,119.78,120.36,119.295,120.035,,,,,,,0,0,0,0,0,0,110.382185
1749576600,120.05,120.62,119.66,120.42,,,,,,,0,0,0,0,0,0,110.403635
1749648600,120.725,121.21,120.09,120.79,,,,,,,0,0,0,0,0,0,110.42776000000002
1749663000,120.7925,120.81,119.55,120.145,,,,,,,0,0,0,0,0,0,110.45221000000001
1749735000,120.1825,121.565,120.125,121.38,,,,,,,0,0,0,0,0,0,110.47228500000001
1749749400,121.37,121.515,121.025,121.28,,,,,,,0,0,0,0,0,0,110.49331000000002
1749821400,119.895,120.79,119.26,120.155,,,,,,,0,0,0,0,0,0,110.50321000000002
1749835800,120.14,120.295,119.15,119.555,,,,,,,0,0,0,0,0,0,110.51073500000003
1750080600,120.44,121.88,120.415,121.76,,,,,,,0,0,0,0,0,0,110.51621000000003
1750095000,121.775,121.825,121.29,121.55,,,,,,,0,0,0,0,0,0,110.52051000000002
1750167000,120.995,121.865,120.875,120.915,,,,,,,0,0,0,0,0,0,110.52361
1750181400,120.895,121.115,120.38,120.63,,,,,,,0,0,0,0,0,0,110.52221000000003
1750253400,120.94,121.565,120.465,120.755,,,,,,,1,0,0,0,0,0,110.52656000000003
1750267800,120.745,121.285,120.195,120.83,,,,,,,1,0,0,0,0,0,110.53233500000002
1750426200,121.235,121.645,119.705,119.86,,,,,,,1,0,0,0,0,0,110.56618500000002
1750440600,119.84,120.45,119.725,120.295,,,,,,,1,0,0,0,0,0,110.59873500000003
1750685400,120.065,121.205,119.41,121.135,,,,,,,1,0,0,0,0,0,110.62253500000003
1750699800,121.16,121.54,121.115,121.425,,,,,,,1,0,0,0,0,0,110.64563500000003
1750771800,122.635,123.77,122.55,123.455,,,,,,,1,0,0,0,0,0,110.68543500000001
1750786200,123.455,123.77,123.455,123.625,,,,,,,1,0,0,0,0,0,110.72441000000002
1750858200,124.305,124.87,124.175,124.605,,,,,,,0,0,0,0,0,0,110.77071000000004
1750872600,124.6,124.685,124.215,124.685,,,,,,,0,0,0,0,0,0,110.81416000000003
1750944600,125.255,125.54,124.735,125.435,,,,,,,0,0,0,0,0,0,110.85781000000004
1750959000,125.445,125.735,125.415,125.565,,,,,,,0,0,0,0,0,0,110.90873500000004
1751031000,125.84,126.35,125.67,126.01,,,,,,,0,0,0,0,0,0,110.97033500000003
1751045400,126.015,126.09,124.82,125.3225,,,,,,,0,0,0,0,0,0,111.02789750000004
1751290200,126.475,126.5475,125.88,126.1775,,,,,,,0,0,0,0,0,0,111.08248500000003
1751304600,126.1825,126.96,125.875,126.585,,,,,,,0,0,0,0,0,0,111.13808500000005
1751376600,126.175,126.47,124.625,125.775,,,,,,,0,0,0,0,0,0,111.18498500000004
1751391000,125.77,125.97,125.16,125.47,,,,,,,0,0,0,0,0,0,111.22693500000003
1751463000,125.135,126.635,125.085,126.465,,,,,,,0,0,0,0,0,0,111.27303500000002
1751477400,126.46,126.895,126.365,126.865,,,,,,,0,0,0,0,0,0,111.32026000000002
1751549400,127.475,128.865,127.475,128.49,,,,,,,0,0,0,0,0,0,111.37861000000002
1751895000,127.985,128.305,127.34,127.485,,,,,,,0,0,0,0,0,0,111.43406000000003
1751909400,127.475,127.82,126.895,127.48,,,,,,,0,0,0,0,0,0,111.48023500000004
1751981400,128.125,128.39,127.605,128.065,,,,,,,0,0,0,0,0,0,111.52985999999989
1751995800,128.06,128.29,127.88,128.125,,,,,,,0,0,0,0,0,0,111.5799849999999
1752067800,128.575,129.4,127.96,128.425,,,,,,,0,0,0,0,0,0,111.63133499999986
1752082200,128.41,128.93,128.395,128.915,,,,,,,0,0,0,0,0,0,111.68713499999987
1752154200,129.23,129.35,127.815,128.6855,,,,,,,0,0,0,0,0,0,111.74096249999985
1752168600,128.695,128.8625,128.33,128.5,,,,,,,0,0,0,0,0,0,111.78886249999987
1752240600,127.7975,128.67,127.715,128.445,,,,,,,0,0,0,0,0,0,111.83316249999986
1752255000,128.445,128.475,127.81,127.9,,,,,,,0,0,0,0,0,0,111.87436249999986
1752499800,127.645,128.08,126.61,127.99,,,,,,,0,0,0,0,0,0,111.91446249999986
1752514200,127.9975,128.13,127.74,127.805,,,,,,,0,0,0,0,0,0,111.94983749999987
1752586200,129.3275,129.615,128.91,129.135,,,,,,,0,0,0,0,0,0,111.99004999999987
1752600600,129.135,129.555,128.925,128.93,,,,,,,0,0,0,0,0,0,112.02904999999986
1752672600,129.03,129.1075,127.415,128.83,,,,,,,0,0,0,0,0,0,112.06774999999985
1752687000,128.825,129.425,128.725,129.325,,,,,,,0,0,0,0,0,0,112.11332499999985
1752759000,129.51,130.73,129.255,130.605,,,,,,,0,0,0,0,0,0,112.16274999999985
1752773400,130.625,130.7225,130.445,130.535,,,,,,,0,0,0,0,0,0,112.22312499999985
1752845400,130.895,131.01,130.095,130.395,,,,,,,0,0,0,0,0,0,112.28784999999985
1752859800,130.39,130.535,130.24,130.44,,,,,,,0,0,0,0,0,0,112.35394999999986
1753104600,130.525,131.51,130.445,131.285,,,,,,,0,0,0,0,0,0,112.43157499999985
1753119000,131.28,131.2975,130.55,130.66,,,,,,,0,0,0,0,0,0,112.51139999999985
1753191000,130.615,130.615,128.485,129.58,,,,,,,0,0,0,0,0,0,112.58807499999985
1753205400,129.585,129.615,129.085,129.375,,,,,,,0,0,0,0,0,0,112.65882499999985
1753277400,129.74,130.055,128.985,129.6825,,,,,,,0,0,0,0,0,0,112.72968749999984
1753291800,129.675,130.31,129.625,130.185,,,,,,,0,0,0,0,0,0,112.80731249999984
1753363800,130.4625,130.895,129.95,130.705,,,,,,,0,0,0,0,0,0,112.90433749999984
1753378200,130.7,130.9525,130.59,130.67,,,,,,,0,0,0,0,0,0,113.00417499999985
1753450200,130.655,131.315,130.395,131.17,,,,,,,0,0,0,0,0,0,113.09604999999985
1753464600,131.17,131.325,130.9425,131.015,,,,,,,0,0,0,0,0,0,113.19714999999984
1753709400,131.5,131.925,131.23,131.585,,,,,,,0,0,0,0,0,0,113.30829999999983
1753723800,131.6,132.07,131.5825,132.035,,,,,,,0,0,0,0,0,0,113.42337499999984
1753795800,132.8825,133.625,131.82,132.385,,,,,,,0,0,0,0,0,0,113.53902499999984
1753810200,132.39,132.43,131.83,132.06,,,,,,,0,0,0,0,0,0,113.65057499999985
1753882200,132.265,132.67,131.91,132.51,,,,,,,0,0,0,0,0,0,113.75939999999984
1753896600,132.51,132.765,131.305,132.36,,,,,,,0,0,0,0,0,0,113.88097499999985
1753968600,134,134,131.74,131.85,,,,,,,0,0,0,0,0,0,114.00172499999984
1753983000,131.86,132.09,130.75,131.25,,,,,,,0,0,0,0,0,0,114.11754999999985
1754055000,129.935,129.985,127.885,128.305,,,,,,,0,0,0,0,0,0,114.21288749999984
1754069400,128.275,128.985,127.94,128.565,,,,,,,0,0,0,0,0,0,114.33158749999984
1754314200,129.8,131.165,129.76,131.125,,,,,,,1,0,0,0,0,0,114.46381249999985
1754328600,131.13,131.18,130.715,131.105,,,,,,,1,0,0,0,0,0,114.60334999999986
1754400600,131.625,131.74,129.765,130.48,,,,,,,1,0,0,0,0,0,114.73497499999986
1754415000,130.485,130.855,129.97,130.07,,,,,,,1,0,0,0,0,0,114.85354999999986
1754487000,130.185,131.355,130.1,131.225,,,,,,,1,0,0,0,0,0,114.98059999999985
1754501400,131.235,131.685,131.085,131.545,,,,,,,1,0,0,0,0,0,115.11949999999985
1754573400,133.03,133.205,130.935,131.055,,,,,,,1,0,0,0,0,0,115.25532499999984
1754587800,131.05,131.67,130.57,131.67,,,,,,,1,0,0,0,0,0,115.38037499999986
1754659800,132.115,132.845,131.805,132.585,,,,,,,1,0,0,0,0,0,115.50887499999986
1754674200,132.58,133.11,132.57,132.955,,,,,,,1,0,0,0,0,0,115.63749999999986
1754919000,132.865,133.475,132.5,132.935,,,,,,,1,0,0,0,0,0,115.76372499999985
1754933400,132.925,133,131.755,132.11,,,,,,,1,0,0,0,0,0,115.89324999999984
1755005400,132.76,133.8075,131.985,133.66,,,,,,,1,0,0,0,0,0,116.03119999999983
1755019800,133.66,134.14,133.635,134.105,,,,,,,0,0,0,0,0,0,116.16727499999983
1755091800,134.88,135.015,133.665,134.055,,,,,,,0,0,0,0,0,0,116.30014999999983
1755106200,134.05,134.27,133.73,134.16,,,,,,,0,0,0,0,0,0,116.43869999999983
1755178200,133.425,134.325,133.165,133.935,,,,,,,0,0,0,0,0,0,116.57479999999983
1755192600,133.935,134.085,133.455,133.86,,,,,,,0,0,0,0,0,0,116.71267499999982
1755264600,133.63,133.63,132.32,132.8,,,,,,,0,0,0,0,0,0,116.84182499999983
1755279000,132.815,133.09,132.635,132.85,,,,,,,0,0,0,0,0,0,116.96249999999982
1755523800,132.6825,133.245,132.56,132.825,,,,,,,0,0,0,0,0,0,117.08264999999982
1755538200,132.83,133.25,132.69,133.145,,,,,,,1,0,0,0,0,0,117.2038999999998
1755610200,133.1125,133.115,130.76,131.115,,,,,,,1,0,0,0,0,0,117.31349999999982
1755624600,131.105,131.275,130.565,130.825,,,,,,,1,0,0,0,0,0,117.43429999999982
1755696600,130.41,130.45,127.925,129.34,,,,,,,1,0,0,0,0,0,117.54734999999981
1755711000,129.34,130.155,128.98,129.94,,,,,,,1,0,0,0,0,0,117.6685749999998
1755783000,129.645,130.135,128.895,129.055,,,,,,,1,0,0,0,0,0,117.7851999999998
1755797400,129.06,129.65,129.045,129.445,,,,,,,1,0,0,0,0,0,117.91787499999982
1755869400,129.365,132.065,128.995,131.69,,,,,,,1,0,0,0,0,0,118.06047499999981
1755883800,131.695,131.705,131.015,131.23,,,,,,,1,0,0,0,0,0,118.2075249999998
1756128600,131.17,131.735,130.555,131.475,,,,,,,1,0,0,0,0,0,118.34879999999981
1756143000,131.47,131.505,130.9025,130.915,,,,,,,1,0,0,0,0,0,118.4862499999998
1756215000,131.025,131.56,130.825,131.445,,,,,,,1,0,0,0,0,0,118.62347499999981
1756229400,131.445,131.69,130.945,131.525,,,,,,,1,0,0,0,0,0,118.75480249999981
1756301400,131.645,132.095,131.04,132.04,,,,,,,1,0,0,0,0,0,118.89135249999981
1756315800,132.045,132.38,131.76,132.17,,,,,,,1,0,0,0,0,0,119.05947749999979
1756387800,132.385,133.13,131.73,133.125,,,,,,,1,0,0,0,0,0,119.23682749999978
1756402200,133.13,133.5525,133.085,133.255,,,,,,,1,0,0,0,0,0,119.4428774999998
1756474200,132.68,132.71,130.745,130.945,,,,,,,1,0,0,0,0,0,119.6415274999998
1756488600,130.945,131.365,130.845,131.23,,,,,,,1,0,0,0,0,0,119.83760249999979
1756819800,128.84,129.885,128.14,129.165,,,,,,,0,0,0,0,0,0,120.0251274999998
1756834200,129.165,130.02,129.065,129.94,,,,,,,0,0,0,0,0,0,120.21802749999979
1756906200,130.54,130.935,130.015,130.355,,,,130.43499999999997,130.43499999999997,,0,1,0,0,0,0,120.42020249999979
1756920600,130.345,130.7,129.705,130.66,,,,130.47518201181637,130.31518368367833,,0,0,0,0,0,0,120.58972749999981
1756992600,130.14,130.865,129.615,130.83,,,,130.4851001508441,130.35445631360503,,0,0,0,0,0,0,120.73482749999981
1757007000,130.835,131.37,130.74,131.31,,,,,,,0,0,0,0,0,0,120.91200249999982
1757079000,132.525,132.615,130.095,131.025,,,,131.245,131.245,,0,1,0,0,0,0,121.0809774999998
1757093400,131.025,131.545,130.7,131.45,,,,131.2532150112555,131.23010076484493,,0,0,0,0,0,0,121.24740249999981
1757338200,132.175,132.9,132.085,132.445,,,,132.32224794033615,130.54061839434374,,0,0,0,0,0,0,121.41390249999982
1757352600,132.44,132.54,132.15,132.42,,,,132.50004992299696,130.51191612371255,,0,0,0,0,0,0,121.57645249999982
1757424600,132.71,132.805,131.73,132.485,,,,132.7056170449636,130.53269447821773,,0,0,0,0,0,0,121.73852749999982
1757439000,132.485,132.775,132.225,132.66,,,,,,,0,0,0,0,0,0,121.90062749999981
1757511000,135.2875,135.985,134.91,135.145,,,,,,,0,0,0,0,0,0,122.0741524999998
1757525400,135.14,135.28,134.43,135.08,,,,,,,0,0,0,0,0,0,122.25980249999981
1757597400,135.875,136.12,135.31,135.62,,,,,,,0,0,0,0,0,0,122.4531024999998
1757611800,135.6175,135.71,135.365,135.46,,,,,,,0,0,0,0,0,0,122.64767749999983
1757683800,135.755,135.92,135.15,135.535,,,,,,,0,0,0,0,0,0,122.84325249999982
1757698200,135.53,135.845,135.35,135.435,,,,,,,0,0,0,0,0,0,123.05575249999984
1757943000,135.67,136.395,135.49,136.095,,,,,,,0,0,0,0,0,0,123.26660249999985
1757957400,136.085,136.69,136.07,136.665,,,,,,,0,0,0,0,0,0,123.47255249999985
1758029400,136.975,137.095,136.02,136.225,,,,,,,0,0,0,0,0,0,123.67295249999985
1758043800,136.23,136.345,136.09,136.18,,,,,,,0,0,0,0,0,0,123.85497749999985
1758115800,136.045,136.265,135.165,135.415,,,,,,,0,0,0,0,0,0,124.03745249999983
1758130200,135.4125,136.185,134.305,135.73,,,,,,,0,0,0,0,0,0,124.20400249999985
1758202200,137.475,138.465,136.81,138.19,,,,,,,0,0,0,0,0,0,124.38137749999983
1758216600,138.185,138.32,137.91,138.07,,,,,,,0,0,0,0,0,0,124.54978999999983
1758288600,138.555,139.075,138.165,138.925,,,,,,,0,0,0,0,0,0,124.72343999999983
1758303000,138.925,139.59,138.83,139.405,,,,,,,0,0,0,0,0,0,124.90728999999983
1758547800,139.02,141.255,139.02,141.075,,,,,,,0,0,0,0,0,0,125.09243999999984
1758562200,141.07,141.445,141.005,141.34,,,,,,,0,0,0,0,0,0,125.27778999999983
1758634200,141.1375,141.365,140.16,140.165,,,,,,,0,0,0,0,0,0,125.45581499999982
1758648600,140.155,140.23,139.49,140.09,,,,,,,0,0,0,0,0,0,125.63713999999982
1758720600,140.43,140.44,138.31,139.065,,,,,,,0,0,0,0,0,0,125.80808999999981
1758735000,139.07,139.31,138.84,139.22,,,,,,,0,0,0,0,0,0,125.96668999999982
1758807000,137.9275,139.345,137.125,138.615,,,,,,,0,0,0,0,0,0,126.12703999999981
1758821400,138.625,139.055,137.69,138.99,,,,,,,0,0,0,0,0,0,126.28003999999981
1758893400,139.165,139.54,138.19,139.365,,,,,,,0,0,0,0,0,0,126.4354399999998
1758907800,139.365,139.545,139.14,139.38,,,,,,,0,0,0,0,0,0,126.59121499999979
1759152600,140.25,140.965,140,140.245,,,,,,,0,0,0,0,0,0,126.7539149999998
1759167000,140.245,140.42,139.84,140.105,,,,,,,0,0,0,0,0,0,126.9203649999998
1759239000,140.16,141.0505,139.87,139.995,,,,,,,0,0,0,0,0,0,127.08643999999983
1759253400,139.98,141.07,139.875,140.97,,,,,,,0,0,0,0,0,0,127.25493999999982
1759325400,140.21,141.87,140.17,141.795,,,,,,,0,0,0,0,0,0,127.42446499999981
1759339800,141.81,142.415,141.67,142.305,,,,,,,0,0,0,0,0,0,127.58703999999983
1759411800,143.63,143.67,142.435,143.145,,,,,,,0,0,0,0,0,0,127.75818999999981
1759426200,143.135,143.355,143.05,143.115,,,,,,,0,0,0,0,0,0,127.93103999999981
1759498200,143.3,143.945,142.805,142.82,,,,,,,0,0,0,0,0,0,128.10098999999983
1759512600,142.82,142.98,141.855,142.36,,,,,,,0,0,0,0,0,0,128.24478999999982
1759757400,144.3025,144.665,143.725,144.45,,,,,,,0,0,0,0,0,0,128.39766499999982
1759771800,144.45,144.72,143.77,143.785,,,,,,,0,0,0,0,0,0,128.5342649999998
1759843800,144.535,144.755,142.08,142.71,,,,,,,0,0,0,0,0,0,128.66638999999984
1759858200,142.695,143.035,142.345,142.865,,,,,,,0,0,0,0,0,0,128.79786499999983
1759930200,143.1,144.815,143.085,144.705,,,,,,,0,0,0,0,0,0,128.93598999999983
1759944600,144.735,145.3475,144.705,145.325,,,,,,,0,0,0,0,0,0,129.07338999999982
1760016600,145.26,145.41,144.37,144.425,,,,,,,0,0,0,0,0,0,129.2092899999998
1760031000,144.425,145.165,144.34,145.105,,,,,,,0,0,0,0,0,0,129.34896499999982
1760103000,145.4025,145.675,140.53,141.395,,,,,,,0,0,0,0,0,0,129.4686899999998
1760117400,141.39,141.66,139.14,139.235,,,,,,,0,0,0,0,0,0,129.57776499999983
1760362200,142.42,143.065,141.555,142.61,,,,,,,0,0,0,0,0,0,129.70428999999982
1760376600,142.62,142.83,142.34,142.585,,,,142.585,142.585,,0,1,0,0,0,0,129.8334899999998
1760448600,140.715,142.19,139.125,142.055,,,,142.82718022807677,140.2200004453992,,0,0,0,0,0,0,129.9596399999998
1760463000,142.055,142.1,140.45,140.72,,,,142.56096383442855,140.2316437904292,,0,0,0,0,0,0,130.0877149999998
1760535000,142.77,143.295,140.405,141.045,,,,142.4549051245969,140.43784084955473,,0,0,0,0,0,0,130.21968999999982
1760549400,141.055,142.39,140.985,142.165,,,,142.4758273693864,140.51430981506653,,0,0,0,0,0,0,130.3545649999998
1760621400,143.155,143.805,141.345,142.895,,,,,,,0,0,0,0,0,0,130.4956899999998
1760635800,142.9,143.065,141.28,142.27,,,,,,,0,0,0,0,0,0,130.6371899999998
1760707800,141.45,142.685,140.515,141.685,,,,,,,0,0,0,0,0,0,130.77876499999982
1760722200,141.685,142.93,141.525,142.445,,,,,,,0,0,0,0,0,0,130.91053999999983
1760967000,143.35,144.71,143.235,144.535,,,,,,,0,0,0,0,0,0,131.05261499999983
1760981400,144.5375,144.65,144.09,144.1,,,,,,,0,0,0,0,0,0,131.19203999999982
1761053400,144.005,144.685,143.47,144.16,,,,,,,0,0,0,0,0,0,131.33481499999982
1761067800,144.165,144.465,144.09,144.16,,,,,,,0,0,0,0,0,0,131.47701499999982
1761139800,144.13,144.42,141.44,141.685,,,,,,,0,0,0,0,0,0,131.60633999999985
1761154200,141.68,142.92,140.95,142.77,,,,,,,0,0,0,0,0,0,131.74881499999984
1761226200,142.275,144.58,142.185,144.245,,,,,,,0,0,0,0,0,0,131.89296499999986
1761240600,144.25,144.775,144.245,144.515,,,,,,,0,0,0,0,0,0,132.03513999999984
1761312600,146.2525,147.085,146.05,146.895,,,,,,,0,0,0,0,0,0,132.18718999999984
1761327000,146.895,147.28,146.765,146.84,,,,,,,0,0,0,0,0,0,132.33093999999986
1761571800,148.855,149.39,148.605,149.01,,,,,,,0,0,0,0,0,0,132.48483999999985
1761586200,149.02,149.63,148.98,149.545,,,,,,,0,0,0,0,0,0,132.64058999999986
1761658200,150.19,150.77,149.715,150.56,,,,,,,0,0,0,0,0,0,132.80141499999982
1761672600,150.56,151.57,150.55,150.955,,,,,,,0,0,0,0,0,0,132.96186499999985
1761744600,152.3475,152.995,151.625,152.115,,,,,,,0,0,0,0,0,0,133.13211499999983
1761759000,152.115,152.51,150.925,152.165,,,,,,,0,0,0,0,0,0,133.29696499999983
1761831000,151.215,151.985,150.335,151.155,,,,,,,0,0,0,0,0,0,133.45681499999984
1761845400,151.145,151.365,150.145,150.215,,,,,,,0,0,0,0,0,0,133.60826499999985
1761917400,151.715,151.73,149.485,149.695,,,,,,,0,0,0,0,0,0,133.75793999999985
1761931800,149.695,151.135,149.47,150.32,,,,,,,0,0,0,0,0,0,133.90936499999987
1762180200,151.78,152.105,150.13,151.29,,,,,,,0,0,0,0,0,0,134.06371499999986
1762194600,151.29,151.435,150.635,150.995,,,,,,,0,0,0,0,0,0,134.21473999999986
1762266600,148.2225,149.205,147.315,147.37,,,,,,,0,0,0,0,0,0,134.35086499999986
1762281000,147.36,147.8,146.73,146.95,,,,,,,0,0,0,0,0,0,134.47871499999985
1762353000,146.7075,148.31,146.485,148.3,,,,,,,0,0,0,0,0,0,134.61381499999987
1762367400,148.3,148.74,147.49,147.525,,,,,,,0,0,0,0,0,0,134.75066499999986
1762439400,147.435,147.4375,143.83,144.975,,,,,,,0,0,0,0,0,0,134.87776499999987
1762453800,144.97,145.8825,144.415,144.575,,,,,,,0,0,0,0,0,0,134.99183999999985
1762525800,143.3125,143.555,140.795,142.495,,,,,,,0,0,0,0,0,0,135.09656499999986
1762540200,142.495,144.115,141.96,144.08,,,,,,,0,0,0,0,0,0,135.21238999999986
1762785000,146.695,147.61,145.895,147.22,,,,,,,0,0,0,0,0,0,135.34533999999988
1762799400,147.23,148.045,147.205,147.815,,,,,,,0,0,0,0,0,0,135.48063999999988
1762871400,146.805,147.04,145.53,146.565,,,,,,,0,0,0,0,0,0,135.60931499999987
1762885800,146.57,147.05,146.315,146.515,,,,,,,0,0,0,0,0,0,135.74258999999986
1762957800,147.66,147.7,146.075,146.775,,,,,,,0,0,0,0,0,0,135.87498999999985
1762972200,146.775,147.05,146.34,147.005,,,,,,,0,0,0,0,0,0,136.00433999999987
1763044200,146.14,146.34,142.925,142.985,,,,,,,0,0,0,0,0,0,136.11213999999987
1763058600,142.975,143.48,142.515,143.28,,,,,,,0,0,0,0,0,0,136.21126499999986
1763130600,140.65,145.375,140.145,144.545,,,,,,,0,0,0,0,0,0,136.31586499999986
1763145000,144.525,145,143.82,144.075,,,,,,,0,0,0,0,0,0,136.41321499999987
1763389800,142.725,144.275,142.19,142.365,,,,,,,0,0,0,0,0,0,136.50161499999987
1763404200,142.35,142.815,140.675,141.81,,,,,,,0,0,0,0,0,0,136.58348999999987
1763476200,140.595,141.32,138.24,140.315,,,,,,,0,0,0,0,0,0,136.6572399999999
1763490600,140.325,140.77,139.425,139.455,,,,,,,0,0,0,0,0,0,136.7244649999999
1763562600,139.54,142.065,139.165,139.82,,,,,,,0,0,0,0,0,0,136.7969524999999
1763577000,139.815,141.19,139.645,140.485,,,,,,,0,0,0,0,0,0,136.8684899999999
1763649000,143.72,144.25,137.36,138.605,,,,,,,0,0,0,0,0,0,136.9285899999999
1763663400,138.595,138.75,135.765,136.07,,,,,,,0,0,0,0,0,0,136.9800649999999
1763735400,136.315,137.33,133.74,136.265,,,,,,,0,0,0,0,0,0,137.0340399999999
1763749800,136.255,138.415,136.155,136.65,,,,,,,0,0,0,0,0,0,137.0849649999999
1763994600,137.52,140.345,137.46,140.145,,,,,,,0,0,0,0,0,0,137.15136499999988
1764009000,140.15,140.255,139.675,139.915,,,,,,,0,0,0,0,0,0,137.2084899999999
1764081000,138.5425,140.205,136.655,139.805,,,,,,,0,0,0,0,0,0,137.2700899999999
1764095400,139.81,140.585,139.265,140.225,,,,,,,0,0,0,0,0,0,137.33381499999987
1764167400,141.725,142.475,140.815,142.245,,,,,,,0,0,0,0,0,0,137.4047149999999
1764181800,142.255,142.495,141.8625,141.88,,,,,,,0,0,0,0,0,0,137.4734899999999
1764340200,142.2475,143.125,141.805,143.105,,,,,,,0,0,0,0,0,0,137.5468899999999
1764599400,141.765,143.59,141.285,143.325,,,,,,,0,0,0,0,0,0,137.6189399999999
1764613800,143.34,143.6,142.77,143.245,,,,,,,0,0,0,0,0,0,137.6917374999999
1764685800,144.025,145.51,143.645,144.57,,,,,,,0,0,0,0,0,0,137.77208749999988
1764700200,144.56,144.97,144.365,144.625,,,,,,,0,0,0,0,0,0,137.8529874999999
1764772200,143.9075,144.85,143.225,144.7,,,,,,,0,0,0,0,0,0,137.93698749999987
1764786600,144.71,145.095,144.64,144.985,,,,,,,0,0,0,0,0,0,138.0219624999999
1764858600,145.19,145.795,144.5,145.57,,,,,,,0,0,0,0,0,0,138.11078749999987
1764873000,145.555,145.6,144.695,145.53,,,,,,,0,0,0,0,0,0,138.19276249999987
1764945000,146.12,147.3,145.73,146.7,,,,,,,0,0,0,0,0,0,138.28161249999988
1764959400,146.69,146.81,146.26,146.59,,,,,,,0,0,0,0,0,0,138.37041249999987
1765204200,147.43,148.38,147.05,147.55,,,,,,,0,0,0,0,0,0,138.46153749999988
1765218600,147.52,147.67,146.93,147.66,,,,,,,0,0,0,0,0,0,138.54681249999987
1765290600,147.335,148.25,146.96,148.05,,,,,,,0,0,0,0,0,0,138.6343874999999
1765305000,148.04,148.16,147.76,148.02,,,,,,,0,0,0,0,0,0,138.72251249999988
1765377000,147.61,147.9,146.84,147.5,,,,,,,0,0,0,0,0,0,138.80781249999987
1765391400,147.46,149.22,147.41,148.74,,,,,,,0,0,0,0,0,0,138.89508749999987
1765463400,147,147.53,145.12,147.31,,,,,,,0,0,0,0,0,0,138.97833749999984
1765477800,147.3,148.13,147.2,147.98,,,,,,,0,0,0,0,0,0,139.07033749999988
1765549800,146.88,147.08,143.26,144.9,,,,,,,0,0,0,0,0,0,139.14796249999986
1765564200,144.9,144.91,143.3,143.69,,,,,,,0,0,0,0,0,0,139.21799999999988
1765809000,144.42,144.63,142.03,142.65,,,,,,,0,0,0,0,0,0,139.28032499999986
1765823400,142.64,143.1,142.22,142.31,,,,,,,0,0,0,0,0,0,139.33834999999988
1765895400,141.88,142.9,141.31,141.62,,,,,,,0,0,0,0,0,0,139.3930999999999
1765909800,141.62,142.97,141.61,142.53,,,,,,,0,0,0,0,0,0,139.44989999999987
1765981800,142.64,142.84,139.75,140.15,,,,,,,0,0,0,0,0,0,139.4955749999999
1765996200,140.13,140.19,139.32,139.42,,,,,,,0,0,0,0,0,0,139.5347499999999
1766068200,141.86,142.42,140.79,142.14,,,,,,,0,0,0,0,0,0,139.58527499999988
1766082600,142.18,142.4,141.13,141.52,,,,,,,0,0,0,0,0,0,139.63094999999987
1766154600,142.59,144.48,142.57,144.35,,,,,,,0,0,0,0,0,0,139.69239999999988
1766169000,144.35,144.61,144.11,144.59,,,,,,,0,0,0,0,0,0,139.75279999999987
1766413800,145.89,146.01,144.64,145.09,,,,,,,0,0,0,0,0,0,139.8164499999999
1766428200,145.09,145.31,145,145.15,,,,,,,0,0,0,0,0,0,139.88294999999988
1766500200,144.74,145.64,144.36,145.55,,,,,,,0,0,0,0,0,0,139.9544499999999
1766514600,145.54,145.98,145.52,145.91,,,,,,,0,0,0,0,0,0,140.04247499999988
1766586600,145.79,146.49,145.68,146.32,,,,,,,0,0,0,0,0,0,140.13124999999988
1766759400,146.62,146.98,146.25,146.71,,,,,,,0,0,0,0,0,0,140.20917499999987
1766773800,146.71,146.9,146.47,146.53,,,,,,,0,0,0,0,0,0,140.28629999999987
1767018600,145.35,146.38,145.07,145.58,,,,,,,0,0,0,0,0,0,140.3617999999999
1767033000,145.59,146.04,145.48,145.92,,,,,,,0,0,0,0,0,0,140.44104999999988
1767105000,145.825,146.26,145.47,145.85,,,,,,,0,0,0,0,0,0,140.51417499999988
1767119400,145.85,145.89,145.375,145.42,,,,,,,0,0,0,0,0,0,140.5835499999999
1767191400,145.59,145.809,144.69,144.94,,,,,,,0,0,0,0,0,0,140.65297499999988
1767205800,144.93,145.16,143.91,143.96,,,,,,,0,0,0,0,0,0,140.7144249999999
1767364200,145.675,146.52,143.62,143.79,,,,,,,0,0,0,0,0,0,140.7704499999999
1767378600,143.79,144.57,143.405,144.29,,,,,,,0,0,0,0,0,0,140.82712499999988
1767623400,146.09,146.39,144.379,144.72,,,,,,,0,0,0,0,0,0,140.8860499999999
1767637800,144.72,144.915,144.25,144.65,,,,,,,0,0,0,0,0,0,140.9487499999999
1767709800,145.19,146.401,144.64,146.22,,,,,,,0,0,0,0,0,0,141.0115499999999
1767724200,146.21,146.765,146.14,146.64,,,,,,,0,0,0,0,0,0,141.07422499999987
1767796200,146.455,147.37,146.045,147.02,,,,,,,0,0,0,0,0,0,141.13904999999988
1767810600,147.01,147.21,146.34,146.53,,,,,,,0,0,0,0,0,0,141.20089999999988
1767882600,145.89,145.89,143.5,144.14,,,,,,,0,0,0,0,0,0,141.2519249999999
1767897000,144.14,144.41,143.6,144.22,,,,,,,0,0,0,0,0,0,141.30372499999987
1767969000,144.54,145.96,144.04,145.88,,,,,,,0,0,0,0,0,0,141.36912499999985
1767983400,145.87,146.58,145.87,146.15,,,,,,,0,0,0,0,0,0,141.43562499999985
1768228200,145.19,147.17,145.11,147.13,,,,,,,0,0,0,0,0,0,141.50714999999985
1768242600,147.14,147.28,146.77,146.78,,,,,,,0,0,0,0,0,0,141.57532499999985
1768314600,146.745,147.52,146.02,146.39,,,,,,,0,0,0,0,0,0,141.65169999999983
1768329000,146.38,146.55,145.84,146.47,,,,,,,0,0,0,0,0,0,141.72992499999984
1768401000,145.51,145.92,143.43,143.83,,,,,,,0,0,0,0,0,0,141.80237499999984
1768415400,143.85,144.74,143.32,144.71,,,,,,,0,0,0,0,0,0,141.87622499999986
1768487400,146.93,147.56,146.46,147.01,,,,,,,0,0,0,0,0,0,141.96599999999984
1768501800,147,147.06,145.31,145.46,,,,,,,0,0,0,0,0,0,142.04607499999983
1768573800,146.72,146.95,145.02,145.87,,,,,,,0,0,0,0,0,0,142.11697499999983
1768588200,145.85,146.12,145.57,145.61,,,,,,,0,0,0,0,0,0,142.18887499999983
1768919400,143.09,144.1,142.56,142.58,,,,,,,0,0,0,0,0,0,142.2443999999998
1768933800,142.57,142.62,141.62,141.84,,,,,,,0,0,0,0,0,0,142.29902499999983
1769005800,142.69,144.36,141.97,142.48,,,,,,,0,0,0,0,0,0,142.35419999999982
1769020200,142.49,145.04,142.24,143.84,,,,,,,0,0,0,0,0,0,142.41577499999983
1769092200,145.61,145.7,144.18,145.19,,,,,,,0,0,0,0,0,0,142.4815249999998
1769106600,145.15,145.225,144.525,144.91,,,,,,,0,0,0,0,0,0,142.54522499999982
1769178600,144.485,145.815,143.75,145.17,,,,,,,0,0,0,0,0,0,142.60544999999982
1769193000,145.17,145.26,144.71,145.06,,,,,,,0,0,0,0,0,0,142.6644749999998
1769437800,145.25,146.61,144.9,146.55,,,,,,,0,0,0,0,0,0,142.7424999999998
1769452200,146.54,146.71,146.1,146.12,,,,,,,0,0,0,0,0,0,142.81694999999982
1769524200,147.42,148.61,147.04,148.37,,,,,,,0,0,0,0,0,0,142.91297499999982
1769538600,148.37,148.445,148.03,148.07,,,,,,,0,0,0,0,0,0,143.00362499999983
1769610600,149.1,149.89,148.61,149.12,,,,,,,0,0,0,0,0,0,143.09744999999984
1769625000,149.13,149.57,148.75,149.19,,,,,,,0,0,0,0,0,0,143.19009999999983
1769697000,147.85,147.93,143.28,145.59,,,,,,,0,0,0,0,0,0,143.26389999999984
1769711400,145.57,146.94,145.36,146.81,,,,,,,0,0,0,0,0,0,143.34139999999982
1769783400,146,146.75,143.67,144.24,,,,,,,0,0,0,0,0,0,143.40747499999983
1769797800,144.25,144.89,142.99,143.9,,,,,,,0,0,0,0,0,0,143.4697249999998
1770042600,143.55,146.14,143.5,145.91,,,,,,,0,0,0,0,0,0,143.53704999999982
1770057000,145.9,146.13,145.04,145.26,,,,,,,0,0,0,0,0,0,143.60124999999982
1770129000,145.87,145.925,140.7,140.93,,,,,,,0,0,0,0,0,0,143.64347499999982
1770143400,140.91,142.105,140.18,142.025,,,,,,,0,0,0,0,0,0,143.69029999999984
1770215400,140.83,141.01,136.11,137.37,,,,,,,0,0,0,0,0,0,143.70142499999983
1770229800,137.365,139.07,136.6,138.09,,,,,,,0,0,0,0,0,0,143.7164749999998
1770301800,137.155,138.47,135.29,136.43,,,,,,,0,0,0,0,0,0,143.7205249999998
1770316200,136.42,137,135.075,135.6,,,,,,,0,0,0,0,0,0,143.7212249999998
1770388200,137.98,140.82,137.43,140.645,,,,,,,0,0,0,0,0,0,143.7467749999998
1770402600,140.65,141.465,140.535,141.06,,,,,,,0,0,0,0,0,0,143.7748999999998
1770647400,140.53,143.9,139.92,143.28,,,,,,,0,0,0,0,0,0,143.8108249999998
1770661800,143.29,144.02,143.19,143.31,,,,,,,0,0,0,0,0,0,143.84404999999978
1770733800,143.97,144.15,142.73,143.06,,,,,,,0,0,0,0,0,0,143.87822499999982
1770748200,143.06,143.23,142.39,142.54,,,,,,,0,0,0,0,0,0,143.9100249999998
1770820200,144.495,144.755,141.32,143.05,,,,,,,0,0,0,0,0,0,143.9481999999998
1770834600,143.05,143.69,142.76,142.93,,,,,,,0,0,0,0,0,0,143.9841999999998
1770906600,143.36,143.77,139.13,139.58,,,,,,,0,0,0,0,0,0,143.9911499999998
1770921000,139.55,140.4,138.915,139.17,,,,,,,0,0,0,0,0,0,143.9966499999998
1770993000,139.55,140.915,137.95,140.43,,,,,,,0,0,0,0,0,0,144.0041749999998
1771007400,140.44,140.85,139.06,139.57,,,,,,,0,0,0,0,0,0,144.0049999999998
1771338600,138.55,139.745,137.01,139.61,,,,,,,0,0,0,0,0,0,143.9976749999998
1771353000,139.62,140.45,139.28,139.51,,,,,,,0,0,0,0,0,0,143.98852499999978
1771425000,139.96,142.115,139.27,141.71,,,,,,,0,0,0,0,0,0,143.9962499999998
1771439400,141.71,141.78,140.18,140.92,,,,,,,0,0,0,0,0,0,144.0003999999998
1771511400,140.075,140.7,139.28,139.56,,,,,,,0,0,0,0,0,0,144.0028749999998
1771525800,139.55,140.21,139.4,140.19,,,,,,,0,0,0,0,0,0,144.0077249999998
1771597800,139.16,141.75,138.98,140.265,,,,,,,0,0,0,0,0,0,144.0159749999998
1771612200,140.275,141.33,140.05,140.9,,,,,,,0,0,0,0,0,0,144.0255249999998
1771857000,140.135,140.64,138.15,139.12,,,,,,,0,0,0,0,0,0,144.0242999999998
1771871400,139.12,139.19,137.89,138.56,,,,,,,0,0,0,0,0,0,144.02019999999982
1771943400,139.22,140.94,138.21,140.46,,,,,,,0,0,0,0,0,0,144.0212749999998
1771957800,140.47,140.62,140.12,140.33,,,,,,,0,0,0,0,0,0,144.0223999999998
1772029800,141.26,143.1,141.215,142.99,,,,,,,0,0,0,0,0,0,144.0373749999998
1772044200,142.99,143.33,142.95,143.03,,,,,,,0,0,0,0,0,0,144.04767499999977
1772116200,142.94,142.99,139.27,139.81,,,,,,,0,0,0,0,0,0,144.0377499999998
1772130600,139.81,141.071,139.73,140.99,,,,,,,0,0,0,0,0,0,144.0311749999998
1772202600,138.375,139.76,137.94,138.5,,,,,,,0,0,0,0,0,0,144.0079499999998
1772217000,138.52,139.04,138.15,138.76,,,,,,,0,0,0,0,0,0,143.98617499999978
1772461800,137.03,139.8,136.56,139.55,,,,,,,0,0,0,0,0,0,143.9698249999998
1772476200,139.55,139.965,138.99,139.51,,,,,,,0,0,0,0,0,0,143.95557499999978
1772548200,136.355,137.97,134.99,137.82,,,,,,,0,0,0,0,0,0,143.92242499999978
1772562600,137.8,138.32,137.23,137.54,,,,,,,0,0,0,0,0,0,143.89119999999977
1772634600,138.53,140.41,138.04,140.19,,,,,,,0,0,0,0,0,0,143.87859999999978
1772649000,140.19,140.62,139.79,139.84,,,,,,,0,0,0,0,0,0,143.86347499999977
1772721000,139.22,141.27,138.1,138.28,,,,,,,0,0,0,0,0,0,143.8313499999998
1772735400,138.26,140.22,138.2,140.155,,,,,,,0,0,0,0,0,0,143.8054999999998
1772807400,137.9,139.83,137.43,138.84,,,,,,,0,0,0,0,0,0,143.77757499999979
1772821800,138.83,139.05,136.79,137.26,,,,,,,0,0,0,0,0,0,143.73834999999977
1773063000,135.955,138.42,135.45,137.41,,,,,,,0,0,0,0,0,0,143.71842499999977
1773077400,137.4,140.2,137.12,139.77,,,,,,,0,0,0,0,0,0,143.72109999999978
1773149400,139.815,141.395,139.02,141.34,,,,,,,0,0,0,0,0,0,143.71474999999978
1773163800,141.32,141.32,139.37,139.78,,,,,,,0,0,0,0,0,0,143.70072499999978
1773235800,140.55,141.59,139.76,140.43,,,,,,,0,0,0,0,0,0,143.69259999999977
1773250200,140.43,140.51,139.51,140.44,,,,,,,0,0,0,0,0,0,143.69119999999978
1773322200,139.18,139.74,137.65,138.32,,,,,,,0,0,0,0,0,0,143.6775749999998
1773336600,138.33,138.57,137.68,137.8,,,,,,,0,0,0,0,0,0,143.65574999999978
1773408600,138.44,139.7,136.62,137.28,,,,,,,0,0,0,0,0,0,143.6276749999998
1773423000,137.28,137.33,136.515,136.79,,,,,,,0,0,0,0,0,0,143.6002749999998
1773667800,138.75,139.53,138.52,139.28,,,,,,,0,0,0,0,0,0,143.5882499999998
1773682200,139.28,140.08,138.52,138.8,,,,,,,0,0,0,0,0,0,143.5700249999998
1773754200,139.38,140.27,138.93,139.57,,,,,,,0,0,0,0,0,0,143.54519999999977
1773768600,139.56,139.82,139.2,139.53,,,,,,,0,0,0,0,0,0,143.52234999999976
1773840600,139.22,140.07,138.72,139.12,,,,,,,0,0,0,0,0,0,143.49714999999978
1773855000,139.12,139.71,137.94,137.98,,,,,,,0,0,0,0,0,0,143.46624999999977
1773927000,136.055,138.32,135.46,137.56,,,,,,,0,0,0,0,0,0,143.44562499999978
1773941400,137.56,139.17,137.3,138.44,,,,,,,0,0,0,0,0,0,143.42397499999979
1774013400,137.84,137.98,135.96,135.995,,,,,,,0,0,0,0,0,0,143.3827249999998
1774027800,135.99,136.05,134.33,135.3,,,,,,,0,0,0,0,0,0,143.3366499999998
1774272600,137.54,139.19,136.22,136.59,,,,,,,0,0,0,0,0,0,143.2851249999998
1774287000,136.59,137.76,136.59,136.96,,,,,,,0,0,0,0,0,0,143.23572499999977
1774359000,136.105,136.92,134.86,135.78,,,,,,,0,0,0,0,0,0,143.16957499999978
1774373400,135.77,136.84,135.56,136.18,,,,,,,0,0,0,0,0,0,143.1027499999998
1774445400,137.23,137.99,136.28,137.01,,,,,,,0,0,0,0,0,0,143.03499999999977
1774459800,137.01,137.47,136.375,136.78,,,,,,,0,0,0,0,0,0,142.9641249999998
1774531800,135.06,135.53,133.5,133.64,,,,,,,0,0,0,0,0,0,142.87174999999976
1774546200,133.64,133.79,132.42,132.47,,,,,,,0,0,0,0,0,0,142.77327499999978
1774618200,131.595,132.04,130.16,130.17,,,,,,,0,0,0,0,0,0,142.66834999999978
1774632600,130.16,130.39,129.58,129.89,,,,,,,0,0,0,0,0,0,142.56672499999976
1774877400,131.13,131.55,127.67,127.71,,,,,,,0,0,0,0,0,0,142.4567999999998
1774891800,127.72,128.17,126.68,127.51,,,,,,,0,0,0,0,0,0,142.34274999999977
1774963800,129.15,132.44,128.98,131.99,,,,,,,0,0,0,0,0,0,142.24624999999978
1774978200,131.99,133.21,131.52,132.93,,,,,,,0,0,0,0,0,0,142.15592499999977
1775050200,134.115,136.05,133.82,135.795,,,,,,,0,0,0,0,0,0,142.09804999999977
1775064600,135.8,135.85,134.36,134.95,,,,,,,0,0,0,0,0,0,142.03804999999974
1775136600,132,135.89,131.36,135.47,,,,,,,0,0,0,0,0,0,141.97389999999976
1775151000,135.48,136.035,134.87,135.97,,,,,,,0,0,0,0,0,0,141.91612499999977
1775482200,136.455,137.24,135.71,136.47,,,,,,,0,0,0,0,0,0,141.87359999999975
1775496600,136.48,136.83,136.1,136.79,,,,,,,0,0,0,0,0,0,141.83467499999975
1775568600,136.115,136.6,134.12,136.15,,,,,,,0,0,0,0,0,0,141.80294999999975
1775583000,136.16,137.49,135.39,137.44,,,,,,,0,0,0,0,0,0,141.76974999999976
1775655000,143.18,143.56,140.74,141.74,,,,,,,0,0,0,0,0,0,141.74234999999976
1775669400,141.75,142.035,140.86,141.73,,,,,,,0,0,0,0,0,0,141.71192499999978
1775741400,141.74,141.915,140.35,141.48,,,,,,,0,0,0,0,0,0,141.68649999999977
1775755800,141.47,142.18,140.98,142.04,,,,,,,0,0,0,0,0,0,141.66412499999979
1775827800,142.55,143.56,141.935,142.475,,,,,,,0,0,0,0,0,0,141.64262499999978
1775842200,142.45,143.08,142.41,142.61,,,,,,,0,0,0,0,0,0,141.62064999999978
1776087000,142.345,144.71,142.14,144.62,,,,,,,0,0,0,0,0,0,141.62882499999978
1776101400,144.61,145.67,144.42,145.6,,,,,,,0,0,0,0,0,0,141.64042499999977
1776173400,146.82,147.56,146.1,147.455,,,,,,,0,0,0,0,0,0,141.65497499999978
1776187800,147.47,147.91,146.96,147.9,,,,,,,0,0,0,0,0,0,141.67409999999978
1776259800,148.225,149.46,147.96,148.75,,,,,,,0,0,0,0,0,0,141.70602499999978
1776274200,148.74,150.37,148.74,150.23,,,,,,,0,0,0,0,0,0,141.7481249999998
1776346200,150.99,152.17,149.74,151.72,,,,,,,0,0,0,0,0,0,141.80514999999977
1776360600,151.72,152.12,150.96,152.03,,,,,,,0,0,0,0,0,0,141.86802499999976
1776432600,154.07,154.8,153.51,153.89,,,,,,,0,0,0,0,0,0,141.93837499999975
1776447000,153.88,154.375,153.76,154.33,,,,,,,0,0,0,0,0,0,142.00759999999977
1776691800,154.37,154.75,153.04,153.98,,,,,,,0,0,0,0,0,0,142.08447499999977
1776706200,153.98,154.61,153.91,154.6,,,,,,,0,0,0,0,0,0,142.1771249999998
1776778200,154.96,156.07,154.28,154.53,,,,,,,0,0,0,0,0,0,142.26844999999977
1776792600,154.51,155.69,154.15,154.73,,,,,,,0,0,0,0,0,0,142.35884999999976
1776864600,156.24,157.73,155.51,157.54,,,,,,,0,0,0,0,0,0,142.44582499999976
1776879000,157.54,158.16,157.32,158.11,,,,,,,0,0,0,0,0,0,142.53679999999977
1776951000,156.75,157.79,155.26,155.43,,,,,,,0,0,0,0,0,0,142.61492499999977
1776965400,155.44,156.1,153.95,155.81,,,,,,,0,0,0,0,0,0,142.69284999999977
1777037400,158.47,160.28,157.6,159.76,,,,,,,0,0,0,0,0,0,142.78042499999975
1777051800,159.72,160.4,159.63,160.24,,,,,,,0,0,0,0,0,0,142.87222499999976
1777296600,160.1,160.32,158.81,159.8,,,,,,,0,0,0,0,0,0,142.95569999999975
1777311000,159.79,160.62,159.785,160.58,,,,,,,0,0,0,0,0,0,143.04197499999975
1777383000,157.11,158.63,156.16,157.26,,,,,,,0,0,0,0,0,0,143.11204999999975
1777397400,157.26,158.485,157.26,157.85,,,,,,,0,0,0,0,0,0,143.17844999999977
1777469400,158.75,159.12,157.76,158.17,,,,,,,0,0,0,0,0,0,143.2461749999998
1777483800,158.19,159.13,157.75,159.13,,,,,,,0,0,0,0,0,0,143.3183249999998
1777555800,159.6,159.62,156.88,158.7,,,,,,,0,0,0,0,0,0,143.3868999999998
1777570200,158.71,159.8,158.71,159.41,,,,,,,0,0,0,0,0,0,143.4560999999998
1777642200,160.31,162.18,160.16,162.08,,,,,,,0,0,0,0,0,0,143.5388499999998
1777656600,162.085,162.28,161.63,161.85,,,,,,,0,0,0,0,0,0,143.6145999999998
1777901400,162.61,163.23,160.89,162.26,,,,,,,0,0,0,0,0,0,143.69294999999977
1777915800,162.26,162.42,161.72,162.02,,,,,,,0,0,0,0,0,0,143.7652999999998
1777987800,163.865,165.97,163.58,165.97,,,,,,,0,0,0,0,0,0,143.85684999999978
1778002200,165.97,166.02,165.315,165.595,,,,,,,0,0,0,0,0,0,143.94457499999982
1778074200,167.725,169.1,166.84,168.68,,,,,,,0,0,0,0,0,0,144.04787499999983
1778088600,168.68,170.08,168.64,169.96,,,,,,,0,0,0,0,0,0,144.1601749999998
1778160600,170.365,171.95,168.7,169.16,,,,,,,0,0,0,0,0,0,144.26227499999982
1778175000,169.17,170.14,168.81,169.69,,,,,,,0,0,0,0,0,0,144.37417499999984
1778247000,171.565,175.34,171.31,175.23,,,,,,,0,0,0,0,0,0,144.51042499999983
1778261400,175.25,175.56,174.62,175.56,,,,,,,0,0,0,0,0,0,144.6637249999998
1778506200,176.14,178.24,175.86,177.84,,,,,,,0,0,0,0,0,0,144.83447499999983
1778520600,177.82,178.3,177.18,177.9,,,,,,,0,0,0,0,0,0,145.01072499999984
1778592600,176.19,176.99,171.2,172.76,,,,,,,0,0,0,0,0,0,145.16297499999982
1778607000,172.76,175.36,172.73,175.21,,,,,,,0,0,0,0,0,0,145.33092499999984
1778679000,177.28,177.36,174.28,177.15,,,,,,,0,0,0,0,0,0,145.5040249999998
1778693400,177.18,177.74,176.73,176.9,,,,,,,0,0,0,0,0,0,145.68777499999982
1778765400,177.26,180.215,176.87,178.77,,,,,,,0,0,0,0,0,0,145.88452499999983
1778779800,178.74,179.99,178.69,179.47,,,,,,,0,0,0,0,0,0,146.07117499999984
1778851800,176.16,178.03,174.62,177.985,,,,,,,0,0,0,0,0,0,146.25349999999983
1778866200,177.98,178.7,176.2,176.3,,,,,,,0,0,0,0,0,0,146.41324999999983
1779111000,177.59,177.84,172.15,173.44,,,,,,,0,0,0,0,0,0,146.55749999999983
1779125400,173.46,174.51,171.93,174.37,,,,,,,0,0,0,0,0,0,146.70389999999986
1779197400,172.755,175.18,170.84,174.7,,,,,,,0,0,0,0,0,0,146.85164999999984
1779211800,174.7,175,172.75,173.24,,,,,,,0,0,0,0,0,0,146.99009999999984
1779283800,174.665,177.24,173.94,176.36,,,,,,,0,0,0,0,0,0,147.14234999999985
1779298200,176.39,177.18,176.175,177.12,,,,,,,0,0,0,0,0,0,147.29634999999985
1779370200,175.96,178.39,175.95,177.9,,,,,,,0,0,0,0,0,0,147.45229999999984
1779384600,177.92,178.99,177.22,178.48,,,,,,,0,0,0,0,0,0,147.61204999999984
1779456600,180.13,181.66,179.57,181.62,,,,,,,0,0,0,0,0,0,147.79224999999985
1779471000,181.68,181.73,180.21,180.35,,,,,,,0,0,0,0,0,0,147.9643999999998
1779802200,183.28,186,182.57,184.6,,,,,,,0,0,0,0,0,0,148.15814999999984
1779816600,184.62,185.54,184.53,185.17,,,,,,,0,0,0,0,0,0,148.35689999999985
1779888600,186.19,186.26,182.55,183.67,,,,,,,0,0,0,0,0,0,148.55054999999982
1779903000,183.68,184.57,183.47,184.41,,,,,,,0,0,0,0,0,0,148.75279999999984
1779975000,184.83,187.58,183.81,187.1,,,,,,,0,0,0,0,0,0,148.96934999999982
1779989400,187.13,187.47,186.67,186.89,,,,,,,0,0,0,0,0,0,149.18234999999984
1780061400,189.61,191.63,189.2,190.33,,,,,,,0,0,0,0,0,0,149.41039999999984
1780075800,190.3,191.23,189.58,191.01,,,,,,,0,0,0,0,0,0,149.64219999999986
1780320600,192.32,195.765,191.16,195.65,,,,,,,0,0,0,0,0,0,149.88934999999984
1780335000,195.66,196.49,195.37,195.77,,,,,,,0,0,0,0,0,0,150.13499999999985
1780407000,196.42,197.85,195.74,197.04,,,,,,,0,0,0,0,0,0,150.38509999999985
1780421400,197.06,198.31,196.77,198.16,,,,,,,0,0,0,0,0,0,150.64324999999985
1780493400,198.35,198.71,194.53,195.8,,,,,,,0,0,0,0,0,0,150.90154999999984
1780507800,195.785,197.03,195.58,196.3,,,,,,,0,0,0,0,0,0,151.16194999999985
1780579800,191.52,193.56,189.69,193.51,,,,,,,0,0,0,0,0,0,151.40009999999987
1780594200,193.51,194.74,193.1,193.14,,,,,,,0,0,0,0,0,0,151.63504999999986
1780666200,188.9,189.25,182.31,183.25,,,,,,,0,0,0,0,0,0,151.81564999999986
1780680600,183.25,183.88,179.8,180.3,,,,,,,0,0,0,0,0,0,151.98324999999986
1780925400,185.24,186.7,183.19,185.38,,,,,,,0,0,0,0,0,0,152.17819999999986
1780939800,185.38,185.56,183.49,184.25,,,,,,,1,0,0,0,0,0,152.36709999999985
1781011800,186.05,187.08,172.89,177.46,,,,,,,1,0,0,0,0,0,152.53524999999988
1781026200,177.45,180.86,177.04,180.74,,,,,,,1,0,0,0,0,0,152.71539999999987
1781098200,178.1,182.4,176.95,177.61,,,,,,,1,0,0,0,0,0,152.8683999999999
1781112600,177.65,179.04,176.15,176.52,,,,,,,0,0,0,0,0,0,153.0236999999999
1781184600,177.735,180.61,176.5,179.87,,,,,,,0,0,0,0,0,0,153.1936999999999
1781199000,179.31,183.66,179.31,183.23,,,,,,,0,0,0,0,0,0,153.3817999999999
1781271000,183.3,185.84,181.66,185.48,,,,,,,0,0,0,0,0,0,153.59629999999993
1781285400,185.5,185.59,184.34,184.83,,,,184.92,184.92,,0,1,0,0,0,0,153.81124999999992
1781530200,190.4,192.08,189.75,191.73,,,,,,,0,0,0,0,0,0,154.05749999999992
1781544600,191.74,191.87,191.23,191.85,,,,,,,0,0,0,0,0,0,154.2975499999999
1781616600,191.18,192.23,187,188.19,,,,,,,0,0,0,0,0,0,154.5125499999999
1781631000,188.18,188.65,186.43,186.49,,,,,,,0,0,0,0,0,0,154.72044999999991
1781703000,189.005,189.53,187.49,188.92,,,,,,,0,0,0,0,0,0,154.9391999999999
1781717400,188.92,189.98,185.3,185.76,,,,,,,0,0,0,0,0,0,155.1426999999999
1781789400,190.45,191.61,189.39,191.33,,,,,,,0,0,0,0,0,0,155.36659999999992
1781803800,191.35,191.995,191.02,191.33,,,,,,,0,0,0,0,0,0,155.5926499999999
1782135000,192.71,194.31,190.86,191.79,,,,,,,0,0,0,0,0,0,155.8097499999999
1782149400,191.79,192.25,191.24,192.04,,,,,,,1,0,0,0,0,0,156.0295999999999
1782221400,184.62,187.26,183.72,186.06,,,,,,,1,0,0,0,0,0,156.2142999999999
1782235800,186.02,186.2,183.7,184.16,,,,,,,1,0,0,0,0,0,156.3891499999999
1782307800,184.16,185.66,182.02,182.06,,,,,,,1,0,0,0,0,0,156.5714999999999
1782322200,182.1,183.2,180.79,183.05,,,,,,,1,0,0,0,0,0,156.75269999999992
1782394200,188.14,188.41,180.38,184.57,,,,,,,1,0,0,0,0,0,156.9543499999999
1782408600,184.57,185.52,183.22,184.61,,,,,,,1,0,0,0,0,0,157.1578999999999
1782480600,181.165,183.11,179.75,182.69,,,,,,,1,0,0,0,0,0,157.34179999999992
1782495000,182.71,183,180.9,181.05,,,,,,,1,0,0,0,0,0,157.5207499999999
1782739800,183.17,185.09,178.67,185.07,,,,,,,1,0,0,0,0,0,157.7414499999999
1782754200,185.06,185.66,184.77,185.43,,,,,,,1,0,0,0,0,0,157.9584749999999
1782826200,185.855,190.02,185.63,189.9,,,,,,,1,0,0,0,0,0,158.22112499999992
1782840600,189.91,190.93,189.79,190.43,,,,,,,1,0,0,0,0,0,158.4828249999999
1782912600,187,187.98,185.69,186.64,,,,,,,1,0,0,0,0,0,158.7338749999999
1782927000,186.63,187.045,185.38,185.65,,,,,,,1,0,0,0,0,0,158.9841249999999
1782999000,185.51,187.39,179.42,179.87,,,,,,,1,0,0,0,0,0,159.1802499999999
1783013400,179.855,180.7,178.72,180.57,,,,,,,1,0,0,0,0,0,159.3777999999999
1783344600,182.61,185.71,182.04,183.88,,,,,,,1,0,0,0,0,0,159.5807999999999
1783359000,183.87,184.4,183.3,183.59,,,,,,,1,0,0,0,0,0,159.78219999999988
1783431000,179.72,180.71,176.37,180.28,,,,,,,0,0,0,0,0,0,159.96829999999989
1783445400,180.32,180.65,178,179.14,,,,179.26333333333332,179.26333333333332,,0,1,0,0,0,0,160.15129999999988
1783517400,177.33,181.07,177.14,181.05,,,,180.0494402854219,179.11518492685985,,0,0,0,0,0,0,160.34129999999988
1783531800,181.07,181.64,180.21,181.37,,,,181.22462910815688,178.60681123642547,,0,0,0,0,0,0,160.5334999999999
1783603800,184.9,186.38,183.59,186.33,,,,,,,0,0,0,0,0,0,160.76724999999988
1783618200,186.35,186.4,185,185.31,,,,,,,0,0,0,0,0,0,160.9979499999999
1783690200,184.005,186.05,183.08,186.03,,,,,,,0,0,0,0,0,0,161.2259499999999
1783704600,186.09,186.23,185.6,185.8,,,,,,,0,0,0,0,0,0,161.4570999999999
1783949400,183.31,183.9,181.15,181.45,,,,,,,0,0,0,0,0,0,161.6662999999999
1783963800,181.48,181.71,180.53,181.28,,,,181.17333872812992,181.17332793853672,,0,1,0,0,0,0,161.87514999999988
1784035800,183.81,184.33,181.36,184.13,,,,184.5019381226401,180.4032968161391,,0,0,0,0,0,0,162.08724999999987
1784050200,184.18,184.43,183.29,183.59,,,,184.84320958423083,180.61498396037732,,0,0,0,0,0,0,162.30059999999986
1784122200,185.2,185.24,178.23,180.42,,,,184.31659032123102,180.0007992664799,,0,1,0,0,0,0,162.50489999999988
1784136600,180.43,181.76,180.36,181.62,,,,184.08728468380843,179.92210348475396,,0,0,0,0,0,0,162.7120499999999
1784208600,179.08,179.43,176.79,177.56,,,,184.95169352187645,177.3358296531032,,0,0,0,0,0,0,162.8985249999999
1784223000,177.59,177.96,176.4,177.47,,,,185.04723846520727,176.3074577514605,,0,0,0,0,0,0,163.08137499999987
1784295000,172.85,177.87,171.33,177.82,,,,185.25962126680787,174.0106204760479,,0,0,0,0,0,0,163.27487499999987
1784309400,177.8,177.92,175.07,175.59,,,,185.0566230826381,173.63268048665316,,0,0,0,0,0,0,163.4600249999999
1784554200,177.4,178.7,175.87,177,,,,184.71183710575144,173.56002727821044,,0,0,0,0,0,0,163.64272499999987
1784568600,177.04,177.52,175.51,175.7,,,,184.55770739806258,173.40042526803313,,0,0,0,0,0,0,163.81957499999987
1784640600,179.44,180.81,178.15,180.51,,,,184.36084115318621,173.78341134641644,,0,0,0,0,0,0,164.00717499999985
1784655000,180.54,181.02,180.28,180.7,,,,184.35131306792272,173.98048933510609,,0,0,0,0,0,0,164.19552499999983
1784727000,178.155,181.42,178.155,180.99,,,,184.28538706895787,174.15735657411122,,0,0,0,0,0,0,164.40142499999985
1784741400,180.97,181.08,180.22,180.25,,,,184.26013306352445,174.28881084186514,,0,0,0,0,0,0,164.59772499999985
1784813400,178.83,180.4,177.2,178.85,,,,184.0828262639749,174.41029869042077,,0,0,0,0,0,0,164.79947499999983
1784827800,178.76,178.8,177.39,178.42,,,,183.9227233556186,174.46112198157886,,0,0,0,0,0,0,164.99777499999985
1784899800,177.82,179.01,175.65,177.91,,,,183.7205183956529,174.4345461674621,,0,0,0,0,0,0,165.18957499999985
1784914200,177.91,178.17,175.05,175.88,,,,183.61441142084345,174.2578862232529,,0,0,0,0,0,0,165.37142499999985
1785159000,177.96,178.19,171.72,172.62,,,,183.72065114186063,173.5578258802127,,0,0,0,0,0,0,165.54542499999985
1785173400,172.64,174.82,172.63,174.3,,,,183.7578381218249,173.20363103852415,,0,0,0,0,0,0,165.72922499999987
1785245400,171.09,172.16,167.54,171.42,,,,184.58114710279074,170.96772886598058,,0,0,0,0,0,0,165.88537499999984
1785259800,171.4,171.97,170.8,171.03,,,,184.65178467533417,170.40467343987143,,0,0,0,0,0,0,166.0413249999998
1785331800,171.085,172.01,166.95,168.78,,,,185.005973836887,168.93191714011317,,0,0,0,0,0,0,166.1938249999998
1785346200,168.77,172.51,166.47,166.52,,,,185.2763263741685,167.15605389131247,,0,0,0,0,0,0,166.3256499999998
1785418200,172.725,175.96,172.18,175.32,,,,184.82189960463978,167.3357515793585,,0,0,0,0,0,0,166.50804999999983
1785432600,175.33,176.09,174.95,175.67,,,,184.6141909072494,167.5000572837459,,0,0,0,0,0,0,166.70009999999985
1785504600,177.4,178.62,172.7,175.81,,,,184.4218898945477,167.6636063569975,,0,0,0,0,0,0,166.8920999999998
1785519000,175.79,176.21,175.061,175.27,,,,184.32110127355344,167.74158389175238,,0,0,0,0,0,0,167.0695999999998
1785763800,174.37,178.13,173.04,178.08,,,,184.20582392202698,167.88050991825986,,0,0,0,0,0,0,167.25329999999983
1785778200,178.1,178.92,177.84,178.09,,,,184.19046390715727,168.001324904088,,0,0,0,0,0,0,167.44484999999983